497.939 104.366 60.444 146 0 0
497.942 104.365 60.444 153 0 0
497.944 104.365 60.443 160 0 0
497.954 104.360 60.442 189 0 0
497.957 104.359 60.442 212 0 0
497.962 104.358 60.442 197 0 0
497.911 104.378 60.444 147 0 0
497.914 104.375 60.444 155 0 0
497.917 104.373 60.443 163 0 0
497.919 104.374 60.443 168 0 0
497.922 104.373 60.443 184 0 0
497.927 104.370 60.442 203 0 0
497.929 104.370 60.442 209 0 0
497.937 104.367 60.442 220 0 0
497.940 104.364 60.441 236 0 0
497.942 104.365 60.441 234 0 0
497.945 104.363 60.441 234 0 0
497.947 104.362 60.441 238 0 0
497.950 104.361 60.440 239 0 0
497.952 104.361 60.440 234 0 0
497.954 104.360 60.440 235 0 0
497.957 104.360 60.440 234 0 0
497.960 104.357 60.439 223 0 0
497.962 104.357 60.439 212 0 0
497.889 104.384 60.444 144 0 0
497.892 104.383 60.443 147 0 0
497.894 104.383 60.443 151 0 0
497.897 104.380 60.443 160 0 0
497.899 104.380 60.443 166 0 0
497.902 104.379 60.442 183 0 0
497.904 104.378 60.442 189 0 0
497.907 104.377 60.442 197 0 0
497.912 104.375 60.441 219 0 0
497.914 104.374 60.441 226 0 0
497.917 104.374 60.441 232 0 0
497.919 104.373 60.441 231 0 0
497.922 104.370 60.440 236 0 0
497.925 104.370 60.440 238 0 0
497.927 104.369 60.440 237 0 0
497.929 104.370 60.440 236 0 0
497.932 104.367 60.440 242 0 0
497.935 104.367 60.439 231 0 0
497.937 104.366 60.439 239 0 0
497.939 104.367 60.439 237 0 0
497.942 104.365 60.439 240 0 0
497.944 104.364 60.439 247 0 0
497.947 104.363 60.438 241 0 0
497.949 104.362 60.438 249 0 0
497.952 104.361 60.438 249 0 0
497.954 104.360 60.438 247 0 0
497.957 104.358 60.437 237 0 0
497.959 104.359 60.437 229 0 0
497.962 104.358 60.437 220 0 0
497.871 104.392 60.443 179 0 0
497.874 104.389 60.443 184 0 0
497.877 104.387 60.442 199 0 0
497.879 104.388 60.442 206 0 0
497.882 104.387 60.442 212 0 0
497.884 104.385 60.442 216 0 0
497.887 104.385 60.442 218 0 0
497.889 104.383 60.441 221 0 0
497.892 104.382 60.441 225 0 0
497.895 104.381 60.441 226 0 0
497.897 104.381 60.441 229 0 0
497.900 104.379 60.440 228 0 0
497.902 104.379 60.440 240 0 0
497.904 104.379 60.440 246 0 0
497.907 104.378 60.440 229 0 0
497.910 104.376 60.439 229 0 0
497.912 104.374 60.439 231 0 0
497.914 104.374 60.439 236 0 0
497.917 104.373 60.439 229 0 0
497.920 104.372 60.438 232 0 0
497.922 104.372 60.438 244 0 0
497.925 104.370 60.438 244 0 0
497.927 104.369 60.438 249 0 0
497.929 104.370 60.438 247 0 0
497.932 104.368 60.437 240 0 0
497.935 104.367 60.437 234 0 0
497.937 104.366 60.437 236 0 0
497.939 104.367 60.437 242 0 0
497.942 104.364 60.437 242 0 0
497.945 104.364 60.436 237 0 0
497.947 104.363 60.436 240 0 0
497.949 104.362 60.436 241 0 0
497.952 104.362 60.436 249 0 0
497.954 104.361 60.436 242 0 0
497.957 104.359 60.435 237 0 0
497.959 104.359 60.435 237 0 0
497.962 104.357 60.435 222 0 0
497.867 104.392 60.441 229 0 0
497.869 104.390 60.441 236 0 0
497.872 104.389 60.441 231 0 0
497.874 104.388 60.440 231 0 0
497.877 104.388 60.440 240 0 0
497.879 104.387 60.440 237 0 0
497.882 104.385 60.440 223 0 0
497.884 104.385 60.440 224 0 0
497.887 104.385 60.439 225 0 0
497.890 104.383 60.439 227 0 0
497.892 104.381 60.439 231 0 0
497.894 104.382 60.439 249 0 0
497.897 104.381 60.438 240 0 0
497.899 104.380 60.438 248 0 0
497.902 104.379 60.438 245 0 0
497.905 104.377 60.438 234 0 0
497.907 104.377 60.437 231 0 0
497.910 104.376 60.437 234 0 0
497.912 104.374 60.437 236 0 0
497.914 104.375 60.437 247 0 0
497.917 104.373 60.437 241 0 0
497.920 104.371 60.436 230 0 0
497.922 104.372 60.436 237 0 0
497.924 104.371 60.436 244 0 0
497.927 104.370 60.436 248 0 0
497.929 104.370 60.436 244 0 0
497.932 104.369 60.435 240 0 0
497.935 104.367 60.435 246 0 0
497.937 104.366 60.435 238 0 0
497.939 104.366 60.435 249 0 0
497.942 104.366 60.435 245 0 0
497.944 104.364 60.434 233 0 0
497.947 104.364 60.434 241 0 0
497.949 104.363 60.434 244 0 0
497.952 104.362 60.434 238 0 0
497.954 104.360 60.433 245 0 0
497.957 104.360 60.433 242 0 0
497.959 104.358 60.433 235 0 0
497.962 104.356 60.432 217 0 0
497.849 104.397 60.440 236 0 0
497.851 104.399 60.440 240 0 0
497.854 104.397 60.440 244 0 0
497.857 104.394 60.440 229 0 0
497.859 104.395 60.440 230 0 0
497.864 104.392 60.439 239 0 0
497.867 104.392 60.439 242 0 0
497.869 104.390 60.438 247 0 0
497.872 104.390 60.438 245 0 0
497.874 104.388 60.438 237 0 0
497.877 104.388 60.438 233 0 0
497.879 104.387 60.438 236 0 0
497.882 104.386 60.437 234 0 0
497.885 104.384 60.437 231 0 0
497.887 104.383 60.437 222 0 0
497.890 104.382 60.437 223 0 0
497.892 104.382 60.437 229 0 0
497.894 104.383 60.436 243 0 0
497.897 104.382 60.436 245 0 0
497.900 104.379 60.436 246 0 0
497.902 104.379 60.436 239 0 0
497.905 104.378 60.435 234 0 0
497.907 104.377 60.435 232 0 0
497.909 104.377 60.435 238 0 0
497.912 104.374 60.435 235 0 0
497.915 104.373 60.434 246 0 0
497.917 104.374 60.434 246 0 0
497.920 104.372 60.434 238 0 0
497.922 104.372 60.434 236 0 0
497.924 104.371 60.434 236 0 0
497.927 104.371 60.433 239 0 0
497.930 104.369 60.433 241 0 0
497.932 104.369 60.433 236 0 0
497.934 104.368 60.433 236 0 0
497.937 104.367 60.433 238 0 0
497.939 104.366 60.432 241 0 0
497.942 104.365 60.432 236 0 0
497.945 104.364 60.432 236 0 0
497.947 104.363 60.432 242 0 0
497.949 104.363 60.432 244 0 0
497.951 104.363 60.431 241 0 0
497.954 104.361 60.431 245 0 0
497.957 104.358 60.431 247 0 0
497.959 104.358 60.430 247 0 0
497.962 104.356 60.430 219 0 0
497.816 104.410 60.441 236 0 0
497.818 104.409 60.441 225 0 0
497.821 104.407 60.441 231 0 0
497.824 104.406 60.440 240 0 0
497.826 104.406 60.440 236 0 0
497.829 104.405 60.440 240 0 0
497.834 104.402 60.439 230 0 0
497.836 104.403 60.439 241 0 0
497.839 104.401 60.439 244 0 0
497.846 104.398 60.438 243 0 0
497.849 104.397 60.438 229 0 0
497.851 104.398 60.438 237 0 0
497.854 104.396 60.438 237 0 0
497.857 104.396 60.437 233 0 0
497.859 104.394 60.437 236 0 0
497.862 104.393 60.437 233 0 0
497.864 104.392 60.437 238 0 0
497.866 104.392 60.437 248 0 0
497.869 104.391 60.436 244 0 0
497.872 104.391 60.436 245 0 0
497.874 104.390 60.436 241 0 0
497.877 104.388 60.436 240 0 0
497.879 104.388 60.435 243 0 0
497.882 104.386 60.435 232 0 0
497.884 104.386 60.435 236 0 0
497.887 104.385 60.435 232 0 0
497.890 104.383 60.434 226 0 0
497.892 104.384 60.434 239 0 0
497.894 104.382 60.434 248 0 0
497.897 104.381 60.434 251 0 0
497.899 104.381 60.434 245 0 0
497.902 104.378 60.433 236 0 0
497.904 104.378 60.433 227 0 0
497.907 104.378 60.433 237 0 0
497.910 104.376 60.433 240 0 0
497.912 104.375 60.432 241 0 0
497.914 104.374 60.432 248 0 0
497.917 104.374 60.432 247 0 0
497.919 104.373 60.432 248 0 0
497.922 104.372 60.432 245 0 0
497.924 104.371 60.431 233 0 0
497.927 104.371 60.431 242 0 0
497.930 104.369 60.431 238 0 0
497.932 104.369 60.431 248 0 0
497.934 104.369 60.431 243 0 0
497.937 104.366 60.430 233 0 0
497.939 104.366 60.430 240 0 0
497.942 104.365 60.430 246 0 0
497.945 104.364 60.430 244 0 0
497.947 104.364 60.430 245 0 0
497.949 104.363 60.429 240 0 0
497.951 104.362 60.429 239 0 0
497.954 104.361 60.429 246 0 0
497.957 104.360 60.429 250 0 0
497.959 104.358 60.428 246 0 0
497.962 104.357 60.428 233 0 0
497.785 104.421 60.442 226 0 0
497.787 104.420 60.441 238 0 0
497.790 104.420 60.441 240 0 0
497.798 104.414 60.440 239 0 0
497.800 104.415 60.440 243 0 0
497.803 104.413 60.440 238 0 0
497.806 104.412 60.440 246 0 0
497.808 104.412 60.440 241 0 0
497.811 104.410 60.439 236 0 0
497.813 104.411 60.439 244 0 0
497.816 104.409 60.439 241 0 0
497.819 104.407 60.438 237 0 0
497.821 104.406 60.438 241 0 0
497.823 104.407 60.438 241 0 0
497.827 104.404 60.438 238 0 0
497.829 104.405 60.438 235 0 0
497.831 104.404 60.437 245 0 0
497.834 104.403 60.437 247 0 0
497.836 104.403 60.437 244 0 0
497.839 104.402 60.437 240 0 0
497.841 104.401 60.437 243 0 0
497.844 104.399 60.436 239 0 0
497.846 104.398 60.436 241 0 0
497.849 104.397 60.436 234 0 0
497.851 104.397 60.436 239 0 0
497.854 104.396 60.435 247 0 0
497.856 104.397 60.435 242 0 0
497.859 104.394 60.435 237 0 0
497.862 104.394 60.435 235 0 0
497.864 104.393 60.435 247 0 0
497.866 104.393 60.434 249 0 0
497.870 104.390 60.434 238 0 0
497.872 104.390 60.434 244 0 0
497.874 104.389 60.434 237 0 0
497.877 104.388 60.433 243 0 0
497.879 104.387 60.433 239 0 0
497.882 104.386 60.433 235 0 0
497.884 104.386 60.433 238 0 0
497.887 104.385 60.432 235 0 0
497.889 104.384 60.432 241 0 0
497.892 104.383 60.432 235 0 0
497.894 104.382 60.432 242 0 0
497.897 104.380 60.431 241 0 0
497.900 104.379 60.431 247 0 0
497.902 104.378 60.431 239 0 0
497.904 104.379 60.431 230 0 0
497.907 104.377 60.431 243 0 0
497.910 104.376 60.430 243 0 0
497.912 104.375 60.430 248 0 0
497.914 104.375 60.430 237 0 0
497.917 104.373 60.430 238 0 0
497.919 104.374 60.430 242 0 0
497.922 104.372 60.429 245 0 0
497.925 104.371 60.429 247 0 0
497.927 104.371 60.429 244 0 0
497.929 104.370 60.429 249 0 0
497.932 104.369 60.428 251 0 0
497.934 104.369 60.428 244 0 0
497.937 104.368 60.428 236 0 0
497.939 104.366 60.428 247 0 0
497.942 104.365 60.428 247 0 0
497.944 104.364 60.427 247 0 0
497.947 104.364 60.427 244 0 0
497.949 104.363 60.427 243 0 0
497.951 104.362 60.427 242 0 0
497.954 104.361 60.427 248 0 0
497.957 104.360 60.426 240 0 0
497.959 104.358 60.426 245 0 0
497.962 104.356 60.426 220 0 0
497.767 104.426 60.441 244 0 0
497.770 104.424 60.440 242 0 0
497.772 104.423 60.440 234 0 0
497.783 104.420 60.439 241 0 0
497.785 104.419 60.439 237 0 0
497.788 104.419 60.439 246 0 0
497.793 104.415 60.438 235 0 0
497.796 104.416 60.438 236 0 0
497.798 104.414 60.438 243 0 0
497.801 104.414 60.438 241 0 0
497.804 104.412 60.437 240 0 0
497.806 104.412 60.437 246 0 0
497.808 104.413 60.437 247 0 0
497.811 104.410 60.437 248 0 0
497.814 104.409 60.437 235 0 0
497.816 104.409 60.436 236 0 0
497.819 104.408 60.436 237 0 0
497.821 104.407 60.436 234 0 0
497.823 104.408 60.436 237 0 0
497.826 104.405 60.435 235 0 0
497.829 104.404 60.435 230 0 0
497.831 104.404 60.435 242 0 0
497.834 104.403 60.435 234 0 0
497.836 104.401 60.435 241 0 0
497.839 104.400 60.434 241 0 0
497.841 104.400 60.434 244 0 0
497.844 104.399 60.434 239 0 0
497.846 104.400 60.434 242 0 0
497.849 104.397 60.433 241 0 0
497.852 104.397 60.433 243 0 0
497.854 104.395 60.433 241 0 0
497.856 104.396 60.433 242 0 0
497.859 104.394 60.433 239 0 0
497.862 104.393 60.432 238 0 0
497.864 104.392 60.432 240 0 0
497.866 104.393 60.432 243 0 0
497.869 104.390 60.432 243 0 0
497.872 104.389 60.431 239 0 0
497.874 104.389 60.431 237 0 0
497.877 104.388 60.431 236 0 0
497.879 104.387 60.431 240 0 0
497.882 104.387 60.431 240 0 0
497.884 104.385 60.430 242 0 0
497.887 104.384 60.430 242 0 0
497.890 104.383 60.430 248 0 0
497.892 104.384 60.430 232 0 0
497.895 104.381 60.429 227 0 0
497.897 104.380 60.429 226 0 0
497.899 104.381 60.429 242 0 0
497.902 104.379 60.429 242 0 0
497.905 104.378 60.428 241 0 0
497.907 104.376 60.428 244 0 0
497.910 104.376 60.428 241 0 0
497.912 104.376 60.428 249 0 0
497.914 104.376 60.428 242 0 0
497.917 104.373 60.427 237 0 0
497.920 104.372 60.427 242 0 0
497.922 104.372 60.427 238 0 0
497.924 104.371 60.427 242 0 0
497.927 104.371 60.427 243 0 0
497.930 104.369 60.426 244 0 0
497.932 104.368 60.426 250 0 0
497.934 104.368 60.426 242 0 0
497.937 104.367 60.426 244 0 0
497.939 104.366 60.426 244 0 0
497.942 104.366 60.425 242 0 0
497.944 104.365 60.425 242 0 0
497.947 104.364 60.425 243 0 0
497.949 104.363 60.425 236 0 0
497.951 104.363 60.425 234 0 0
497.954 104.362 60.424 241 0 0
497.957 104.360 60.424 238 0 0
497.959 104.359 60.424 237 0 0
497.962 104.356 60.423 216 0 0
497.764 104.428 60.439 226 0 0
497.767 104.425 60.438 242 0 0
497.770 104.424 60.438 238 0 0
497.772 104.424 60.438 241 0 0
497.775 104.424 60.438 236 0 0
497.777 104.422 60.438 241 0 0
497.780 104.421 60.437 240 0 0
497.783 104.419 60.437 236 0 0
497.785 104.419 60.437 236 0 0
497.788 104.419 60.437 239 0 0
497.791 104.416 60.436 244 0 0
497.793 104.416 60.436 250 0 0
497.795 104.416 60.436 246 0 0
497.798 104.414 60.436 242 0 0
497.801 104.413 60.435 242 0 0
497.803 104.413 60.435 236 0 0
497.806 104.412 60.435 246 0 0
497.808 104.412 60.435 233 0 0
497.811 104.410 60.434 240 0 0
497.814 104.408 60.434 232 0 0
497.816 104.408 60.434 241 0 0
497.819 104.407 60.434 244 0 0
497.821 104.408 60.434 240 0 0
497.824 104.406 60.433 242 0 0
497.826 104.406 60.433 235 0 0
497.829 104.404 60.433 234 0 0
497.832 104.403 60.433 238 0 0
497.834 104.401 60.432 237 0 0
497.836 104.401 60.432 246 0 0
497.839 104.402 60.432 241 0 0
497.841 104.400 60.432 241 0 0
497.844 104.400 60.432 245 0 0
497.846 104.398 60.431 246 0 0
497.849 104.397 60.431 236 0 0
497.851 104.398 60.431 233 0 0
497.854 104.395 60.431 233 0 0
497.857 104.395 60.430 244 0 0
497.859 104.395 60.430 234 0 0
497.862 104.393 60.430 243 0 0
497.864 104.394 60.430 242 0 0
497.867 104.392 60.430 237 0 0
497.869 104.391 60.429 243 0 0
497.872 104.389 60.429 235 0 0
497.874 104.388 60.429 232 0 0
497.877 104.389 60.429 235 0 0
497.879 104.387 60.429 234 0 0
497.882 104.387 60.428 237 0 0
497.885 104.384 60.428 248 0 0
497.887 104.384 60.428 237 0 0
497.889 104.384 60.428 233 0 0
497.892 104.382 60.427 234 0 0
497.894 104.382 60.427 237 0 0
497.897 104.381 60.427 235 0 0
497.899 104.380 60.427 242 0 0
497.902 104.379 60.427 241 0 0
497.905 104.377 60.426 231 0 0
497.907 104.377 60.426 244 0 0
497.910 104.376 60.426 250 0 0
497.912 104.376 60.426 248 0 0
497.914 104.375 60.425 245 0 0
497.917 104.375 60.425 233 0 0
497.920 104.372 60.425 234 0 0
497.922 104.373 60.425 234 0 0
497.924 104.372 60.425 242 0 0
497.927 104.370 60.424 239 0 0
497.930 104.369 60.424 241 0 0
497.932 104.369 60.424 240 0 0
497.935 104.367 60.424 248 0 0
497.937 104.368 60.424 237 0 0
497.939 104.365 60.423 241 0 0
497.942 104.365 60.423 249 0 0
497.944 104.364 60.423 249 0 0
497.947 104.364 60.423 245 0 0
497.949 104.363 60.422 241 0 0
497.951 104.363 60.422 238 0 0
497.954 104.362 60.422 241 0 0
497.956 104.361 60.422 241 0 0
497.959 104.359 60.422 241 0 0
497.962 104.358 60.421 217 0 0
497.763 104.431 60.437 222 0 0
497.767 104.426 60.436 243 0 0
497.770 104.425 60.436 242 0 0
497.772 104.424 60.436 236 0 0
497.775 104.423 60.435 245 0 0
497.778 104.420 60.435 244 0 0
497.780 104.420 60.435 233 0 0
497.783 104.419 60.434 241 0 0
497.786 104.419 60.434 233 0 0
497.788 104.418 60.434 243 0 0
497.791 104.417 60.434 239 0 0
497.793 104.417 60.434 242 0 0
497.796 104.415 60.433 244 0 0
497.798 104.415 60.433 231 0 0
497.801 104.414 60.433 248 0 0
497.803 104.413 60.433 250 0 0
497.806 104.412 60.433 250 0 0
497.808 104.411 60.432 236 0 0
497.811 104.410 60.432 235 0 0
497.814 104.409 60.432 232 0 0
497.816 104.408 60.432 237 0 0
497.819 104.408 60.432 243 0 0
497.821 104.407 60.431 243 0 0
497.823 104.407 60.431 244 0 0
497.826 104.405 60.431 239 0 0
497.829 104.405 60.431 246 0 0
497.831 104.403 60.430 236 0 0
497.834 104.402 60.430 237 0 0
497.836 104.403 60.430 236 0 0
497.839 104.400 60.430 234 0 0
497.842 104.399 60.429 235 0 0
497.844 104.400 60.429 243 0 0
497.846 104.400 60.429 246 0 0
497.849 104.398 60.429 239 0 0
497.852 104.397 60.429 236 0 0
497.854 104.396 60.428 239 0 0
497.857 104.395 60.428 244 0 0
497.859 104.395 60.428 242 0 0
497.862 104.393 60.428 238 0 0
497.864 104.393 60.428 237 0 0
497.867 104.392 60.427 244 0 0
497.869 104.392 60.427 246 0 0
497.872 104.389 60.427 244 0 0
497.874 104.390 60.427 232 0 0
497.877 104.388 60.426 236 0 0
497.879 104.388 60.426 236 0 0
497.882 104.387 60.426 235 0 0
497.884 104.386 60.426 236 0 0
497.886 104.386 60.426 239 0 0
497.889 104.384 60.425 236 0 0
497.892 104.383 60.425 239 0 0
497.894 104.382 60.425 237 0 0
497.897 104.381 60.425 239 0 0
497.900 104.379 60.424 239 0 0
497.902 104.379 60.424 237 0 0
497.904 104.379 60.424 234 0 0
497.907 104.378 60.424 233 0 0
497.910 104.376 60.424 244 0 0
497.912 104.375 60.423 247 0 0
497.914 104.376 60.423 246 0 0
497.917 104.373 60.423 237 0 0
497.920 104.372 60.423 239 0 0
497.922 104.372 60.422 247 0 0
497.924 104.371 60.422 246 0 0
497.927 104.369 60.422 241 0 0
497.929 104.370 60.422 244 0 0
497.932 104.369 60.422 237 0 0
497.934 104.370 60.422 240 0 0
497.937 104.367 60.421 234 0 0
497.939 104.366 60.421 244 0 0
497.941 104.366 60.421 246 0 0
497.945 104.364 60.420 240 0 0
497.947 104.364 60.420 239 0 0
497.949 104.362 60.420 244 0 0
497.951 104.362 60.420 249 0 0
497.954 104.362 60.420 248 0 0
497.957 104.360 60.420 242 0 0
497.959 104.359 60.419 243 0 0
497.962 104.357 60.419 224 0 0
497.763 104.431 60.435 219 0 0
497.767 104.427 60.434 244 0 0
497.769 104.426 60.434 244 0 0
497.772 104.424 60.433 247 0 0
497.775 104.422 60.433 250 0 0
497.777 104.422 60.433 250 0 0
497.780 104.420 60.432 241 0 0
497.783 104.419 60.432 243 0 0
497.786 104.419 60.432 237 0 0
497.788 104.418 60.432 243 0 0
497.791 104.418 60.432 249 0 0
497.793 104.418 60.432 246 0 0
497.796 104.416 60.431 249 0 0
497.798 104.415 60.431 242 0 0
497.801 104.414 60.431 241 0 0
497.803 104.413 60.431 237 0 0
497.806 104.412 60.430 240 0 0
497.809 104.410 60.430 244 0 0
497.811 104.410 60.430 234 0 0
497.814 104.410 60.430 240 0 0
497.816 104.409 60.430 238 0 0
497.819 104.407 60.429 244 0 0
497.821 104.407 60.429 242 0 0
497.823 104.407 60.429 236 0 0
497.826 104.406 60.429 224 0 0
497.829 104.405 60.428 242 0 0
497.832 104.402 60.428 237 0 0
497.834 104.403 60.428 241 0 0
497.836 104.401 60.428 240 0 0
497.839 104.402 60.428 238 0 0
497.841 104.400 60.427 234 0 0
497.844 104.400 60.427 247 0 0
497.846 104.399 60.427 249 0 0
497.849 104.399 60.427 234 0 0
497.852 104.396 60.426 245 0 0
497.854 104.396 60.426 235 0 0
497.857 104.396 60.426 248 0 0
497.859 104.395 60.426 248 0 0
497.862 104.393 60.425 244 0 0
497.864 104.393 60.425 234 0 0
497.867 104.391 60.425 239 0 0
497.869 104.391 60.425 244 0 0
497.872 104.391 60.425 236 0 0
497.874 104.389 60.424 240 0 0
497.877 104.388 60.424 239 0 0
497.879 104.388 60.424 238 0 0
497.882 104.385 60.424 229 0 0
497.884 104.386 60.424 238 0 0
497.887 104.385 60.423 235 0 0
497.889 104.383 60.423 235 0 0
497.892 104.381 60.423 237 0 0
497.894 104.383 60.423 243 0 0
497.897 104.381 60.422 247 0 0
497.900 104.379 60.422 242 0 0
497.902 104.379 60.422 240 0 0
497.904 104.379 60.422 230 0 0
497.907 104.377 60.421 238 0 0
497.910 104.375 60.421 237 0 0
497.912 104.375 60.421 239 0 0
497.914 104.374 60.421 250 0 0
497.917 104.374 60.421 246 0 0
497.920 104.372 60.420 242 0 0
497.922 104.373 60.420 242 0 0
497.925 104.371 60.420 236 0 0
497.927 104.371 60.420 243 0 0
497.929 104.370 60.420 244 0 0
497.932 104.369 60.419 245 0 0
497.935 104.367 60.419 238 0 0
497.937 104.367 60.419 239 0 0
497.939 104.367 60.419 238 0 0
497.942 104.365 60.418 241 0 0
497.945 104.364 60.418 237 0 0
497.947 104.364 60.418 239 0 0
497.949 104.362 60.418 247 0 0
497.952 104.362 60.418 249 0 0
497.954 104.361 60.417 245 0 0
497.956 104.361 60.417 247 0 0
497.959 104.359 60.417 239 0 0
497.962 104.358 60.417 227 0 0
497.763 104.431 60.432 218 0 0
497.767 104.426 60.431 238 0 0
497.770 104.425 60.431 245 0 0
497.773 104.423 60.431 249 0 0
497.775 104.423 60.431 251 0 0
497.777 104.422 60.431 250 0 0
497.780 104.421 60.430 246 0 0
497.783 104.419 60.430 231 0 0
497.785 104.420 60.430 233 0 0
497.788 104.418 60.430 247 0 0
497.790 104.418 60.429 243 0 0
497.793 104.418 60.429 245 0 0
497.796 104.416 60.429 249 0 0
497.798 104.415 60.429 240 0 0
497.801 104.413 60.428 238 0 0
497.803 104.413 60.428 232 0 0
497.806 104.411 60.428 234 0 0
497.809 104.410 60.428 242 0 0
497.811 104.411 60.428 241 0 0
497.814 104.409 60.427 236 0 0
497.816 104.408 60.427 237 0 0
497.818 104.409 60.427 242 0 0
497.821 104.408 60.427 243 0 0
497.823 104.407 60.427 240 0 0
497.826 104.405 60.426 239 0 0
497.829 104.404 60.426 241 0 0
497.832 104.402 60.426 243 0 0
497.834 104.403 60.426 234 0 0
497.836 104.402 60.425 230 0 0
497.839 104.402 60.425 232 0 0
497.841 104.401 60.425 240 0 0
497.844 104.399 60.425 244 0 0
497.846 104.400 60.425 244 0 0
497.849 104.398 60.424 231 0 0
497.852 104.395 60.424 236 0 0
497.854 104.397 60.424 237 0 0
497.857 104.395 60.424 249 0 0
497.859 104.394 60.423 245 0 0
497.862 104.394 60.423 244 0 0
497.864 104.393 60.423 232 0 0
497.867 104.392 60.423 233 0 0
497.869 104.390 60.422 227 0 0
497.872 104.391 60.422 233 0 0
497.874 104.389 60.422 238 0 0
497.877 104.388 60.422 230 0 0
497.879 104.387 60.422 241 0 0
497.882 104.387 60.421 228 0 0
497.884 104.386 60.421 230 0 0
497.887 104.385 60.421 227 0 0
497.889 104.384 60.421 235 0 0
497.892 104.383 60.421 240 0 0
497.894 104.384 60.421 248 0 0
497.897 104.381 60.420 231 0 0
497.900 104.379 60.420 231 0 0
497.902 104.380 60.420 244 0 0
497.904 104.378 60.419 243 0 0
497.907 104.376 60.419 240 0 0
497.910 104.376 60.419 246 0 0
497.912 104.375 60.419 244 0 0
497.914 104.375 60.419 242 0 0
497.917 104.374 60.418 246 0 0
497.920 104.372 60.418 236 0 0
497.922 104.373 60.418 244 0 0
497.924 104.372 60.418 238 0 0
497.927 104.371 60.418 238 0 0
497.929 104.369 60.417 236 0 0
497.932 104.369 60.417 244 0 0
497.935 104.368 60.417 241 0 0
497.937 104.367 60.417 239 0 0
497.940 104.365 60.416 232 0 0
497.942 104.366 60.416 236 0 0
497.944 104.365 60.416 247 0 0
497.947 104.363 60.416 246 0 0
497.949 104.363 60.416 245 0 0
497.952 104.361 60.415 244 0 0
497.954 104.360 60.415 249 0 0
497.957 104.360 60.415 241 0 0
497.959 104.359 60.415 240 0 0
497.962 104.358 60.414 224 0 0
497.763 104.431 60.430 218 0 0
497.767 104.425 60.429 239 0 0
497.770 104.425 60.429 242 0 0
497.772 104.425 60.429 244 0 0
497.775 104.422 60.428 251 0 0
497.777 104.423 60.428 237 0 0
497.780 104.421 60.428 239 0 0
497.783 104.420 60.428 241 0 0
497.785 104.420 60.428 241 0 0
497.788 104.418 60.427 246 0 0
497.791 104.417 60.427 225 0 0
497.793 104.417 60.427 235 0 0
497.796 104.415 60.426 244 0 0
497.798 104.415 60.426 236 0 0
497.800 104.414 60.426 235 0 0
497.803 104.414 60.426 235 0 0
497.806 104.412 60.426 232 0 0
497.808 104.411 60.425 246 0 0
497.811 104.411 60.425 236 0 0
497.813 104.410 60.425 241 0 0
497.816 104.409 60.425 237 0 0
497.819 104.408 60.425 239 0 0
497.821 104.407 60.424 244 0 0
497.824 104.406 60.424 243 0 0
497.826 104.406 60.424 247 0 0
497.829 104.404 60.424 245 0 0
497.831 104.403 60.423 233 0 0
497.834 104.403 60.423 238 0 0
497.836 104.402 60.423 239 0 0
497.839 104.402 60.423 239 0 0
497.841 104.400 60.423 239 0 0
497.844 104.399 60.422 237 0 0
497.846 104.399 60.422 242 0 0
497.849 104.398 60.422 234 0 0
497.852 104.396 60.422 231 0 0
497.854 104.395 60.421 239 0 0
497.857 104.395 60.421 243 0 0
497.859 104.395 60.421 241 0 0
497.862 104.393 60.421 241 0 0
497.864 104.392 60.421 239 0 0
497.867 104.392 60.420 231 0 0
497.869 104.392 60.420 227 0 0
497.872 104.390 60.420 237 0 0
497.874 104.389 60.420 236 0 0
497.877 104.389 60.420 231 0 0
497.879 104.388 60.420 234 0 0
497.882 104.385 60.419 230 0 0
497.884 104.386 60.419 237 0 0
497.887 104.385 60.419 236 0 0
497.889 104.384 60.419 247 0 0
497.892 104.383 60.418 232 0 0
497.895 104.381 60.418 239 0 0
497.897 104.380 60.418 235 0 0
497.900 104.379 60.418 240 0 0
497.902 104.379 60.417 239 0 0
497.904 104.379 60.417 243 0 0
497.907 104.378 60.417 238 0 0
497.910 104.376 60.417 241 0 0
497.912 104.374 60.416 237 0 0
497.914 104.375 60.416 233 0 0
497.917 104.375 60.416 235 0 0
497.920 104.372 60.416 231 0 0
497.922 104.373 60.416 237 0 0
497.924 104.371 60.415 240 0 0
497.927 104.370 60.415 244 0 0
497.929 104.370 60.415 233 0 0
497.932 104.369 60.415 236 0 0
497.934 104.368 60.415 237 0 0
497.937 104.366 60.414 237 0 0
497.939 104.367 60.414 230 0 0
497.942 104.365 60.414 247 0 0
497.945 104.364 60.414 248 0 0
497.947 104.363 60.413 247 0 0
497.949 104.363 60.413 245 0 0
497.952 104.361 60.413 249 0 0
497.954 104.360 60.413 235 0 0
497.957 104.359 60.413 238 0 0
497.959 104.360 60.413 250 0 0
497.962 104.358 60.412 229 0 0
497.763 104.434 60.428 214 0 0
497.767 104.426 60.427 237 0 0
497.770 104.425 60.427 243 0 0
497.772 104.424 60.426 244 0 0
497.775 104.421 60.426 244 0 0
497.777 104.422 60.426 235 0 0
497.780 104.420 60.426 238 0 0
497.783 104.421 60.426 235 0 0
497.785 104.420 60.425 245 0 0
497.788 104.418 60.425 238 0 0
497.791 104.418 60.425 224 0 0
497.793 104.417 60.425 242 0 0
497.795 104.416 60.424 249 0 0
497.798 104.416 60.424 245 0 0
497.800 104.415 60.424 237 0 0
497.803 104.413 60.424 232 0 0
497.805 104.414 60.424 234 0 0
497.808 104.412 60.423 235 0 0
497.811 104.410 60.423 235 0 0
497.814 104.409 60.423 236 0 0
497.816 104.408 60.422 244 0 0
497.818 104.409 60.422 249 0 0
497.821 104.407 60.422 246 0 0
497.824 104.406 60.422 247 0 0
497.826 104.405 60.422 236 0 0
497.829 104.405 60.421 248 0 0
497.832 104.403 60.421 229 0 0
497.834 104.402 60.421 234 0 0
497.836 104.402 60.421 234 0 0
497.839 104.401 60.421 233 0 0
497.841 104.401 60.421 235 0 0
497.844 104.399 60.420 230 0 0
497.846 104.398 60.420 235 0 0
497.849 104.396 60.419 234 0 0
497.852 104.396 60.419 223 0 0
497.854 104.396 60.419 238 0 0
497.857 104.394 60.419 235 0 0
497.859 104.394 60.419 234 0 0
497.862 104.393 60.419 244 0 0
497.864 104.392 60.418 238 0 0
497.867 104.392 60.418 239 0 0
497.869 104.391 60.418 243 0 0
497.872 104.390 60.418 240 0 0
497.874 104.390 60.418 237 0 0
497.876 104.389 60.418 239 0 0
497.879 104.388 60.417 240 0 0
497.882 104.386 60.417 233 0 0
497.884 104.385 60.417 240 0 0
497.887 104.385 60.417 246 0 0
497.889 104.384 60.416 243 0 0
497.892 104.383 60.416 241 0 0
497.895 104.381 60.416 235 0 0
497.897 104.380 60.415 225 0 0
497.899 104.380 60.415 231 0 0
497.902 104.378 60.415 235 0 0
497.904 104.379 60.415 243 0 0
497.907 104.377 60.415 231 0 0
497.909 104.377 60.414 238 0 0
497.912 104.374 60.414 231 0 0
497.915 104.374 60.414 231 0 0
497.917 104.373 60.414 227 0 0
497.920 104.372 60.413 226 0 0
497.922 104.372 60.413 235 0 0
497.925 104.371 60.413 238 0 0
497.927 104.370 60.413 230 0 0
497.929 104.371 60.413 232 0 0
497.932 104.369 60.413 231 0 0
497.934 104.368 60.412 242 0 0
497.937 104.368 60.412 240 0 0
497.939 104.366 60.412 240 0 0
497.942 104.366 60.412 235 0 0
497.944 104.364 60.411 236 0 0
497.947 104.363 60.411 249 0 0
497.949 104.363 60.411 247 0 0
497.951 104.363 60.411 245 0 0
497.954 104.361 60.411 244 0 0
497.956 104.361 60.411 238 0 0
497.959 104.360 60.410 247 0 0
497.962 104.357 60.410 237 0 0
497.767 104.426 60.424 242 0 0
497.770 104.425 60.424 240 0 0
497.772 104.424 60.424 249 0 0
497.775 104.423 60.424 242 0 0
497.777 104.422 60.424 245 0 0
497.780 104.421 60.423 238 0 0
497.783 104.420 60.423 237 0 0
497.785 104.420 60.423 238 0 0
497.788 104.418 60.423 234 0 0
497.790 104.418 60.423 237 0 0
497.793 104.416 60.422 243 0 0
497.796 104.415 60.422 246 0 0
497.798 104.416 60.422 245 0 0
497.801 104.413 60.421 240 0 0
497.803 104.414 60.421 242 0 0
497.806 104.412 60.421 241 0 0
497.808 104.412 60.421 230 0 0
497.811 104.411 60.421 227 0 0
497.814 104.409 60.420 233 0 0
497.816 104.408 60.420 238 0 0
497.819 104.407 60.420 235 0 0
497.821 104.407 60.420 248 0 0
497.824 104.406 60.420 246 0 0
497.827 104.405 60.419 238 0 0
497.829 104.404 60.419 239 0 0
497.831 104.403 60.419 233 0 0
497.834 104.403 60.419 240 0 0
497.836 104.402 60.418 236 0 0
497.839 104.401 60.418 239 0 0
497.841 104.401 60.418 235 0 0
497.844 104.399 60.418 238 0 0
497.846 104.400 60.418 247 0 0
497.849 104.398 60.417 237 0 0
497.851 104.397 60.417 229 0 0
497.854 104.396 60.417 232 0 0
497.857 104.395 60.417 227 0 0
497.859 104.393 60.416 220 0 0
497.862 104.394 60.416 228 0 0
497.864 104.392 60.416 234 0 0
497.867 104.392 60.416 231 0 0
497.869 104.390 60.416 230 0 0
497.872 104.389 60.415 224 0 0
497.874 104.389 60.415 223 0 0
497.877 104.388 60.415 240 0 0
497.879 104.387 60.415 239 0 0
497.882 104.386 60.415 239 0 0
497.884 104.386 60.414 240 0 0
497.887 104.384 60.414 238 0 0
497.889 104.384 60.414 234 0 0
497.892 104.382 60.414 223 0 0
497.895 104.381 60.413 224 0 0
497.897 104.381 60.413 232 0 0
497.899 104.380 60.413 230 0 0
497.902 104.378 60.413 236 0 0
497.904 104.379 60.413 229 0 0
497.907 104.377 60.412 237 0 0
497.910 104.376 60.412 245 0 0
497.912 104.376 60.412 235 0 0
497.915 104.374 60.412 241 0 0
497.917 104.374 60.411 229 0 0
497.920 104.372 60.411 236 0 0
497.922 104.371 60.411 237 0 0
497.925 104.371 60.411 235 0 0
497.927 104.370 60.411 239 0 0
497.929 104.370 60.411 231 0 0
497.932 104.369 60.410 236 0 0
497.934 104.368 60.410 245 0 0
497.937 104.367 60.410 244 0 0
497.939 104.367 60.410 239 0 0
497.941 104.366 60.410 241 0 0
497.944 104.364 60.409 241 0 0
497.947 104.364 60.409 244 0 0
497.949 104.364 60.409 248 0 0
497.951 104.363 60.409 235 0 0
497.954 104.360 60.408 236 0 0
497.957 104.360 60.408 239 0 0
497.959 104.360 60.408 232 0 0
497.962 104.356 60.407 231 0 0
497.767 104.425 60.422 245 0 0
497.770 104.425 60.422 240 0 0
497.772 104.424 60.422 251 0 0
497.775 104.423 60.422 250 0 0
497.777 104.423 60.421 250 0 0
497.780 104.421 60.421 244 0 0
497.783 104.420 60.421 244 0 0
497.785 104.420 60.421 242 0 0
497.787 104.420 60.421 238 0 0
497.790 104.419 60.420 243 0 0
497.793 104.418 60.420 243 0 0
497.796 104.416 60.420 248 0 0
497.798 104.416 60.420 250 0 0
497.801 104.414 60.419 250 0 0
497.803 104.413 60.419 250 0 0
497.806 104.413 60.419 241 0 0
497.809 104.410 60.418 226 0 0
497.811 104.411 60.418 230 0 0
497.814 104.409 60.418 231 0 0
497.816 104.408 60.418 231 0 0
497.819 104.408 60.418 237 0 0
497.821 104.408 60.418 247 0 0
497.824 104.406 60.417 242 0 0
497.826 104.406 60.417 232 0 0
497.829 104.403 60.417 231 0 0
497.832 104.401 60.416 226 0 0
497.834 104.402 60.416 224 0 0
497.836 104.401 60.416 233 0 0
497.839 104.401 60.416 239 0 0
497.841 104.400 60.416 235 0 0
497.844 104.400 60.416 241 0 0
497.846 104.398 60.415 235 0 0
497.849 104.398 60.415 231 0 0
497.852 104.396 60.415 233 0 0
497.854 104.396 60.415 234 0 0
497.857 104.395 60.414 238 0 0
497.859 104.394 60.414 220 0 0
497.862 104.393 60.414 222 0 0
497.864 104.392 60.414 230 0 0
497.867 104.392 60.414 241 0 0
497.869 104.390 60.413 228 0 0
497.872 104.389 60.413 229 0 0
497.874 104.389 60.413 225 0 0
497.877 104.388 60.413 229 0 0
497.879 104.387 60.413 235 0 0
497.882 104.387 60.412 229 0 0
497.884 104.385 60.412 238 0 0
497.887 104.385 60.412 223 0 0
497.889 104.384 60.412 234 0 0
497.892 104.382 60.411 239 0 0
497.895 104.382 60.411 240 0 0
497.897 104.381 60.411 233 0 0
497.900 104.379 60.411 220 0 0
497.902 104.379 60.411 228 0 0
497.904 104.378 60.410 233 0 0
497.907 104.377 60.410 226 0 0
497.910 104.376 60.410 231 0 0
497.912 104.377 60.410 230 0 0
497.914 104.375 60.409 241 0 0
497.917 104.373 60.409 240 0 0
497.919 104.373 60.409 237 0 0
497.922 104.372 60.409 228 0 0
497.924 104.371 60.409 239 0 0
497.927 104.371 60.408 244 0 0
497.929 104.370 60.408 232 0 0
497.932 104.370 60.408 230 0 0
497.934 104.368 60.408 230 0 0
497.937 104.368 60.408 239 0 0
497.939 104.367 60.407 237 0 0
497.942 104.366 60.407 251 0 0
497.944 104.364 60.407 250 0 0
497.947 104.363 60.407 249 0 0
497.949 104.362 60.406 245 0 0
497.951 104.363 60.406 241 0 0
497.954 104.361 60.406 240 0 0
497.957 104.360 60.406 236 0 0
497.959 104.359 60.406 234 0 0
497.961 104.359 60.406 227 0 0
497.767 104.425 60.420 247 0 0
497.769 104.426 60.420 249 0 0
497.772 104.424 60.419 250 0 0
497.774 104.425 60.420 251 0 0
497.777 104.423 60.419 246 0 0
497.780 104.422 60.419 245 0 0
497.783 104.420 60.419 242 0 0
497.785 104.420 60.418 238 0 0
497.788 104.418 60.418 238 0 0
497.791 104.418 60.418 236 0 0
497.793 104.417 60.418 249 0 0
497.795 104.418 60.418 245 0 0
497.798 104.415 60.417 247 0 0
497.800 104.415 60.417 244 0 0
497.803 104.413 60.417 239 0 0
497.806 104.411 60.416 239 0 0
497.808 104.412 60.416 229 0 0
497.811 104.410 60.416 232 0 0
497.814 104.409 60.416 228 0 0
497.816 104.408 60.416 233 0 0
497.819 104.408 60.415 238 0 0
497.821 104.408 60.415 234 0 0
497.823 104.407 60.415 240 0 0
497.826 104.406 60.415 231 0 0
497.829 104.402 60.414 237 0 0
497.832 104.402 60.414 227 0 0
497.834 104.402 60.414 229 0 0
497.836 104.402 60.414 239 0 0
497.839 104.401 60.414 237 0 0
497.842 104.400 60.413 233 0 0
497.844 104.399 60.413 226 0 0
497.846 104.398 60.413 231 0 0
497.849 104.398 60.413 229 0 0
497.852 104.396 60.413 225 0 0
497.854 104.397 60.413 234 0 0
497.857 104.395 60.412 234 0 0
497.859 104.393 60.412 228 0 0
497.862 104.393 60.412 228 0 0
497.864 104.392 60.411 234 0 0
497.866 104.393 60.411 241 0 0
497.869 104.392 60.411 234 0 0
497.872 104.390 60.411 231 0 0
497.875 104.388 60.411 231 0 0
497.877 104.389 60.411 241 0 0
497.879 104.388 60.410 231 0 0
497.882 104.386 60.410 227 0 0
497.884 104.387 60.410 229 0 0
497.887 104.386 60.410 233 0 0
497.889 104.384 60.409 237 0 0
497.892 104.383 60.409 230 0 0
497.895 104.381 60.409 231 0 0
497.897 104.381 60.409 231 0 0
497.900 104.379 60.408 224 0 0
497.902 104.379 60.408 227 0 0
497.905 104.377 60.408 220 0 0
497.907 104.377 60.408 225 0 0
497.909 104.378 60.408 240 0 0
497.912 104.374 60.407 230 0 0
497.915 104.374 60.407 236 0 0
497.917 104.374 60.407 232 0 0
497.919 104.373 60.407 232 0 0
497.922 104.371 60.406 233 0 0
497.925 104.370 60.406 235 0 0
497.927 104.370 60.406 236 0 0
497.930 104.368 60.406 232 0 0
497.932 104.369 60.406 235 0 0
497.934 104.369 60.406 237 0 0
497.937 104.367 60.405 235 0 0
497.939 104.367 60.405 239 0 0
497.942 104.366 60.405 249 0 0
497.944 104.365 60.405 248 0 0
497.946 104.365 60.405 249 0 0
497.949 104.363 60.404 243 0 0
497.952 104.362 60.404 235 0 0
497.954 104.362 60.404 241 0 0
497.957 104.359 60.403 239 0 0
497.959 104.359 60.403 239 0 0
497.962 104.357 60.403 234 0 0
497.767 104.426 60.418 247 0 0
497.770 104.426 60.417 247 0 0
497.772 104.425 60.417 249 0 0
497.775 104.423 60.417 248 0 0
497.777 104.424 60.417 240 0 0
497.780 104.422 60.417 243 0 0
497.783 104.420 60.416 235 0 0
497.785 104.420 60.416 243 0 0
497.788 104.419 60.416 236 0 0
497.790 104.418 60.416 239 0 0
497.793 104.418 60.415 244 0 0
497.796 104.416 60.415 246 0 0
497.798 104.416 60.415 250 0 0
497.801 104.414 60.415 245 0 0
497.804 104.412 60.414 235 0 0
497.806 104.412 60.414 223 0 0
497.808 104.411 60.414 232 0 0
497.811 104.410 60.414 243 0 0
497.814 104.409 60.413 228 0 0
497.816 104.409 60.413 233 0 0
497.819 104.407 60.413 227 0 0
497.821 104.406 60.413 220 0 0
497.824 104.406 60.413 235 0 0
497.826 104.406 60.413 230 0 0
497.829 104.403 60.412 230 0 0
497.832 104.403 60.412 220 0 0
497.834 104.403 60.412 231 0 0
497.836 104.402 60.412 243 0 0
497.839 104.402 60.412 237 0 0
497.842 104.399 60.411 242 0 0
497.844 104.400 60.411 238 0 0
497.847 104.398 60.411 237 0 0
497.849 104.397 60.410 227 0 0
497.852 104.396 60.410 227 0 0
497.854 104.396 60.410 246 0 0
497.856 104.397 60.410 232 0 0
497.859 104.394 60.410 232 0 0
497.861 104.395 60.410 233 0 0
497.864 104.392 60.409 231 0 0
497.866 104.392 60.409 227 0 0
497.869 104.391 60.409 227 0 0
497.872 104.390 60.409 233 0 0
497.874 104.390 60.408 226 0 0
497.877 104.389 60.408 239 0 0
497.879 104.388 60.408 229 0 0
497.882 104.387 60.408 231 0 0
497.884 104.386 60.408 229 0 0
497.887 104.384 60.407 224 0 0
497.889 104.384 60.407 224 0 0
497.892 104.384 60.407 229 0 0
497.894 104.383 60.407 230 0 0
497.897 104.381 60.406 223 0 0
497.900 104.379 60.406 223 0 0
497.902 104.380 60.406 221 0 0
497.904 104.380 60.406 229 0 0
497.907 104.377 60.405 227 0 0
497.910 104.376 60.405 237 0 0
497.912 104.376 60.405 228 0 0
497.914 104.374 60.405 229 0 0
497.917 104.373 60.405 220 0 0
497.919 104.373 60.404 235 0 0
497.922 104.372 60.404 239 0 0
497.925 104.371 60.404 236 0 0
497.927 104.370 60.404 240 0 0
497.929 104.370 60.404 241 0 0
497.932 104.370 60.404 239 0 0
497.934 104.370 60.404 239 0 0
497.937 104.368 60.403 232 0 0
497.939 104.367 60.403 244 0 0
497.942 104.366 60.403 247 0 0
497.944 104.365 60.403 246 0 0
497.947 104.365 60.402 249 0 0
497.949 104.362 60.402 237 0 0
497.951 104.364 60.402 239 0 0
497.954 104.362 60.402 234 0 0
497.956 104.361 60.401 248 0 0
497.959 104.359 60.401 248 0 0
497.962 104.359 60.401 236 0 0
497.767 104.426 60.415 242 0 0
497.770 104.424 60.415 237 0 0
497.772 104.424 60.415 245 0 0
497.775 104.423 60.415 240 0 0
497.778 104.421 60.414 240 0 0
497.780 104.421 60.414 244 0 0
497.783 104.419 60.414 237 0 0
497.785 104.420 60.414 246 0 0
497.787 104.420 60.414 235 0 0
497.790 104.418 60.413 249 0 0
497.793 104.418 60.413 247 0 0
497.795 104.417 60.413 247 0 0
497.798 104.415 60.413 245 0 0
497.801 104.414 60.412 245 0 0
497.803 104.413 60.412 235 0 0
497.806 104.411 60.412 223 0 0
497.808 104.412 60.412 238 0 0
497.811 104.410 60.411 224 0 0
497.814 104.409 60.411 230 0 0
497.816 104.408 60.411 230 0 0
497.819 104.407 60.411 222 0 0
497.821 104.406 60.410 224 0 0
497.824 104.406 60.410 227 0 0
497.826 104.405 60.410 236 0 0
497.829 104.405 60.410 225 0 0
497.831 104.404 60.410 222 0 0
497.834 104.402 60.409 231 0 0
497.836 104.401 60.409 232 0 0
497.839 104.402 60.409 237 0 0
497.841 104.401 60.409 240 0 0
497.844 104.400 60.409 244 0 0
497.846 104.398 60.408 248 0 0
497.849 104.397 60.408 239 0 0
497.851 104.398 60.408 234 0 0
497.854 104.395 60.408 235 0 0
497.857 104.395 60.408 233 0 0
497.859 104.395 60.407 225 0 0
497.861 104.395 60.407 222 0 0
497.864 104.392 60.407 226 0 0
497.867 104.392 60.407 220 0 0
497.869 104.390 60.406 224 0 0
497.872 104.391 60.406 224 0 0
497.875 104.388 60.406 230 0 0
497.877 104.389 60.406 233 0 0
497.879 104.389 60.406 230 0 0
497.882 104.387 60.405 226 0 0
497.884 104.386 60.405 231 0 0
497.887 104.385 60.405 220 0 0
497.890 104.383 60.405 222 0 0
497.892 104.383 60.405 225 0 0
497.894 104.382 60.404 229 0 0
497.897 104.382 60.404 229 0 0
497.899 104.381 60.404 225 0 0
497.902 104.378 60.404 220 0 0
497.904 104.379 60.404 232 0 0
497.907 104.379 60.403 227 0 0
497.909 104.376 60.403 225 0 0
497.912 104.375 60.403 224 0 0
497.915 104.374 60.402 220 0 0
497.917 104.374 60.402 223 0 0
497.919 104.373 60.402 231 0 0
497.922 104.372 60.402 230 0 0
497.925 104.370 60.402 226 0 0
497.927 104.371 60.402 227 0 0
497.929 104.370 60.401 239 0 0
497.931 104.371 60.401 244 0 0
497.934 104.368 60.401 241 0 0
497.937 104.367 60.401 239 0 0
497.939 104.367 60.401 240 0 0
497.942 104.366 60.400 234 0 0
497.944 104.365 60.400 232 0 0
497.947 104.363 60.400 238 0 0
497.949 104.363 60.400 237 0 0
497.952 104.361 60.399 237 0 0
497.954 104.362 60.399 242 0 0
497.956 104.361 60.399 240 0 0
497.959 104.360 60.399 241 0 0
497.962 104.358 60.399 236 0 0
497.767 104.426 60.413 246 0 0
497.770 104.425 60.413 245 0 0
497.772 104.424 60.412 241 0 0
497.775 104.424 60.412 248 0 0
497.777 104.423 60.412 250 0 0
497.780 104.422 60.412 236 0 0
497.782 104.421 60.412 231 0 0
497.785 104.421 60.412 248 0 0
497.788 104.419 60.411 245 0 0
497.790 104.419 60.411 250 0 0
497.793 104.417 60.411 238 0 0
497.795 104.416 60.411 241 0 0
497.798 104.415 60.410 240 0 0
497.800 104.415 60.410 247 0 0
497.803 104.414 60.410 233 0 0
497.806 104.411 60.409 227 0 0
497.808 104.411 60.409 230 0 0
497.811 104.411 60.409 231 0 0
497.813 104.410 60.409 235 0 0
497.816 104.408 60.409 230 0 0
497.819 104.408 60.408 223 0 0
497.821 104.406 60.408 229 0 0
497.823 104.407 60.408 224 0 0
497.826 104.405 60.408 224 0 0
497.829 104.404 60.407 221 0 0
497.831 104.404 60.407 225 0 0
497.834 104.402 60.407 229 0 0
497.836 104.402 60.407 228 0 0
497.839 104.402 60.407 231 0 0
497.841 104.401 60.407 249 0 0
497.844 104.399 60.406 244 0 0
497.846 104.398 60.406 233 0 0
497.849 104.397 60.406 233 0 0
497.851 104.397 60.406 231 0 0
497.854 104.397 60.406 233 0 0
497.856 104.396 60.405 235 0 0
497.859 104.395 60.405 237 0 0
497.862 104.393 60.405 237 0 0
497.864 104.393 60.405 227 0 0
497.867 104.392 60.404 225 0 0
497.869 104.391 60.404 229 0 0
497.872 104.390 60.404 231 0 0
497.874 104.390 60.404 234 0 0
497.877 104.389 60.404 241 0 0
497.879 104.389 60.404 229 0 0
497.882 104.387 60.403 226 0 0
497.884 104.386 60.403 238 0 0
497.887 104.386 60.403 229 0 0
497.889 104.384 60.403 222 0 0
497.892 104.382 60.402 228 0 0
497.895 104.381 60.402 229 0 0
497.897 104.382 60.402 224 0 0
497.899 104.381 60.402 229 0 0
497.902 104.379 60.401 230 0 0
497.904 104.380 60.401 233 0 0
497.907 104.378 60.401 235 0 0
497.909 104.377 60.401 238 0 0
497.912 104.375 60.400 234 0 0
497.914 104.375 60.400 228 0 0
497.917 104.374 60.400 229 0 0
497.919 104.373 60.400 235 0 0
497.922 104.373 60.400 231 0 0
497.924 104.371 60.400 228 0 0
497.927 104.371 60.399 227 0 0
497.929 104.370 60.399 241 0 0
497.931 104.371 60.399 242 0 0
497.934 104.369 60.399 244 0 0
497.937 104.368 60.399 241 0 0
497.939 104.366 60.398 230 0 0
497.942 104.366 60.398 234 0 0
497.944 104.365 60.398 241 0 0
497.947 104.364 60.398 242 0 0
497.949 104.363 60.397 236 0 0
497.952 104.362 60.397 235 0 0
497.954 104.361 60.397 234 0 0
497.956 104.361 60.397 244 0 0
497.959 104.360 60.397 247 0 0
497.961 104.359 60.396 243 0 0
497.767 104.427 60.411 246 0 0
497.769 104.426 60.411 248 0 0
497.772 104.424 60.410 248 0 0
497.775 104.425 60.410 246 0 0
497.777 104.422 60.410 249 0 0
497.780 104.421 60.409 231 0 0
497.783 104.420 60.409 235 0 0
497.785 104.421 60.409 247 0 0
497.788 104.419 60.409 243 0 0
497.790 104.418 60.409 229 0 0
497.793 104.417 60.408 229 0 0
497.795 104.417 60.408 236 0 0
497.798 104.416 60.408 245 0 0
497.801 104.414 60.408 242 0 0
497.803 104.413 60.407 237 0 0
497.806 104.412 60.407 240 0 0
497.808 104.412 60.407 234 0 0
497.811 104.411 60.407 229 0 0
497.814 104.409 60.407 235 0 0
497.816 104.409 60.406 230 0 0
497.819 104.408 60.406 237 0 0
497.821 104.407 60.406 233 0 0
497.824 104.406 60.406 233 0 0
497.826 104.406 60.406 231 0 0
497.829 104.404 60.405 226 0 0
497.831 104.403 60.405 235 0 0
497.834 104.403 60.405 243 0 0
497.836 104.401 60.405 239 0 0
497.839 104.401 60.404 226 0 0
497.841 104.401 60.404 236 0 0
497.844 104.399 60.404 228 0 0
497.846 104.398 60.404 235 0 0
497.849 104.399 60.404 235 0 0
497.852 104.397 60.403 236 0 0
497.854 104.396 60.403 232 0 0
497.857 104.395 60.403 231 0 0
497.859 104.394 60.403 232 0 0
497.862 104.394 60.403 225 0 0
497.864 104.392 60.402 227 0 0
497.867 104.392 60.402 229 0 0
497.869 104.392 60.402 225 0 0
497.872 104.391 60.402 224 0 0
497.874 104.390 60.402 231 0 0
497.877 104.388 60.401 231 0 0
497.879 104.387 60.401 231 0 0
497.882 104.387 60.401 231 0 0
497.884 104.386 60.401 227 0 0
497.887 104.385 60.401 226 0 0
497.890 104.383 60.400 223 0 0
497.892 104.383 60.400 226 0 0
497.894 104.383 60.400 235 0 0
497.897 104.381 60.400 236 0 0
497.899 104.380 60.399 234 0 0
497.902 104.380 60.399 231 0 0
497.905 104.377 60.399 231 0 0
497.907 104.378 60.399 237 0 0
497.909 104.377 60.399 239 0 0
497.912 104.377 60.398 235 0 0
497.915 104.374 60.398 234 0 0
497.917 104.374 60.398 229 0 0
497.919 104.374 60.398 232 0 0
497.922 104.373 60.398 230 0 0
497.924 104.372 60.397 239 0 0
497.927 104.371 60.397 235 0 0
497.930 104.369 60.397 234 0 0
497.932 104.369 60.397 239 0 0
497.934 104.369 60.397 234 0 0
497.937 104.367 60.396 241 0 0
497.939 104.367 60.396 242 0 0
497.942 104.366 60.396 249 0 0
497.944 104.365 60.396 244 0 0
497.946 104.365 60.396 241 0 0
497.949 104.362 60.395 234 0 0
497.951 104.363 60.395 237 0 0
497.954 104.362 60.395 244 0 0
497.956 104.361 60.395 240 0 0
497.959 104.360 60.394 234 0 0
497.962 104.358 60.394 240 0 0
497.767 104.428 60.409 246 0 0
497.769 104.426 60.408 239 0 0
497.772 104.424 60.408 240 0 0
497.775 104.424 60.408 248 0 0
497.777 104.425 60.408 249 0 0
497.780 104.422 60.407 246 0 0
497.782 104.421 60.407 240 0 0
497.785 104.420 60.407 250 0 0
497.788 104.420 60.407 242 0 0
497.790 104.419 60.406 232 0 0
497.792 104.418 60.406 232 0 0
497.795 104.418 60.406 244 0 0
497.798 104.416 60.406 243 0 0
497.801 104.414 60.405 241 0 0
497.803 104.413 60.405 239 0 0
497.806 104.413 60.405 233 0 0
497.809 104.410 60.404 231 0 0
497.811 104.410 60.404 230 0 0
497.814 104.409 60.404 235 0 0
497.816 104.409 60.404 230 0 0
497.818 104.409 60.404 231 0 0
497.821 104.407 60.404 225 0 0
497.824 104.406 60.403 235 0 0
497.826 104.407 60.403 235 0 0
497.829 104.404 60.403 230 0 0
497.832 104.402 60.403 218 0 0
497.834 104.403 60.403 233 0 0
497.836 104.404 60.403 235 0 0
497.839 104.401 60.402 223 0 0
497.841 104.400 60.402 225 0 0
497.844 104.400 60.402 221 0 0
497.846 104.399 60.402 232 0 0
497.849 104.398 60.401 240 0 0
497.852 104.397 60.401 243 0 0
497.854 104.396 60.401 242 0 0
497.857 104.395 60.401 234 0 0
497.859 104.395 60.401 227 0 0
497.862 104.393 60.400 222 0 0
497.864 104.393 60.400 229 0 0
497.866 104.393 60.400 241 0 0
497.869 104.391 60.400 235 0 0
497.872 104.390 60.399 237 0 0
497.874 104.390 60.399 234 0 0
497.877 104.388 60.399 241 0 0
497.879 104.388 60.399 228 0 0
497.882 104.387 60.399 228 0 0
497.884 104.386 60.398 233 0 0
497.886 104.386 60.398 225 0 0
497.889 104.384 60.398 225 0 0
497.892 104.384 60.398 237 0 0
497.894 104.383 60.398 238 0 0
497.897 104.381 60.397 230 0 0
497.899 104.381 60.397 235 0 0
497.902 104.379 60.397 230 0 0
497.904 104.379 60.397 238 0 0
497.907 104.377 60.396 237 0 0
497.909 104.377 60.396 235 0 0
497.912 104.377 60.396 231 0 0
497.914 104.376 60.396 229 0 0
497.917 104.374 60.396 224 0 0
497.919 104.373 60.395 223 0 0
497.922 104.372 60.395 223 0 0
497.924 104.372 60.395 235 0 0
497.927 104.372 60.395 239 0 0
497.929 104.371 60.395 241 0 0
497.932 104.370 60.394 241 0 0
497.934 104.369 60.394 234 0 0
497.937 104.368 60.394 249 0 0
497.939 104.367 60.394 250 0 0
497.941 104.367 60.394 249 0 0
497.944 104.366 60.393 243 0 0
497.947 104.364 60.393 226 0 0
497.949 104.364 60.393 228 0 0
497.951 104.364 60.393 242 0 0
497.954 104.361 60.393 243 0 0
497.957 104.360 60.392 234 0 0
497.959 104.360 60.392 237 0 0
497.962 104.359 60.392 243 0 0
497.767 104.427 60.406 247 0 0
497.770 104.425 60.406 237 0 0
497.772 104.424 60.406 236 0 0
497.775 104.423 60.405 241 0 0
497.777 104.423 60.405 245 0 0
497.780 104.422 60.405 248 0 0
497.783 104.421 60.405 246 0 0
497.785 104.420 60.404 249 0 0
497.788 104.418 60.404 241 0 0
497.790 104.418 60.404 239 0 0
497.793 104.418 60.404 246 0 0
497.796 104.416 60.403 247 0 0
497.798 104.415 60.403 239 0 0
497.801 104.414 60.403 232 0 0
497.803 104.414 60.403 241 0 0
497.806 104.413 60.403 239 0 0
497.808 104.412 60.403 226 0 0
497.811 104.411 60.402 229 0 0
497.813 104.410 60.402 237 0 0
497.816 104.410 60.402 232 0 0
497.819 104.406 60.401 234 0 0
497.821 104.407 60.401 232 0 0
497.824 104.404 60.401 230 0 0
497.826 104.405 60.401 231 0 0
497.829 104.405 60.401 228 0 0
497.831 104.403 60.400 222 0 0
497.834 104.403 60.400 231 0 0
497.836 104.403 60.400 233 0 0
497.839 104.401 60.400 219 0 0
497.841 104.400 60.400 223 0 0
497.844 104.401 60.400 219 0 0
497.846 104.400 60.399 223 0 0
497.849 104.398 60.399 221 0 0
497.851 104.398 60.399 237 0 0
497.854 104.397 60.399 236 0 0
497.856 104.397 60.399 235 0 0
497.859 104.396 60.398 237 0 0
497.862 104.393 60.398 229 0 0
497.864 104.393 60.398 221 0 0
497.867 104.392 60.398 232 0 0
497.869 104.392 60.397 234 0 0
497.872 104.390 60.397 242 0 0
497.874 104.390 60.397 236 0 0
497.877 104.388 60.397 220 0 0
497.879 104.388 60.397 228 0 0
497.882 104.386 60.396 229 0 0
497.884 104.387 60.396 230 0 0
497.887 104.384 60.396 226 0 0
497.890 104.383 60.396 233 0 0
497.892 104.382 60.395 238 0 0
497.894 104.383 60.395 229 0 0
497.897 104.382 60.395 231 0 0
497.899 104.380 60.395 229 0 0
497.902 104.379 60.395 233 0 0
497.904 104.379 60.394 228 0 0
497.907 104.378 60.394 226 0 0
497.909 104.377 60.394 229 0 0
497.912 104.375 60.394 231 0 0
497.914 104.375 60.394 224 0 0
497.917 104.374 60.393 235 0 0
497.919 104.373 60.393 233 0 0
497.922 104.372 60.393 229 0 0
497.924 104.372 60.393 233 0 0
497.927 104.372 60.393 251 0 0
497.930 104.369 60.392 243 0 0
497.932 104.369 60.392 242 0 0
497.934 104.369 60.392 243 0 0
497.937 104.368 60.392 242 0 0
497.939 104.368 60.392 249 0 0
497.942 104.366 60.391 246 0 0
497.944 104.366 60.391 234 0 0
497.947 104.363 60.391 233 0 0
497.949 104.363 60.391 238 0 0
497.951 104.363 60.391 228 0 0
497.954 104.362 60.390 233 0 0
497.956 104.361 60.390 248 0 0
497.959 104.361 60.390 236 0 0
497.961 104.359 60.390 233 0 0
497.767 104.425 60.404 242 0 0
497.770 104.425 60.403 249 0 0
497.772 104.424 60.403 240 0 0
497.775 104.423 60.403 237 0 0
497.777 104.424 60.403 248 0 0
497.780 104.421 60.403 238 0 0
497.782 104.422 60.403 243 0 0
497.785 104.421 60.402 243 0 0
497.788 104.419 60.402 234 0 0
497.791 104.418 60.402 235 0 0
497.793 104.418 60.402 245 0 0
497.795 104.417 60.401 249 0 0
497.798 104.415 60.401 236 0 0
497.800 104.414 60.401 233 0 0
497.803 104.414 60.401 238 0 0
497.806 104.412 60.400 230 0 0
497.808 104.412 60.400 230 0 0
497.811 104.411 60.400 228 0 0
497.813 104.410 60.400 234 0 0
497.816 104.409 60.399 222 0 0
497.819 104.408 60.399 226 0 0
497.821 104.408 60.399 231 0 0
497.824 104.406 60.399 228 0 0
497.826 104.407 60.399 230 0 0
497.829 104.405 60.398 228 0 0
497.831 104.404 60.398 228 0 0
497.834 104.403 60.398 232 0 0
497.836 104.402 60.398 235 0 0
497.839 104.402 60.398 231 0 0
497.841 104.400 60.397 222 0 0
497.844 104.400 60.397 234 0 0
497.846 104.400 60.397 227 0 0
497.849 104.398 60.397 222 0 0
497.851 104.398 60.397 230 0 0
497.854 104.396 60.396 239 0 0
497.857 104.395 60.396 244 0 0
497.859 104.395 60.396 244 0 0
497.862 104.393 60.396 231 0 0
497.864 104.392 60.395 234 0 0
497.867 104.391 60.395 234 0 0
497.869 104.391 60.395 229 0 0
497.872 104.391 60.395 241 0 0
497.874 104.390 60.395 239 0 0
497.877 104.389 60.394 233 0 0
497.879 104.388 60.394 239 0 0
497.881 104.388 60.394 237 0 0
497.884 104.387 60.394 244 0 0
497.887 104.385 60.394 229 0 0
497.889 104.385 60.394 227 0 0
497.892 104.384 60.393 224 0 0
497.894 104.382 60.393 237 0 0
497.897 104.382 60.393 232 0 0
497.899 104.380 60.393 226 0 0
497.902 104.381 60.393 236 0 0
497.905 104.378 60.392 233 0 0
497.907 104.377 60.392 229 0 0
497.910 104.376 60.392 232 0 0
497.912 104.376 60.392 239 0 0
497.914 104.375 60.391 227 0 0
497.917 104.375 60.391 236 0 0
497.919 104.373 60.391 238 0 0
497.922 104.371 60.391 224 0 0
497.924 104.372 60.391 233 0 0
497.927 104.370 60.390 243 0 0
497.929 104.371 60.390 243 0 0
497.931 104.370 60.390 241 0 0
497.934 104.368 60.390 243 0 0
497.936 104.369 60.390 242 0 0
497.939 104.368 60.389 238 0 0
497.942 104.366 60.389 243 0 0
497.944 104.364 60.389 247 0 0
497.946 104.365 60.389 244 0 0
497.949 104.364 60.389 244 0 0
497.952 104.361 60.388 235 0 0
497.954 104.362 60.388 233 0 0
497.956 104.361 60.388 241 0 0
497.959 104.359 60.388 234 0 0
497.961 104.360 60.388 233 0 0
497.767 104.427 60.402 248 0 0
497.770 104.425 60.401 250 0 0
497.772 104.425 60.401 245 0 0
497.775 104.424 60.401 241 0 0
497.777 104.424 60.401 248 0 0
497.780 104.421 60.400 249 0 0
497.783 104.420 60.400 242 0 0
497.785 104.421 60.400 243 0 0
497.788 104.419 60.400 241 0 0
497.790 104.418 60.399 237 0 0
497.793 104.418 60.399 243 0 0
497.795 104.417 60.399 241 0 0
497.798 104.415 60.399 235 0 0
497.801 104.414 60.398 234 0 0
497.803 104.414 60.398 227 0 0
497.806 104.412 60.398 226 0 0
497.808 104.411 60.398 233 0 0
497.811 104.411 60.398 231 0 0
497.814 104.409 60.397 236 0 0
497.816 104.410 60.397 230 0 0
497.819 104.408 60.397 224 0 0
497.821 104.407 60.397 228 0 0
497.823 104.407 60.397 233 0 0
497.826 104.406 60.396 230 0 0
497.829 104.405 60.396 230 0 0
497.832 104.402 60.396 227 0 0
497.834 104.403 60.396 226 0 0
497.836 104.403 60.396 234 0 0
497.839 104.402 60.395 229 0 0
497.841 104.401 60.395 227 0 0
497.844 104.400 60.395 238 0 0
497.846 104.400 60.395 238 0 0
497.849 104.398 60.395 235 0 0
497.851 104.398 60.394 234 0 0
497.854 104.396 60.394 232 0 0
497.856 104.396 60.394 246 0 0
497.859 104.395 60.394 250 0 0
497.862 104.393 60.393 231 0 0
497.864 104.392 60.393 228 0 0
497.866 104.392 60.393 232 0 0
497.869 104.392 60.393 230 0 0
497.872 104.390 60.393 238 0 0
497.874 104.389 60.392 248 0 0
497.877 104.389 60.392 235 0 0
497.879 104.388 60.392 225 0 0
497.882 104.387 60.392 233 0 0
497.884 104.387 60.392 247 0 0
497.887 104.386 60.391 238 0 0
497.889 104.384 60.391 222 0 0
497.892 104.384 60.391 226 0 0
497.894 104.383 60.391 231 0 0
497.897 104.381 60.390 226 0 0
497.899 104.381 60.390 225 0 0
497.902 104.380 60.390 227 0 0
497.904 104.379 60.390 232 0 0
497.907 104.378 60.390 236 0 0
497.910 104.376 60.389 236 0 0
497.912 104.376 60.389 233 0 0
497.914 104.375 60.389 224 0 0
497.917 104.375 60.389 229 0 0
497.919 104.373 60.389 240 0 0
497.922 104.373 60.389 233 0 0
497.924 104.372 60.388 236 0 0
497.927 104.371 60.388 242 0 0
497.929 104.371 60.388 239 0 0
497.932 104.370 60.388 241 0 0
497.934 104.369 60.388 240 0 0
497.937 104.367 60.387 244 0 0
497.939 104.368 60.387 247 0 0
497.942 104.366 60.387 248 0 0
497.944 104.365 60.387 251 0 0
497.946 104.365 60.387 245 0 0
497.949 104.364 60.386 236 0 0
497.952 104.362 60.386 233 0 0
497.954 104.361 60.386 231 0 0
497.956 104.361 60.386 244 0 0
497.959 104.359 60.385 246 0 0
497.961 104.360 60.385 241 0 0
497.767 104.427 60.399 237 0 0
497.770 104.425 60.399 249 0 0
497.772 104.424 60.399 243 0 0
497.775 104.423 60.398 236 0 0
497.777 104.422 60.398 240 0 0
497.780 104.422 60.398 248 0 0
497.782 104.421 60.398 242 0 0
497.785 104.420 60.398 246 0 0
497.788 104.420 60.397 242 0 0
497.790 104.418 60.397 243 0 0
497.793 104.416 60.397 243 0 0
497.795 104.416 60.397 237 0 0
497.798 104.415 60.396 243 0 0
497.800 104.415 60.396 235 0 0
497.803 104.413 60.396 235 0 0
497.806 104.412 60.396 223 0 0
497.808 104.412 60.396 233 0 0
497.811 104.411 60.395 228 0 0
497.813 104.410 60.395 229 0 0
497.816 104.409 60.395 228 0 0
497.818 104.409 60.395 233 0 0
497.821 104.407 60.394 234 0 0
497.824 104.406 60.394 233 0 0
497.826 104.406 60.394 235 0 0
497.829 104.406 60.394 225 0 0
497.831 104.403 60.394 227 0 0
497.834 104.403 60.393 226 0 0
497.836 104.402 60.393 236 0 0
497.839 104.400 60.393 232 0 0
497.841 104.401 60.393 232 0 0
497.844 104.400 60.393 230 0 0
497.846 104.399 60.392 233 0 0
497.849 104.399 60.392 235 0 0
497.851 104.398 60.392 235 0 0
497.854 104.397 60.392 226 0 0
497.857 104.395 60.391 231 0 0
497.859 104.395 60.391 239 0 0
497.862 104.393 60.391 231 0 0
497.864 104.392 60.391 227 0 0
497.867 104.392 60.391 222 0 0
497.869 104.392 60.391 220 0 0
497.872 104.389 60.390 237 0 0
497.874 104.390 60.390 238 0 0
497.877 104.389 60.390 234 0 0
497.880 104.386 60.389 220 0 0
497.882 104.387 60.390 223 0 0
497.884 104.386 60.389 238 0 0
497.886 104.387 60.389 233 0 0
497.889 104.385 60.389 224 0 0
497.892 104.383 60.389 231 0 0
497.894 104.383 60.388 232 0 0
497.897 104.382 60.388 228 0 0
497.899 104.382 60.388 231 0 0
497.902 104.380 60.388 230 0 0
497.904 104.380 60.388 234 0 0
497.907 104.378 60.387 238 0 0
497.910 104.375 60.387 237 0 0
497.912 104.376 60.387 235 0 0
497.914 104.375 60.387 236 0 0
497.917 104.375 60.387 241 0 0
497.919 104.374 60.386 241 0 0
497.922 104.372 60.386 232 0 0
497.925 104.371 60.386 235 0 0
497.927 104.371 60.386 233 0 0
497.929 104.372 60.386 233 0 0
497.931 104.371 60.386 235 0 0
497.934 104.370 60.385 238 0 0
497.937 104.368 60.385 245 0 0
497.939 104.366 60.385 249 0 0
497.941 104.368 60.385 251 0 0
497.944 104.366 60.384 245 0 0
497.946 104.365 60.384 238 0 0
497.949 104.365 60.384 232 0 0
497.951 104.363 60.384 241 0 0
497.954 104.362 60.384 241 0 0
497.956 104.362 60.383 242 0 0
497.959 104.359 60.383 249 0 0
497.962 104.357 60.383 232 0 0
497.767 104.426 60.397 245 0 0
497.769 104.426 60.397 250 0 0
497.772 104.424 60.396 242 0 0
497.775 104.424 60.396 247 0 0
497.777 104.422 60.396 236 0 0
497.780 104.422 60.396 238 0 0
497.783 104.421 60.395 239 0 0
497.785 104.420 60.395 246 0 0
497.788 104.419 60.395 243 0 0
497.790 104.419 60.395 247 0 0
497.793 104.418 60.395 248 0 0
497.795 104.417 60.394 240 0 0
497.798 104.415 60.394 237 0 0
497.801 104.413 60.394 236 0 0
497.803 104.414 60.394 231 0 0
497.806 104.413 60.393 237 0 0
497.808 104.412 60.393 241 0 0
497.810 104.412 60.393 233 0 0
497.813 104.410 60.393 236 0 0
497.816 104.408 60.393 233 0 0
497.819 104.408 60.392 232 0 0
497.821 104.408 60.392 224 0 0
497.824 104.406 60.392 230 0 0
497.826 104.406 60.392 235 0 0
497.829 104.406 60.392 226 0 0
497.831 104.403 60.391 227 0 0
497.833 104.404 60.391 228 0 0
497.836 104.401 60.391 235 0 0
497.839 104.401 60.391 241 0 0
497.841 104.402 60.391 231 0 0
497.844 104.400 60.390 229 0 0
497.846 104.400 60.390 230 0 0
497.849 104.398 60.390 235 0 0
497.851 104.398 60.390 234 0 0
497.854 104.397 60.390 230 0 0
497.857 104.396 60.389 231 0 0
497.859 104.396 60.389 236 0 0
497.862 104.394 60.389 246 0 0
497.864 104.392 60.389 243 0 0
497.867 104.392 60.388 222 0 0
497.869 104.392 60.388 225 0 0
497.872 104.391 60.388 230 0 0
497.874 104.390 60.388 225 0 0
497.877 104.389 60.388 235 0 0
497.879 104.388 60.387 220 0 0
497.882 104.388 60.387 232 0 0
497.884 104.387 60.387 232 0 0
497.886 104.386 60.387 228 0 0
497.889 104.384 60.387 228 0 0
497.892 104.383 60.386 241 0 0
497.894 104.384 60.386 236 0 0
497.897 104.381 60.386 224 0 0
497.899 104.381 60.386 241 0 0
497.902 104.379 60.385 232 0 0
497.904 104.380 60.385 228 0 0
497.907 104.378 60.385 229 0 0
497.909 104.377 60.385 229 0 0
497.912 104.376 60.385 237 0 0
497.914 104.375 60.384 228 0 0
497.917 104.375 60.384 237 0 0
497.919 104.374 60.384 237 0 0
497.922 104.373 60.384 234 0 0
497.924 104.372 60.384 230 0 0
497.927 104.372 60.384 233 0 0
497.929 104.370 60.383 232 0 0
497.931 104.371 60.383 244 0 0
497.934 104.370 60.383 243 0 0
497.937 104.368 60.383 248 0 0
497.939 104.368 60.383 249 0 0
497.941 104.367 60.382 248 0 0
497.944 104.367 60.382 234 0 0
497.946 104.365 60.382 236 0 0
497.949 104.364 60.382 236 0 0
497.951 104.363 60.381 240 0 0
497.954 104.362 60.381 233 0 0
497.957 104.360 60.381 236 0 0
497.959 104.359 60.381 240 0 0
497.961 104.359 60.381 239 0 0
497.767 104.427 60.395 236 0 0
497.769 104.427 60.394 242 0 0
497.772 104.424 60.394 244 0 0
497.774 104.425 60.394 243 0 0
497.777 104.423 60.394 237 0 0
497.780 104.422 60.393 236 0 0
497.783 104.421 60.393 248 0 0
497.785 104.420 60.393 243 0 0
497.788 104.419 60.393 244 0 0
497.790 104.418 60.392 247 0 0
497.793 104.418 60.392 234 0 0
497.795 104.417 60.392 232 0 0
497.798 104.415 60.392 236 0 0
497.801 104.414 60.392 236 0 0
497.803 104.414 60.391 239 0 0
497.806 104.411 60.391 228 0 0
497.808 104.412 60.391 227 0 0
497.811 104.411 60.391 229 0 0
497.813 104.411 60.391 241 0 0
497.816 104.408 60.390 231 0 0
497.818 104.409 60.390 226 0 0
497.821 104.408 60.390 227 0 0
497.823 104.408 60.390 230 0 0
497.826 104.406 60.390 230 0 0
497.829 104.404 60.389 234 0 0
497.831 104.404 60.389 236 0 0
497.834 104.402 60.389 229 0 0
497.836 104.402 60.389 235 0 0
497.839 104.403 60.389 240 0 0
497.841 104.402 60.388 234 0 0
497.844 104.400 60.388 229 0 0
497.846 104.399 60.388 242 0 0
497.849 104.398 60.388 231 0 0
497.851 104.398 60.388 231 0 0
497.854 104.397 60.387 222 0 0
497.856 104.396 60.387 221 0 0
497.859 104.396 60.387 228 0 0
497.862 104.393 60.386 231 0 0
497.864 104.393 60.386 234 0 0
497.866 104.393 60.386 229 0 0
497.869 104.392 60.386 241 0 0
497.871 104.391 60.386 224 0 0
497.874 104.390 60.386 233 0 0
497.877 104.389 60.385 229 0 0
497.879 104.388 60.385 230 0 0
497.881 104.388 60.385 240 0 0
497.884 104.387 60.385 239 0 0
497.886 104.387 60.385 234 0 0
497.889 104.384 60.384 221 0 0
497.892 104.384 60.384 235 0 0
497.894 104.382 60.384 236 0 0
497.897 104.381 60.384 231 0 0
497.899 104.380 60.383 228 0 0
497.902 104.380 60.383 235 0 0
497.904 104.379 60.383 237 0 0
497.907 104.378 60.383 238 0 0
497.909 104.377 60.383 231 0 0
497.912 104.376 60.382 230 0 0
497.914 104.376 60.382 233 0 0
497.917 104.375 60.382 226 0 0
497.919 104.374 60.382 222 0 0
497.922 104.373 60.382 223 0 0
497.924 104.371 60.381 233 0 0
497.927 104.371 60.381 236 0 0
497.930 104.368 60.381 243 0 0
497.931 104.370 60.381 248 0 0
497.934 104.370 60.381 249 0 0
497.937 104.368 60.380 243 0 0
497.939 104.368 60.380 245 0 0
497.941 104.368 60.380 241 0 0
497.944 104.367 60.380 235 0 0
497.947 104.364 60.380 235 0 0
497.949 104.364 60.379 242 0 0
497.952 104.362 60.379 235 0 0
497.954 104.362 60.379 248 0 0
497.956 104.361 60.379 242 0 0
497.959 104.360 60.379 238 0 0
497.961 104.360 60.379 239 0 0
497.767 104.427 60.392 236 0 0
497.770 104.425 60.392 243 0 0
497.772 104.424 60.392 232 0 0
497.775 104.423 60.391 243 0 0
497.777 104.423 60.391 245 0 0
497.780 104.422 60.391 239 0 0
497.783 104.421 60.391 244 0 0
497.785 104.420 60.391 240 0 0
497.788 104.419 60.390 240 0 0
497.790 104.418 60.390 237 0 0
497.793 104.417 60.390 233 0 0
497.795 104.417 60.390 241 0 0
497.798 104.416 60.390 239 0 0
497.801 104.414 60.389 240 0 0
497.803 104.415 60.389 232 0 0
497.805 104.414 60.389 236 0 0
497.808 104.412 60.389 234 0 0
497.811 104.411 60.388 230 0 0
497.813 104.410 60.388 227 0 0
497.816 104.408 60.388 231 0 0
497.818 104.409 60.388 235 0 0
497.821 104.408 60.388 236 0 0
497.823 104.407 60.387 226 0 0
497.826 104.405 60.387 231 0 0
497.829 104.404 60.387 232 0 0
497.831 104.404 60.387 244 0 0
497.834 104.403 60.387 236 0 0
497.836 104.403 60.386 229 0 0
497.839 104.401 60.386 233 0 0
497.841 104.401 60.386 228 0 0
497.844 104.400 60.386 230 0 0
497.846 104.399 60.386 232 0 0
497.849 104.398 60.385 224 0 0
497.852 104.396 60.385 231 0 0
497.854 104.396 60.385 234 0 0
497.856 104.396 60.385 234 0 0
497.859 104.395 60.385 227 0 0
497.862 104.394 60.384 224 0 0
497.864 104.393 60.384 234 0 0
497.866 104.394 60.384 238 0 0
497.869 104.393 60.384 244 0 0
497.871 104.391 60.384 242 0 0
497.874 104.390 60.383 223 0 0
497.876 104.390 60.383 235 0 0
497.879 104.387 60.383 221 0 0
497.882 104.387 60.383 226 0 0
497.884 104.386 60.382 233 0 0
497.886 104.386 60.382 223 0 0
497.889 104.385 60.382 223 0 0
497.892 104.382 60.382 226 0 0
497.894 104.383 60.382 225 0 0
497.897 104.381 60.381 221 0 0
497.899 104.382 60.381 230 0 0
497.902 104.381 60.381 231 0 0
497.904 104.380 60.381 240 0 0
497.907 104.378 60.381 232 0 0
497.909 104.377 60.380 238 0 0
497.912 104.377 60.380 230 0 0
497.914 104.376 60.380 239 0 0
497.917 104.375 60.380 231 0 0
497.919 104.375 60.380 219 0 0
497.922 104.372 60.379 224 0 0
497.924 104.373 60.379 234 0 0
497.927 104.372 60.379 245 0 0
497.929 104.370 60.379 243 0 0
497.931 104.370 60.379 248 0 0
497.934 104.368 60.378 241 0 0
497.937 104.368 60.378 246 0 0
497.939 104.367 60.378 236 0 0
497.941 104.366 60.378 241 0 0
497.944 104.366 60.378 236 0 0
497.946 104.365 60.377 247 0 0
497.949 104.364 60.377 239 0 0
497.951 104.363 60.377 234 0 0
497.954 104.363 60.377 249 0 0
497.956 104.361 60.377 232 0 0
497.959 104.360 60.376 233 0 0
497.961 104.360 60.376 236 0 0
497.767 104.428 60.390 232 0 0
497.769 104.426 60.390 241 0 0
497.772 104.424 60.389 236 0 0
497.775 104.424 60.389 239 0 0
497.777 104.423 60.389 244 0 0
497.780 104.423 60.389 242 0 0
497.783 104.421 60.389 244 0 0
497.785 104.420 60.388 231 0 0
497.787 104.420 60.388 232 0 0
497.790 104.420 60.388 242 0 0
497.793 104.416 60.388 242 0 0
497.795 104.417 60.388 240 0 0
497.797 104.418 60.388 242 0 0
497.800 104.415 60.387 236 0 0
497.803 104.413 60.387 233 0 0
497.806 104.413 60.387 239 0 0
497.808 104.413 60.386 230 0 0
497.811 104.411 60.386 224 0 0
497.813 104.411 60.386 231 0 0
497.815 104.411 60.386 232 0 0
497.819 104.408 60.386 230 0 0
497.821 104.407 60.385 229 0 0
497.823 104.408 60.385 235 0 0
497.826 104.406 60.385 230 0 0
497.829 104.405 60.385 233 0 0
497.831 104.405 60.385 229 0 0
497.834 104.403 60.384 231 0 0
497.836 104.404 60.384 239 0 0
497.839 104.402 60.384 233 0 0
497.841 104.401 60.384 230 0 0
497.844 104.401 60.384 228 0 0
497.846 104.399 60.383 239 0 0
497.849 104.398 60.383 234 0 0
497.852 104.397 60.383 233 0 0
497.854 104.398 60.383 230 0 0
497.857 104.395 60.382 224 0 0
497.859 104.395 60.382 229 0 0
497.861 104.395 60.382 229 0 0
497.864 104.394 60.382 243 0 0
497.866 104.393 60.382 245 0 0
497.868 104.394 60.382 238 0 0
497.872 104.390 60.381 238 0 0
497.874 104.390 60.381 231 0 0
497.877 104.389 60.381 236 0 0
497.879 104.389 60.381 223 0 0
497.882 104.388 60.380 227 0 0
497.884 104.387 60.380 229 0 0
497.886 104.386 60.380 228 0 0
497.889 104.384 60.380 225 0 0
497.892 104.384 60.380 230 0 0
497.894 104.383 60.379 226 0 0
497.897 104.381 60.379 231 0 0
497.899 104.381 60.379 236 0 0
497.902 104.380 60.379 236 0 0
497.904 104.380 60.379 237 0 0
497.907 104.378 60.378 233 0 0
497.909 104.379 60.378 234 0 0
497.912 104.377 60.378 232 0 0
497.914 104.375 60.378 240 0 0
497.917 104.375 60.378 243 0 0
497.919 104.374 60.377 232 0 0
497.921 104.374 60.377 231 0 0
497.924 104.372 60.377 241 0 0
497.927 104.372 60.377 245 0 0
497.929 104.371 60.377 241 0 0
497.932 104.370 60.376 240 0 0
497.934 104.369 60.376 249 0 0
497.937 104.368 60.376 242 0 0
497.939 104.367 60.376 233 0 0
497.941 104.367 60.376 239 0 0
497.944 104.367 60.376 242 0 0
497.946 104.366 60.375 247 0 0
497.949 104.364 60.375 238 0 0
497.951 104.363 60.375 238 0 0
497.954 104.363 60.375 233 0 0
497.956 104.361 60.374 241 0 0
497.959 104.361 60.374 236 0 0
497.961 104.360 60.374 225 0 0
497.767 104.427 60.388 234 0 0
497.769 104.427 60.387 250 0 0
497.772 104.425 60.387 250 0 0
497.775 104.423 60.387 243 0 0
497.777 104.423 60.387 240 0 0
497.780 104.421 60.386 239 0 0
497.783 104.421 60.386 238 0 0
497.785 104.419 60.386 242 0 0
497.787 104.420 60.386 237 0 0
497.791 104.418 60.385 239 0 0
497.793 104.418 60.385 241 0 0
497.795 104.417 60.385 247 0 0
497.798 104.416 60.385 242 0 0
497.800 104.415 60.385 239 0 0
497.803 104.413 60.384 230 0 0
497.806 104.412 60.384 232 0 0
497.808 104.412 60.384 222 0 0
497.811 104.411 60.384 223 0 0
497.813 104.410 60.384 234 0 0
497.816 104.409 60.383 232 0 0
497.819 104.408 60.383 234 0 0
497.821 104.408 60.383 239 0 0
497.823 104.408 60.383 236 0 0
497.826 104.406 60.383 231 0 0
497.828 104.406 60.383 248 0 0
497.831 104.404 60.382 232 0 0
497.834 104.403 60.382 230 0 0
497.836 104.404 60.382 234 0 0
497.839 104.403 60.382 230 0 0
497.841 104.402 60.381 239 0 0
497.844 104.400 60.381 231 0 0
497.846 104.399 60.381 219 0 0
497.849 104.398 60.381 224 0 0
497.851 104.398 60.381 232 0 0
497.854 104.398 60.380 233 0 0
497.856 104.397 60.380 233 0 0
497.859 104.396 60.380 228 0 0
497.862 104.394 60.380 225 0 0
497.864 104.393 60.380 231 0 0
497.867 104.392 60.379 227 0 0
497.869 104.392 60.379 236 0 0
497.872 104.390 60.379 233 0 0
497.874 104.390 60.379 233 0 0
497.877 104.389 60.379 228 0 0
497.879 104.388 60.378 228 0 0
497.882 104.388 60.378 239 0 0
497.884 104.388 60.378 230 0 0
497.887 104.385 60.378 233 0 0
497.889 104.385 60.378 232 0 0
497.891 104.385 60.378 231 0 0
497.894 104.383 60.377 231 0 0
497.897 104.382 60.377 235 0 0
497.899 104.381 60.377 233 0 0
497.902 104.380 60.376 243 0 0
497.904 104.379 60.376 232 0 0
497.907 104.378 60.376 230 0 0
497.909 104.378 60.376 230 0 0
497.912 104.377 60.376 233 0 0
497.914 104.375 60.375 228 0 0
497.917 104.375 60.375 241 0 0
497.919 104.373 60.375 229 0 0
497.922 104.373 60.375 229 0 0
497.924 104.372 60.375 242 0 0
497.927 104.372 60.375 237 0 0
497.929 104.371 60.374 243 0 0
497.932 104.369 60.374 247 0 0
497.934 104.369 60.374 248 0 0
497.937 104.369 60.374 242 0 0
497.939 104.368 60.374 241 0 0
497.941 104.368 60.373 239 0 0
497.944 104.367 60.373 246 0 0
497.946 104.365 60.373 241 0 0
497.949 104.364 60.373 232 0 0
497.951 104.363 60.373 233 0 0
497.954 104.363 60.372 233 0 0
497.956 104.362 60.372 240 0 0
497.958 104.363 60.372 236 0 0
497.961 104.359 60.372 236 0 0
497.767 104.428 60.385 236 0 0
497.769 104.427 60.385 241 0 0
497.772 104.425 60.385 248 0 0
497.775 104.424 60.385 243 0 0
497.777 104.423 60.384 242 0 0
497.780 104.421 60.384 244 0 0
497.782 104.422 60.384 240 0 0
497.785 104.420 60.384 248 0 0
497.787 104.420 60.384 241 0 0
497.791 104.418 60.383 243 0 0
497.792 104.419 60.383 235 0 0
497.795 104.418 60.383 241 0 0
497.798 104.416 60.383 242 0 0
497.800 104.415 60.382 242 0 0
497.803 104.415 60.382 234 0 0
497.806 104.413 60.382 229 0 0
497.808 104.413 60.382 228 0 0
497.811 104.412 60.382 229 0 0
497.813 104.410 60.381 233 0 0
497.816 104.409 60.381 226 0 0
497.818 104.409 60.381 227 0 0
497.821 104.407 60.381 229 0 0
497.824 104.406 60.380 231 0 0
497.826 104.407 60.380 226 0 0
497.829 104.405 60.380 235 0 0
497.831 104.404 60.380 237 0 0
497.834 104.403 60.380 239 0 0
497.836 104.403 60.379 245 0 0
497.839 104.403 60.379 236 0 0
497.841 104.402 60.379 239 0 0
497.844 104.400 60.379 229 0 0
497.846 104.399 60.379 221 0 0
497.849 104.398 60.378 227 0 0
497.851 104.398 60.378 243 0 0
497.854 104.397 60.378 235 0 0
497.856 104.396 60.378 236 0 0
497.859 104.394 60.378 235 0 0
497.862 104.394 60.377 228 0 0
497.864 104.393 60.377 224 0 0
497.866 104.393 60.377 219 0 0
497.869 104.391 60.377 230 0 0
497.871 104.391 60.377 222 0 0
497.874 104.391 60.377 225 0 0
497.876 104.391 60.377 227 0 0
497.879 104.388 60.376 225 0 0
497.881 104.388 60.376 228 0 0
497.884 104.387 60.376 228 0 0
497.887 104.386 60.375 227 0 0
497.889 104.384 60.375 230 0 0
497.892 104.384 60.375 232 0 0
497.894 104.383 60.375 240 0 0
497.897 104.382 60.375 236 0 0
497.899 104.380 60.374 226 0 0
497.901 104.381 60.374 232 0 0
497.904 104.379 60.374 226 0 0
497.906 104.379 60.374 225 0 0
497.909 104.378 60.374 228 0 0
497.911 104.378 60.374 239 0 0
497.914 104.374 60.373 227 0 0
497.917 104.376 60.373 247 0 0
497.919 104.375 60.373 248 0 0
497.922 104.373 60.373 242 0 0
497.924 104.372 60.372 243 0 0
497.927 104.372 60.372 242 0 0
497.929 104.371 60.372 249 0 0
497.931 104.370 60.372 233 0 0
497.934 104.369 60.372 234 0 0
497.936 104.369 60.372 243 0 0
497.939 104.368 60.371 238 0 0
497.941 104.368 60.371 235 0 0
497.944 104.367 60.371 243 0 0
497.946 104.366 60.371 241 0 0
497.949 104.365 60.371 237 0 0
497.951 104.363 60.370 235 0 0
497.954 104.363 60.370 236 0 0
497.956 104.362 60.370 241 0 0
497.959 104.361 60.370 239 0 0
497.961 104.360 60.369 243 0 0
497.766 104.429 60.383 239 0 0
497.769 104.426 60.383 242 0 0
497.772 104.425 60.383 239 0 0
497.775 104.424 60.382 231 0 0
497.777 104.422 60.382 238 0 0
497.780 104.422 60.382 235 0 0
497.783 104.421 60.382 241 0 0
497.785 104.421 60.381 236 0 0
497.787 104.420 60.381 241 0 0
497.790 104.418 60.381 239 0 0
497.792 104.419 60.381 237 0 0
497.795 104.416 60.380 231 0 0
497.798 104.415 60.380 232 0 0
497.800 104.416 60.380 235 0 0
497.803 104.414 60.380 236 0 0
497.806 104.412 60.379 231 0 0
497.808 104.412 60.379 228 0 0
497.811 104.412 60.379 233 0 0
497.813 104.411 60.379 237 0 0
497.816 104.409 60.379 233 0 0
497.818 104.410 60.379 238 0 0
497.821 104.408 60.378 224 0 0
497.824 104.406 60.378 242 0 0
497.826 104.407 60.378 246 0 0
497.829 104.405 60.378 222 0 0
497.831 104.405 60.378 233 0 0
497.834 104.403 60.377 228 0 0
497.836 104.403 60.377 240 0 0
497.839 104.402 60.377 232 0 0
497.841 104.401 60.377 229 0 0
497.843 104.401 60.377 239 0 0
497.846 104.400 60.376 236 0 0
497.849 104.399 60.376 230 0 0
497.851 104.398 60.376 238 0 0
497.854 104.398 60.376 230 0 0
497.856 104.398 60.376 229 0 0
497.859 104.394 60.375 224 0 0
497.862 104.394 60.375 225 0 0
497.864 104.393 60.375 226 0 0
497.866 104.393 60.375 225 0 0
497.869 104.392 60.375 232 0 0
497.871 104.392 60.375 229 0 0
497.874 104.389 60.374 235 0 0
497.877 104.389 60.374 234 0 0
497.879 104.389 60.374 229 0 0
497.882 104.387 60.374 226 0 0
497.884 104.386 60.373 232 0 0
497.886 104.387 60.373 242 0 0
497.889 104.385 60.373 234 0 0
497.892 104.384 60.373 229 0 0
497.894 104.382 60.372 236 0 0
497.897 104.382 60.372 231 0 0
497.899 104.381 60.372 234 0 0
497.902 104.380 60.372 238 0 0
497.904 104.380 60.372 234 0 0
497.907 104.379 60.372 226 0 0
497.909 104.377 60.371 222 0 0
497.912 104.377 60.371 232 0 0
497.914 104.376 60.371 240 0 0
497.917 104.375 60.371 239 0 0
497.919 104.375 60.371 240 0 0
497.922 104.373 60.370 239 0 0
497.924 104.373 60.370 248 0 0
497.927 104.371 60.370 241 0 0
497.929 104.371 60.370 249 0 0
497.931 104.371 60.370 237 0 0
497.934 104.369 60.369 241 0 0
497.936 104.369 60.369 243 0 0
497.939 104.368 60.369 230 0 0
497.942 104.366 60.369 229 0 0
497.944 104.366 60.369 241 0 0
497.946 104.365 60.368 240 0 0
497.949 104.364 60.368 227 0 0
497.951 104.363 60.368 233 0 0
497.954 104.362 60.368 245 0 0
497.957 104.360 60.367 241 0 0
497.959 104.360 60.367 238 0 0
497.961 104.359 60.367 238 0 0
497.766 104.429 60.381 239 0 0
497.769 104.427 60.380 244 0 0
497.772 104.424 60.380 250 0 0
497.774 104.425 60.380 245 0 0
497.777 104.422 60.380 233 0 0
497.780 104.422 60.380 231 0 0
497.783 104.421 60.379 233 0 0
497.785 104.421 60.379 235 0 0
497.788 104.419 60.379 232 0 0
497.790 104.419 60.379 240 0 0
497.793 104.418 60.378 233 0 0
497.795 104.417 60.378 238 0 0
497.798 104.416 60.378 243 0 0
497.800 104.415 60.378 231 0 0
497.803 104.415 60.378 231 0 0
497.805 104.414 60.377 231 0 0
497.808 104.413 60.377 229 0 0
497.811 104.412 60.377 224 0 0
497.814 104.409 60.377 222 0 0
497.816 104.410 60.377 234 0 0
497.818 104.409 60.376 239 0 0
497.821 104.407 60.376 228 0 0
497.823 104.407 60.376 239 0 0
497.826 104.406 60.376 241 0 0
497.829 104.406 60.376 229 0 0
497.831 104.405 60.375 231 0 0
497.833 104.405 60.375 234 0 0
497.836 104.403 60.375 239 0 0
497.839 104.402 60.375 228 0 0
497.841 104.402 60.375 224 0 0
497.844 104.401 60.374 232 0 0
497.846 104.400 60.374 237 0 0
497.849 104.398 60.374 231 0 0
497.851 104.398 60.374 230 0 0
497.854 104.397 60.374 236 0 0
497.856 104.396 60.373 237 0 0
497.859 104.396 60.373 231 0 0
497.861 104.395 60.373 233 0 0
497.863 104.395 60.373 231 0 0
497.866 104.393 60.373 225 0 0
497.869 104.392 60.372 227 0 0
497.871 104.391 60.372 233 0 0
497.874 104.389 60.372 235 0 0
497.877 104.389 60.372 226 0 0
497.879 104.388 60.372 228 0 0
497.881 104.388 60.371 221 0 0
497.884 104.387 60.371 236 0 0
497.886 104.387 60.371 232 0 0
497.889 104.384 60.371 228 0 0
497.892 104.384 60.370 227 0 0
497.894 104.385 60.371 234 0 0
497.897 104.381 60.370 238 0 0
497.899 104.381 60.370 243 0 0
497.901 104.381 60.370 226 0 0
497.904 104.380 60.369 235 0 0
497.907 104.379 60.369 230 0 0
497.909 104.378 60.369 231 0 0
497.912 104.377 60.369 235 0 0
497.914 104.376 60.369 230 0 0
497.917 104.375 60.368 236 0 0
497.919 104.373 60.368 230 0 0
497.922 104.373 60.368 236 0 0
497.924 104.373 60.368 237 0 0
497.926 104.372 60.368 239 0 0
497.929 104.371 60.367 243 0 0
497.931 104.370 60.367 249 0 0
497.934 104.370 60.367 244 0 0
497.936 104.370 60.367 247 0 0
497.939 104.368 60.367 237 0 0
497.941 104.368 60.367 241 0 0
497.944 104.366 60.366 238 0 0
497.946 104.366 60.366 238 0 0
497.949 104.365 60.366 233 0 0
497.951 104.364 60.366 243 0 0
497.953 104.364 60.366 245 0 0
497.956 104.361 60.365 244 0 0
497.959 104.361 60.365 237 0 0
497.961 104.360 60.365 230 0 0
497.767 104.427 60.378 226 0 0
497.770 104.426 60.378 236 0 0
497.772 104.425 60.378 248 0 0
497.774 104.425 60.378 238 0 0
497.777 104.424 60.378 242 0 0
497.780 104.423 60.377 241 0 0
497.782 104.422 60.377 240 0 0
497.785 104.420 60.377 229 0 0
497.787 104.420 60.377 234 0 0
497.790 104.419 60.376 234 0 0
497.793 104.418 60.376 234 0 0
497.795 104.418 60.376 250 0 0
497.798 104.416 60.376 235 0 0
497.800 104.416 60.376 233 0 0
497.803 104.415 60.375 231 0 0
497.805 104.414 60.375 230 0 0
497.808 104.413 60.375 240 0 0
497.811 104.410 60.375 232 0 0
497.814 104.410 60.374 220 0 0
497.816 104.410 60.374 234 0 0
497.819 104.408 60.374 232 0 0
497.821 104.408 60.374 227 0 0
497.824 104.406 60.374 233 0 0
497.826 104.406 60.373 235 0 0
497.829 104.405 60.373 225 0 0
497.831 104.405 60.373 224 0 0
497.834 104.403 60.373 234 0 0
497.836 104.402 60.373 241 0 0
497.839 104.402 60.372 227 0 0
497.841 104.402 60.372 220 0 0
497.844 104.401 60.372 230 0 0
497.846 104.399 60.372 232 0 0
497.849 104.398 60.372 231 0 0
497.851 104.399 60.372 244 0 0
497.854 104.398 60.371 237 0 0
497.857 104.396 60.371 237 0 0
497.859 104.396 60.371 237 0 0
497.861 104.395 60.371 233 0 0
497.864 104.393 60.370 221 0 0
497.866 104.393 60.370 231 0 0
497.869 104.392 60.370 238 0 0
497.871 104.391 60.370 243 0 0
497.874 104.391 60.370 237 0 0
497.877 104.389 60.369 226 0 0
497.879 104.390 60.369 225 0 0
497.882 104.388 60.369 228 0 0
497.884 104.386 60.369 232 0 0
497.886 104.386 60.369 232 0 0
497.889 104.386 60.369 235 0 0
497.892 104.384 60.368 230 0 0
497.894 104.383 60.368 235 0 0
497.897 104.382 60.368 226 0 0
497.899 104.381 60.368 231 0 0
497.902 104.381 60.367 224 0 0
497.904 104.380 60.367 232 0 0
497.907 104.378 60.367 220 0 0
497.909 104.377 60.367 239 0 0
497.912 104.377 60.367 235 0 0
497.914 104.376 60.366 232 0 0
497.917 104.375 60.366 232 0 0
497.919 104.374 60.366 235 0 0
497.922 104.374 60.366 239 0 0
497.924 104.373 60.366 241 0 0
497.927 104.372 60.365 247 0 0
497.929 104.372 60.365 236 0 0
497.931 104.370 60.365 239 0 0
497.934 104.370 60.365 249 0 0
497.937 104.369 60.365 241 0 0
497.939 104.368 60.364 242 0 0
497.941 104.367 60.364 241 0 0
497.944 104.367 60.364 240 0 0
497.946 104.366 60.364 238 0 0
497.949 104.364 60.364 236 0 0
497.951 104.363 60.363 237 0 0
497.954 104.363 60.363 242 0 0
497.956 104.361 60.363 238 0 0
497.959 104.362 60.363 242 0 0
497.962 104.358 60.362 235 0 0
497.767 104.427 60.376 224 0 0
497.769 104.426 60.376 240 0 0
497.772 104.425 60.376 244 0 0
497.775 104.423 60.375 246 0 0
497.777 104.424 60.375 247 0 0
497.780 104.422 60.375 241 0 0
497.782 104.422 60.375 237 0 0
497.785 104.421 60.375 236 0 0
497.787 104.420 60.374 233 0 0
497.790 104.419 60.374 234 0 0
497.792 104.419 60.374 240 0 0
497.795 104.417 60.374 245 0 0
497.798 104.416 60.373 242 0 0
497.800 104.416 60.373 231 0 0
497.803 104.415 60.373 230 0 0
497.806 104.413 60.373 220 0 0
497.808 104.412 60.373 226 0 0
497.810 104.413 60.373 229 0 0
497.813 104.410 60.372 231 0 0
497.816 104.410 60.372 227 0 0
497.818 104.409 60.372 232 0 0
497.821 104.409 60.372 232 0 0
497.823 104.408 60.372 232 0 0
497.826 104.408 60.371 235 0 0
497.829 104.406 60.371 231 0 0
497.831 104.405 60.371 241 0 0
497.833 104.404 60.371 237 0 0
497.836 104.403 60.370 239 0 0
497.839 104.402 60.370 243 0 0
497.841 104.403 60.370 239 0 0
497.844 104.401 60.370 233 0 0
497.846 104.401 60.370 237 0 0
497.849 104.399 60.369 232 0 0
497.851 104.399 60.369 238 0 0
497.854 104.397 60.369 237 0 0
497.856 104.397 60.369 233 0 0
497.859 104.395 60.368 232 0 0
497.861 104.394 60.368 222 0 0
497.864 104.392 60.368 221 0 0
497.867 104.392 60.368 233 0 0
497.869 104.391 60.368 227 0 0
497.871 104.392 60.368 233 0 0
497.874 104.391 60.367 231 0 0
497.877 104.389 60.367 230 0 0
497.879 104.389 60.367 224 0 0
497.882 104.388 60.367 232 0 0
497.884 104.388 60.367 221 0 0
497.887 104.386 60.366 226 0 0
497.889 104.385 60.366 231 0 0
497.892 104.384 60.366 223 0 0
497.894 104.384 60.366 236 0 0
497.897 104.382 60.366 230 0 0
497.899 104.381 60.365 231 0 0
497.902 104.380 60.365 223 0 0
497.904 104.380 60.365 238 0 0
497.907 104.378 60.365 238 0 0
497.909 104.377 60.364 242 0 0
497.912 104.377 60.364 234 0 0
497.914 104.377 60.364 235 0 0
497.917 104.376 60.364 231 0 0
497.919 104.374 60.364 245 0 0
497.921 104.375 60.364 243 0 0
497.924 104.372 60.363 234 0 0
497.927 104.372 60.363 247 0 0
497.929 104.371 60.363 237 0 0
497.931 104.371 60.363 238 0 0
497.934 104.370 60.363 240 0 0
497.936 104.369 60.362 236 0 0
497.939 104.367 60.362 235 0 0
497.941 104.367 60.362 238 0 0
497.944 104.368 60.362 242 0 0
497.946 104.367 60.362 247 0 0
497.949 104.365 60.361 241 0 0
497.951 104.362 60.361 241 0 0
497.954 104.363 60.361 233 0 0
497.956 104.362 60.361 243 0 0
497.959 104.360 60.360 233 0 0
497.961 104.361 60.361 236 0 0
497.767 104.427 60.374 219 0 0
497.769 104.426 60.374 240 0 0
497.772 104.426 60.373 250 0 0
497.775 104.422 60.373 236 0 0
497.777 104.423 60.373 237 0 0
497.780 104.423 60.373 246 0 0
497.782 104.422 60.372 242 0 0
497.785 104.420 60.372 240 0 0
497.787 104.420 60.372 240 0 0
497.790 104.420 60.372 241 0 0
497.792 104.418 60.372 237 0 0
497.795 104.418 60.371 241 0 0
497.798 104.416 60.371 237 0 0
497.800 104.416 60.371 234 0 0
497.803 104.414 60.371 227 0 0
497.806 104.413 60.370 224 0 0
497.808 104.412 60.370 229 0 0
497.810 104.412 60.370 234 0 0
497.813 104.410 60.370 220 0 0
497.816 104.409 60.370 226 0 0
497.818 104.409 60.369 234 0 0
497.821 104.409 60.369 230 0 0
497.823 104.407 60.369 223 0 0
497.826 104.407 60.369 227 0 0
497.829 104.405 60.369 234 0 0
497.831 104.404 60.368 233 0 0
497.834 104.403 60.368 237 0 0
497.836 104.403 60.368 233 0 0
497.839 104.402 60.368 239 0 0
497.841 104.401 60.368 239 0 0
497.844 104.401 60.367 229 0 0
497.846 104.401 60.367 230 0 0
497.849 104.399 60.367 232 0 0
497.851 104.398 60.367 229 0 0
497.854 104.398 60.367 229 0 0
497.856 104.397 60.367 233 0 0
497.859 104.395 60.366 228 0 0
497.861 104.395 60.366 235 0 0
497.864 104.394 60.366 228 0 0
497.866 104.393 60.366 224 0 0
497.869 104.392 60.365 225 0 0
497.871 104.391 60.365 233 0 0
497.874 104.392 60.365 235 0 0
497.877 104.389 60.365 240 0 0
497.879 104.389 60.365 234 0 0
497.882 104.387 60.364 240 0 0
497.884 104.387 60.364 226 0 0
497.886 104.387 60.364 226 0 0
497.889 104.384 60.364 229 0 0
497.892 104.384 60.364 229 0 0
497.894 104.383 60.363 234 0 0
497.897 104.383 60.363 229 0 0
497.899 104.380 60.363 220 0 0
497.902 104.380 60.363 226 0 0
497.904 104.380 60.363 234 0 0
497.907 104.379 60.362 239 0 0
497.909 104.377 60.362 241 0 0
497.912 104.377 60.362 234 0 0
497.914 104.376 60.362 233 0 0
497.917 104.376 60.362 240 0 0
497.919 104.375 60.362 233 0 0
497.921 104.375 60.361 238 0 0
497.924 104.373 60.361 234 0 0
497.927 104.371 60.361 241 0 0
497.929 104.372 60.361 240 0 0
497.931 104.371 60.361 244 0 0
497.934 104.370 60.360 241 0 0
497.936 104.369 60.360 232 0 0
497.939 104.369 60.360 234 0 0
497.941 104.367 60.360 230 0 0
497.944 104.367 60.360 240 0 0
497.946 104.366 60.360 240 0 0
497.949 104.365 60.359 238 0 0
497.951 104.364 60.359 233 0 0
497.953 104.365 60.359 239 0 0
497.956 104.362 60.359 246 0 0
497.959 104.361 60.358 230 0 0
497.961 104.359 60.358 241 0 0
497.767 104.428 60.371 236 0 0
497.769 104.427 60.371 241 0 0
497.772 104.425 60.371 245 0 0
497.775 104.424 60.371 236 0 0
497.777 104.423 60.370 231 0 0
497.780 104.423 60.370 235 0 0
497.783 104.421 60.370 232 0 0
497.785 104.420 60.370 236 0 0
497.787 104.420 60.370 250 0 0
497.790 104.419 60.370 239 0 0
497.792 104.419 60.369 242 0 0
497.795 104.418 60.369 232 0 0
497.798 104.416 60.369 231 0 0
497.800 104.416 60.369 249 0 0
497.803 104.415 60.368 231 0 0
497.805 104.414 60.368 228 0 0
497.808 104.412 60.368 229 0 0
497.810 104.412 60.368 231 0 0
497.813 104.411 60.368 230 0 0
497.816 104.409 60.367 232 0 0
497.819 104.408 60.367 226 0 0
497.821 104.409 60.367 231 0 0
497.823 104.408 60.367 238 0 0
497.826 104.407 60.367 221 0 0
497.829 104.406 60.366 234 0 0
497.831 104.405 60.366 233 0 0
497.833 104.404 60.366 228 0 0
497.836 104.403 60.366 233 0 0
497.839 104.403 60.366 231 0 0
497.841 104.402 60.365 230 0 0
497.844 104.401 60.365 230 0 0
497.845 104.402 60.365 236 0 0
497.849 104.399 60.365 224 0 0
497.851 104.399 60.365 228 0 0
497.854 104.398 60.364 237 0 0
497.856 104.397 60.364 229 0 0
497.859 104.394 60.364 239 0 0
497.861 104.395 60.364 228 0 0
497.864 104.394 60.364 230 0 0
497.866 104.394 60.364 227 0 0
497.869 104.391 60.363 227 0 0
497.871 104.392 60.363 233 0 0
497.874 104.391 60.363 238 0 0
497.877 104.389 60.363 234 0 0
497.879 104.388 60.362 237 0 0
497.881 104.389 60.362 233 0 0
497.884 104.387 60.362 225 0 0
497.886 104.387 60.362 233 0 0
497.889 104.385 60.362 231 0 0
497.892 104.384 60.361 230 0 0
497.894 104.384 60.361 236 0 0
497.897 104.381 60.361 232 0 0
497.899 104.381 60.361 239 0 0
497.901 104.381 60.361 234 0 0
497.904 104.380 60.360 233 0 0
497.907 104.379 60.360 237 0 0
497.909 104.379 60.360 233 0 0
497.912 104.377 60.360 225 0 0
497.914 104.377 60.360 242 0 0
497.917 104.376 60.359 246 0 0
497.919 104.375 60.359 241 0 0
497.921 104.375 60.359 230 0 0
497.924 104.372 60.359 238 0 0
497.926 104.373 60.359 247 0 0
497.929 104.372 60.359 242 0 0
497.931 104.370 60.358 247 0 0
497.934 104.371 60.358 246 0 0
497.936 104.370 60.358 247 0 0
497.939 104.369 60.358 248 0 0
497.941 104.367 60.357 240 0 0
497.944 104.366 60.357 243 0 0
497.946 104.365 60.357 236 0 0
497.949 104.365 60.357 242 0 0
497.951 104.364 60.357 239 0 0
497.953 104.364 60.357 250 0 0
497.956 104.363 60.357 245 0 0
497.959 104.361 60.356 234 0 0
497.961 104.359 60.356 239 0 0
497.767 104.427 60.369 224 0 0
497.769 104.427 60.369 236 0 0
497.772 104.425 60.369 241 0 0
497.774 104.425 60.369 246 0 0
497.777 104.423 60.368 240 0 0
497.780 104.423 60.368 233 0 0
497.782 104.421 60.368 242 0 0
497.785 104.420 60.368 244 0 0
497.787 104.420 60.367 247 0 0
497.790 104.420 60.367 242 0 0
497.792 104.419 60.367 246 0 0
497.795 104.416 60.367 244 0 0
497.798 104.417 60.367 239 0 0
497.800 104.417 60.367 234 0 0
497.802 104.416 60.366 238 0 0
497.805 104.415 60.366 232 0 0
497.808 104.414 60.366 239 0 0
497.811 104.412 60.366 232 0 0
497.813 104.411 60.365 230 0 0
497.815 104.411 60.365 232 0 0
497.818 104.409 60.365 225 0 0
497.821 104.408 60.365 242 0 0
497.823 104.408 60.365 247 0 0
497.826 104.407 60.364 225 0 0
497.829 104.406 60.364 231 0 0
497.831 104.404 60.364 238 0 0
497.833 104.405 60.364 234 0 0
497.836 104.402 60.363 236 0 0
497.838 104.403 60.363 241 0 0
497.841 104.402 60.363 237 0 0
497.843 104.402 60.363 236 0 0
497.846 104.400 60.363 239 0 0
497.849 104.399 60.362 235 0 0
497.851 104.398 60.362 248 0 0
497.854 104.397 60.362 236 0 0
497.856 104.397 60.362 225 0 0
497.859 104.396 60.362 228 0 0
497.861 104.395 60.362 228 0 0
497.864 104.394 60.361 235 0 0
497.866 104.393 60.361 237 0 0
497.869 104.391 60.361 236 0 0
497.871 104.391 60.361 234 0 0
497.874 104.391 60.361 231 0 0
497.877 104.389 60.360 239 0 0
497.879 104.390 60.360 230 0 0
497.881 104.388 60.360 221 0 0
497.884 104.387 60.360 229 0 0
497.886 104.387 60.360 233 0 0
497.889 104.386 60.359 238 0 0
497.891 104.385 60.359 233 0 0
497.894 104.383 60.359 230 0 0
497.897 104.382 60.359 230 0 0
497.899 104.382 60.359 230 0 0
497.902 104.381 60.358 220 0 0
497.904 104.380 60.358 237 0 0
497.907 104.379 60.358 239 0 0
497.909 104.379 60.358 236 0 0
497.912 104.377 60.358 228 0 0
497.914 104.376 60.357 233 0 0
497.917 104.375 60.357 234 0 0
497.919 104.375 60.357 242 0 0
497.921 104.374 60.357 241 0 0
497.924 104.373 60.357 242 0 0
497.926 104.372 60.356 241 0 0
497.929 104.372 60.356 240 0 0
497.931 104.371 60.356 236 0 0
497.934 104.371 60.356 237 0 0
497.936 104.369 60.356 246 0 0
497.939 104.369 60.356 246 0 0
497.941 104.369 60.355 244 0 0
497.944 104.367 60.355 237 0 0
497.946 104.366 60.355 239 0 0
497.949 104.366 60.355 237 0 0
497.951 104.364 60.355 245 0 0
497.954 104.362 60.354 238 0 0
497.956 104.363 60.354 225 0 0
497.959 104.361 60.354 235 0 0
497.961 104.361 60.354 244 0 0
497.965 104.353 60.353 180 0 0
497.767 104.427 60.367 224 0 0
497.769 104.426 60.367 237 0 0
497.772 104.426 60.366 236 0 0
497.775 104.425 60.366 237 0 0
497.777 104.424 60.366 237 0 0
497.780 104.421 60.366 250 0 0
497.782 104.422 60.366 236 0 0
497.785 104.421 60.365 249 0 0
497.787 104.421 60.365 247 0 0
497.790 104.419 60.365 243 0 0
497.793 104.418 60.365 248 0 0
497.795 104.417 60.364 246 0 0
497.798 104.416 60.364 245 0 0
497.800 104.416 60.364 233 0 0
497.803 104.415 60.364 229 0 0
497.806 104.412 60.363 232 0 0
497.808 104.412 60.363 223 0 0
497.810 104.412 60.363 222 0 0
497.813 104.410 60.363 220 0 0
497.815 104.411 60.363 227 0 0
497.818 104.410 60.363 233 0 0
497.821 104.408 60.362 240 0 0
497.823 104.409 60.362 242 0 0
497.826 104.406 60.362 229 0 0
497.829 104.404 60.362 224 0 0
497.831 104.405 60.362 231 0 0
497.833 104.405 60.361 225 0 0
497.836 104.402 60.361 236 0 0
497.838 104.403 60.361 237 0 0
497.841 104.402 60.361 235 0 0
497.843 104.402 60.361 238 0 0
497.846 104.399 60.360 235 0 0
497.849 104.399 60.360 229 0 0
497.851 104.398 60.360 240 0 0
497.854 104.397 60.360 247 0 0
497.856 104.397 60.360 231 0 0
497.859 104.395 60.359 230 0 0
497.861 104.395 60.359 231 0 0
497.864 104.395 60.359 231 0 0
497.866 104.393 60.359 223 0 0
497.869 104.393 60.359 236 0 0
497.871 104.391 60.358 236 0 0
497.874 104.391 60.358 239 0 0
497.876 104.390 60.358 228 0 0
497.879 104.389 60.358 230 0 0
497.881 104.389 60.358 232 0 0
497.884 104.386 60.357 234 0 0
497.887 104.386 60.357 233 0 0
497.889 104.386 60.357 235 0 0
497.892 104.384 60.357 237 0 0
497.894 104.383 60.357 230 0 0
497.896 104.384 60.357 231 0 0
497.899 104.382 60.356 232 0 0
497.902 104.380 60.356 231 0 0
497.904 104.380 60.356 241 0 0
497.907 104.379 60.356 240 0 0
497.909 104.378 60.355 233 0 0
497.912 104.378 60.355 229 0 0
497.914 104.376 60.355 238 0 0
497.917 104.376 60.355 238 0 0
497.919 104.375 60.355 238 0 0
497.921 104.374 60.355 236 0 0
497.924 104.373 60.354 237 0 0
497.927 104.372 60.354 246 0 0
497.929 104.373 60.354 244 0 0
497.931 104.371 60.354 229 0 0
497.934 104.371 60.354 237 0 0
497.936 104.370 60.353 246 0 0
497.939 104.369 60.353 238 0 0
497.941 104.368 60.353 242 0 0
497.944 104.367 60.353 245 0 0
497.946 104.365 60.353 243 0 0
497.949 104.366 60.353 245 0 0
497.951 104.364 60.352 231 0 0
497.953 104.364 60.352 229 0 0
497.956 104.362 60.352 232 0 0
497.959 104.362 60.352 227 0 0
497.961 104.359 60.351 230 0 0
497.965 104.353 60.350 186 0 0
497.767 104.426 60.364 228 0 0
497.769 104.426 60.364 244 0 0
497.772 104.424 60.364 244 0 0
497.774 104.425 60.364 248 0 0
497.777 104.424 60.364 247 0 0
497.780 104.422 60.363 241 0 0
497.783 104.421 60.363 231 0 0
497.785 104.421 60.363 243 0 0
497.787 104.420 60.363 241 0 0
497.790 104.419 60.363 247 0 0
497.792 104.419 60.362 235 0 0
497.795 104.417 60.362 240 0 0
497.798 104.416 60.362 241 0 0
497.800 104.416 60.362 234 0 0
497.803 104.415 60.362 230 0 0
497.805 104.414 60.361 231 0 0
497.808 104.412 60.361 231 0 0
497.810 104.412 60.361 236 0 0
497.813 104.411 60.361 226 0 0
497.816 104.409 60.360 233 0 0
497.818 104.410 60.360 234 0 0
497.821 104.409 60.360 236 0 0
497.823 104.409 60.360 225 0 0
497.826 104.406 60.360 226 0 0
497.829 104.405 60.359 228 0 0
497.831 104.405 60.359 232 0 0
497.833 104.405 60.359 226 0 0
497.836 104.403 60.359 235 0 0
497.838 104.404 60.359 240 0 0
497.841 104.401 60.358 238 0 0
497.844 104.400 60.358 228 0 0
497.846 104.400 60.358 228 0 0
497.849 104.399 60.358 226 0 0
497.851 104.398 60.358 226 0 0
497.854 104.397 60.358 244 0 0
497.856 104.397 60.357 236 0 0
497.859 104.397 60.357 230 0 0
497.861 104.395 60.357 229 0 0
497.864 104.394 60.357 225 0 0
497.866 104.393 60.356 226 0 0
497.869 104.393 60.357 233 0 0
497.871 104.392 60.356 230 0 0
497.874 104.391 60.356 239 0 0
497.876 104.391 60.356 228 0 0
497.879 104.388 60.355 224 0 0
497.882 104.388 60.355 229 0 0
497.884 104.387 60.355 227 0 0
497.887 104.386 60.355 227 0 0
497.889 104.385 60.355 228 0 0
497.892 104.384 60.355 227 0 0
497.894 104.383 60.354 222 0 0
497.896 104.384 60.354 236 0 0
497.899 104.381 60.354 237 0 0
497.901 104.382 60.354 244 0 0
497.904 104.381 60.354 243 0 0
497.907 104.379 60.353 235 0 0
497.909 104.378 60.353 243 0 0
497.911 104.378 60.353 242 0 0
497.914 104.377 60.353 236 0 0
497.917 104.376 60.353 229 0 0
497.919 104.376 60.353 234 0 0
497.922 104.373 60.352 233 0 0
497.924 104.373 60.352 243 0 0
497.926 104.373 60.352 244 0 0
497.929 104.372 60.352 233 0 0
497.931 104.370 60.351 235 0 0
497.934 104.371 60.352 245 0 0
497.936 104.370 60.351 233 0 0
497.939 104.369 60.351 237 0 0
497.941 104.367 60.351 235 0 0
497.944 104.367 60.351 237 0 0
497.946 104.366 60.350 247 0 0
497.949 104.366 60.350 244 0 0
497.951 104.365 60.350 241 0 0
497.953 104.364 60.350 234 0 0
497.956 104.362 60.350 233 0 0
497.959 104.362 60.349 238 0 0
497.961 104.360 60.349 237 0 0
497.965 104.354 60.348 181 0 0
497.764 104.430 60.363 143 0 0
497.767 104.427 60.362 218 0 0
497.769 104.427 60.362 233 0 0
497.772 104.425 60.362 239 0 0
497.775 104.424 60.361 249 0 0
497.777 104.424 60.361 247 0 0
497.780 104.423 60.361 239 0 0
497.782 104.423 60.361 233 0 0
497.785 104.421 60.361 246 0 0
497.787 104.421 60.361 244 0 0
497.790 104.420 60.360 237 0 0
497.792 104.420 60.360 243 0 0
497.795 104.417 60.360 250 0 0
497.797 104.417 60.360 233 0 0
497.800 104.416 60.359 238 0 0
497.803 104.414 60.359 235 0 0
497.805 104.414 60.359 226 0 0
497.808 104.413 60.359 228 0 0
497.811 104.411 60.359 235 0 0
497.813 104.411 60.358 222 0 0
497.816 104.410 60.358 222 0 0
497.818 104.409 60.358 220 0 0
497.821 104.409 60.358 232 0 0
497.823 104.408 60.358 227 0 0
497.826 104.407 60.357 223 0 0
497.828 104.406 60.357 230 0 0
497.831 104.405 60.357 233 0 0
497.833 104.405 60.357 235 0 0
497.836 104.403 60.357 240 0 0
497.839 104.403 60.356 231 0 0
497.841 104.401 60.356 228 0 0
497.844 104.401 60.356 226 0 0
497.846 104.400 60.356 228 0 0
497.849 104.399 60.356 227 0 0
497.851 104.399 60.356 224 0 0
497.854 104.397 60.355 234 0 0
497.856 104.397 60.355 229 0 0
497.859 104.396 60.355 218 0 0
497.861 104.395 60.355 232 0 0
497.864 104.394 60.354 218 0 0
497.866 104.394 60.354 222 0 0
497.869 104.393 60.354 232 0 0
497.871 104.392 60.354 225 0 0
497.874 104.390 60.354 235 0 0
497.876 104.390 60.354 230 0 0
497.879 104.389 60.353 230 0 0
497.881 104.388 60.353 231 0 0
497.884 104.388 60.353 235 0 0
497.886 104.387 60.353 233 0 0
497.889 104.385 60.352 223 0 0
497.891 104.386 60.353 236 0 0
497.894 104.384 60.352 234 0 0
497.897 104.382 60.352 237 0 0
497.899 104.382 60.352 238 0 0
497.901 104.382 60.352 240 0 0
497.904 104.382 60.352 236 0 0
497.906 104.379 60.351 238 0 0
497.909 104.379 60.351 241 0 0
497.911 104.378 60.351 244 0 0
497.914 104.377 60.351 246 0 0
497.917 104.375 60.350 232 0 0
497.919 104.375 60.350 229 0 0
497.922 104.374 60.350 232 0 0
497.924 104.374 60.350 233 0 0
497.926 104.372 60.350 234 0 0
497.929 104.372 60.350 234 0 0
497.931 104.371 60.349 236 0 0
497.934 104.370 60.349 235 0 0
497.937 104.368 60.349 238 0 0
497.939 104.369 60.349 236 0 0
497.941 104.368 60.349 245 0 0
497.944 104.367 60.348 248 0 0
497.946 104.367 60.348 250 0 0
497.949 104.366 60.348 238 0 0
497.951 104.364 60.348 244 0 0
497.953 104.364 60.348 242 0 0
497.956 104.364 60.348 239 0 0
497.959 104.362 60.347 237 0 0
497.961 104.361 60.347 244 0 0
497.965 104.354 60.346 178 0 0
497.763 104.431 60.360 142 0 0
497.767 104.427 60.360 220 0 0
497.769 104.427 60.360 239 0 0
497.772 104.425 60.359 247 0 0
497.774 104.426 60.359 237 0 0
497.777 104.423 60.359 245 0 0
497.779 104.423 60.359 238 0 0
497.783 104.421 60.358 234 0 0
497.785 104.421 60.358 242 0 0
497.787 104.421 60.358 239 0 0
497.790 104.420 60.358 238 0 0
497.792 104.418 60.358 247 0 0
497.795 104.417 60.358 247 0 0
497.797 104.417 60.357 236 0 0
497.800 104.418 60.357 228 0 0
497.803 104.414 60.357 233 0 0
497.805 104.415 60.357 228 0 0
497.808 104.414 60.357 237 0 0
497.810 104.413 60.356 236 0 0
497.813 104.411 60.356 232 0 0
497.815 104.412 60.356 236 0 0
497.818 104.409 60.356 222 0 0
497.821 104.409 60.356 225 0 0
497.823 104.407 60.355 226 0 0
497.826 104.405 60.355 226 0 0
497.828 104.406 60.355 233 0 0
497.831 104.405 60.355 235 0 0
497.834 104.404 60.354 237 0 0
497.836 104.403 60.354 241 0 0
497.839 104.403 60.354 232 0 0
497.841 104.402 60.354 236 0 0
497.844 104.401 60.354 234 0 0
497.846 104.400 60.354 234 0 0
497.848 104.400 60.353 228 0 0
497.851 104.399 60.353 233 0 0
497.854 104.398 60.353 236 0 0
497.856 104.398 60.353 226 0 0
497.859 104.395 60.353 231 0 0
497.861 104.395 60.352 239 0 0
497.864 104.395 60.352 232 0 0
497.866 104.394 60.352 226 0 0
497.869 104.393 60.352 229 0 0
497.871 104.392 60.352 236 0 0
497.874 104.390 60.351 227 0 0
497.876 104.390 60.351 233 0 0
497.879 104.389 60.351 234 0 0
497.881 104.388 60.351 231 0 0
497.884 104.387 60.351 237 0 0
497.886 104.388 60.351 238 0 0
497.889 104.387 60.350 229 0 0
497.891 104.386 60.350 231 0 0
497.894 104.383 60.350 241 0 0
497.897 104.383 60.350 230 0 0
497.899 104.382 60.349 235 0 0
497.901 104.382 60.349 234 0 0
497.904 104.380 60.349 227 0 0
497.906 104.380 60.349 233 0 0
497.909 104.379 60.349 233 0 0
497.911 104.378 60.349 231 0 0
497.914 104.376 60.348 228 0 0
497.916 104.376 60.348 229 0 0
497.919 104.375 60.348 235 0 0
497.921 104.374 60.348 228 0 0
497.923 104.375 60.348 235 0 0
497.927 104.372 60.347 244 0 0
497.929 104.371 60.347 232 0 0
497.931 104.371 60.347 234 0 0
497.934 104.371 60.347 232 0 0
497.936 104.370 60.347 244 0 0
497.939 104.369 60.346 236 0 0
497.941 104.368 60.346 231 0 0
497.944 104.366 60.346 236 0 0
497.946 104.367 60.346 240 0 0
497.948 104.366 60.346 233 0 0
497.951 104.364 60.346 230 0 0
497.953 104.365 60.345 241 0 0
497.956 104.364 60.345 236 0 0
497.959 104.361 60.345 236 0 0
497.961 104.361 60.345 240 0 0
497.964 104.357 60.344 186 0 0
497.763 104.431 60.358 141 0 0
497.767 104.428 60.358 225 0 0
497.769 104.428 60.358 246 0 0
497.772 104.426 60.357 241 0 0
497.774 104.425 60.357 235 0 0
497.777 104.424 60.357 242 0 0
497.780 104.423 60.357 246 0 0
497.782 104.423 60.356 240 0 0
497.785 104.421 60.356 243 0 0
497.787 104.421 60.356 242 0 0
497.790 104.420 60.356 243 0 0
497.792 104.419 60.356 242 0 0
497.796 104.416 60.355 236 0 0
497.798 104.416 60.355 233 0 0
497.800 104.417 60.355 240 0 0
497.803 104.416 60.355 247 0 0
497.805 104.414 60.354 246 0 0
497.808 104.412 60.354 238 0 0
497.811 104.412 60.354 228 0 0
497.813 104.411 60.354 233 0 0
497.815 104.411 60.354 235 0 0
497.819 104.408 60.353 226 0 0
497.821 104.407 60.353 227 0 0
497.824 104.406 60.353 234 0 0
497.826 104.406 60.353 221 0 0
497.829 104.406 60.353 235 0 0
497.831 104.405 60.352 244 0 0
497.833 104.404 60.352 232 0 0
497.836 104.404 60.352 238 0 0
497.839 104.403 60.352 232 0 0
497.841 104.403 60.352 234 0 0
497.844 104.400 60.351 225 0 0
497.846 104.400 60.351 233 0 0
497.848 104.400 60.351 237 0 0
497.851 104.398 60.351 244 0 0
497.854 104.398 60.351 242 0 0
497.856 104.397 60.351 231 0 0
497.859 104.395 60.350 234 0 0
497.861 104.396 60.350 225 0 0
497.864 104.394 60.350 234 0 0
497.866 104.393 60.350 239 0 0
497.868 104.394 60.350 240 0 0
497.871 104.391 60.349 229 0 0
497.874 104.391 60.349 232 0 0
497.877 104.389 60.349 220 0 0
497.879 104.390 60.349 225 0 0
497.881 104.389 60.349 232 0 0
497.884 104.387 60.348 239 0 0
497.886 104.387 60.348 237 0 0
497.889 104.386 60.348 226 0 0
497.892 104.384 60.348 222 0 0
497.894 104.384 60.348 224 0 0
497.896 104.383 60.347 233 0 0
497.899 104.382 60.347 233 0 0
497.901 104.382 60.347 236 0 0
497.904 104.381 60.347 239 0 0
497.907 104.379 60.347 222 0 0
497.909 104.377 60.346 229 0 0
497.911 104.379 60.346 226 0 0
497.914 104.377 60.346 228 0 0
497.917 104.376 60.346 226 0 0
497.919 104.375 60.346 237 0 0
497.921 104.375 60.346 232 0 0
497.924 104.374 60.345 236 0 0
497.927 104.372 60.345 237 0 0
497.929 104.372 60.345 233 0 0
497.931 104.371 60.345 232 0 0
497.934 104.371 60.345 237 0 0
497.936 104.369 60.344 243 0 0
497.939 104.369 60.344 236 0 0
497.941 104.369 60.344 232 0 0
497.944 104.367 60.344 241 0 0
497.946 104.367 60.344 242 0 0
497.948 104.366 60.344 232 0 0
497.951 104.365 60.343 230 0 0
497.953 104.364 60.343 246 0 0
497.956 104.362 60.343 240 0 0
497.959 104.361 60.343 231 0 0
497.961 104.361 60.342 235 0 0
497.964 104.360 60.342 200 0 0
497.763 104.432 60.356 141 0 0
497.767 104.427 60.355 221 0 0
497.769 104.426 60.355 238 0 0
497.772 104.426 60.355 234 0 0
497.774 104.426 60.355 245 0 0
497.777 104.424 60.354 239 0 0
497.779 104.423 60.354 240 0 0
497.782 104.423 60.354 235 0 0
497.785 104.422 60.354 241 0 0
497.787 104.421 60.354 244 0 0
497.790 104.421 60.354 240 0 0
497.792 104.418 60.353 238 0 0
497.795 104.418 60.353 240 0 0
497.797 104.417 60.353 232 0 0
497.800 104.416 60.353 245 0 0
497.803 104.415 60.352 244 0 0
497.805 104.414 60.352 237 0 0
497.808 104.413 60.352 236 0 0
497.811 104.412 60.352 234 0 0
497.813 104.413 60.352 233 0 0
497.816 104.410 60.351 225 0 0
497.818 104.409 60.351 223 0 0
497.821 104.408 60.351 233 0 0
497.823 104.408 60.351 239 0 0
497.826 104.407 60.351 230 0 0
497.829 104.405 60.350 239 0 0
497.831 104.405 60.350 241 0 0
497.833 104.404 60.350 236 0 0
497.836 104.404 60.350 236 0 0
497.838 104.403 60.350 243 0 0
497.841 104.402 60.349 238 0 0
497.844 104.401 60.349 230 0 0
497.846 104.401 60.349 241 0 0
497.849 104.399 60.349 234 0 0
497.851 104.399 60.349 231 0 0
497.853 104.399 60.349 239 0 0
497.856 104.397 60.348 226 0 0
497.859 104.395 60.348 226 0 0
497.861 104.396 60.348 229 0 0
497.864 104.392 60.347 231 0 0
497.866 104.393 60.347 248 0 0
497.868 104.394 60.347 236 0 0
497.871 104.392 60.347 235 0 0
497.873 104.393 60.347 230 0 0
497.877 104.390 60.347 236 0 0
497.879 104.389 60.347 231 0 0
497.881 104.389 60.346 232 0 0
497.884 104.388 60.346 239 0 0
497.886 104.386 60.346 232 0 0
497.889 104.386 60.346 229 0 0
497.891 104.385 60.346 228 0 0
497.894 104.383 60.345 229 0 0
497.896 104.383 60.345 239 0 0
497.899 104.383 60.345 241 0 0
497.901 104.381 60.345 236 0 0
497.904 104.381 60.345 239 0 0
497.906 104.379 60.344 234 0 0
497.909 104.378 60.344 232 0 0
497.911 104.378 60.344 228 0 0
497.914 104.377 60.344 231 0 0
497.917 104.375 60.343 227 0 0
497.919 104.376 60.343 229 0 0
497.921 104.374 60.343 225 0 0
497.924 104.373 60.343 235 0 0
497.926 104.374 60.343 242 0 0
497.929 104.372 60.343 244 0 0
497.931 104.372 60.343 233 0 0
497.934 104.371 60.342 237 0 0
497.936 104.371 60.342 243 0 0
497.939 104.369 60.342 237 0 0
497.941 104.368 60.342 244 0 0
497.944 104.368 60.342 249 0 0
497.946 104.366 60.341 250 0 0
497.949 104.366 60.341 242 0 0
497.951 104.365 60.341 240 0 0
497.953 104.364 60.341 243 0 0
497.956 104.363 60.341 249 0 0
497.958 104.363 60.341 243 0 0
497.961 104.362 60.340 232 0 0
497.963 104.363 60.340 201 0 0
497.763 104.432 60.354 140 0 0
497.767 104.428 60.353 224 0 0
497.769 104.428 60.353 250 0 0
497.772 104.426 60.353 249 0 0
497.774 104.425 60.352 245 0 0
497.777 104.423 60.352 245 0 0
497.779 104.424 60.352 244 0 0
497.782 104.423 60.352 240 0 0
497.785 104.421 60.351 247 0 0
497.787 104.421 60.351 247 0 0
497.790 104.419 60.351 246 0 0
497.792 104.419 60.351 244 0 0
497.795 104.418 60.351 248 0 0
497.797 104.418 60.351 247 0 0
497.800 104.417 60.350 240 0 0
497.803 104.416 60.350 236 0 0
497.805 104.415 60.350 240 0 0
497.808 104.415 60.350 243 0 0
497.811 104.411 60.349 236 0 0
497.813 104.411 60.349 233 0 0
497.815 104.411 60.349 228 0 0
497.818 104.410 60.349 221 0 0
497.821 104.408 60.349 230 0 0
497.823 104.409 60.349 230 0 0
497.826 104.407 60.348 241 0 0
497.828 104.407 60.348 235 0 0
497.831 104.405 60.348 230 0 0
497.834 104.404 60.348 240 0 0
497.836 104.404 60.348 237 0 0
497.838 104.403 60.347 241 0 0
497.840 104.404 60.347 229 0 0
497.843 104.401 60.347 233 0 0
497.846 104.401 60.347 233 0 0
497.848 104.400 60.347 237 0 0
497.851 104.400 60.347 232 0 0
497.854 104.398 60.346 232 0 0
497.856 104.397 60.346 231 0 0
497.859 104.396 60.346 234 0 0
497.862 104.394 60.345 226 0 0
497.864 104.395 60.345 226 0 0
497.866 104.395 60.345 238 0 0
497.869 104.393 60.345 244 0 0
497.871 104.392 60.345 242 0 0
497.873 104.392 60.345 231 0 0
497.876 104.390 60.344 240 0 0
497.879 104.389 60.344 236 0 0
497.881 104.388 60.344 233 0 0
497.884 104.387 60.344 238 0 0
497.886 104.387 60.344 234 0 0
497.889 104.385 60.343 238 0 0
497.891 104.385 60.343 236 0 0
497.894 104.384 60.343 235 0 0
497.896 104.385 60.343 235 0 0
497.899 104.383 60.343 227 0 0
497.901 104.381 60.343 228 0 0
497.904 104.380 60.342 237 0 0
497.906 104.379 60.342 238 0 0
497.909 104.379 60.342 233 0 0
497.911 104.378 60.342 231 0 0
497.914 104.376 60.341 234 0 0
497.917 104.376 60.341 237 0 0
497.919 104.375 60.341 233 0 0
497.921 104.375 60.341 234 0 0
497.924 104.374 60.341 238 0 0
497.926 104.373 60.341 237 0 0
497.929 104.373 60.340 231 0 0
497.931 104.371 60.340 233 0 0
497.934 104.372 60.340 241 0 0
497.936 104.369 60.340 241 0 0
497.939 104.369 60.340 238 0 0
497.941 104.370 60.340 250 0 0
497.944 104.366 60.339 230 0 0
497.946 104.367 60.339 235 0 0
497.949 104.366 60.339 244 0 0
497.951 104.365 60.339 247 0 0
497.953 104.365 60.339 247 0 0
497.956 104.364 60.339 245 0 0
497.959 104.362 60.338 238 0 0
497.961 104.362 60.338 230 0 0
497.963 104.363 60.338 195 0 0
497.763 104.432 60.351 140 0 0
497.766 104.428 60.351 231 0 0
497.769 104.428 60.351 245 0 0
497.772 104.425 60.350 241 0 0
497.774 104.425 60.350 248 0 0
497.777 104.424 60.350 244 0 0
497.779 104.423 60.350 239 0 0
497.782 104.422 60.349 246 0 0
497.785 104.422 60.349 249 0 0
497.787 104.421 60.349 243 0 0
497.790 104.420 60.349 244 0 0
497.792 104.420 60.349 246 0 0
497.795 104.418 60.348 237 0 0
497.798 104.417 60.348 233 0 0
497.800 104.416 60.348 244 0 0
497.803 104.415 60.348 249 0 0
497.805 104.416 60.348 240 0 0
497.808 104.413 60.347 239 0 0
497.810 104.413 60.347 234 0 0
497.813 104.412 60.347 237 0 0
497.815 104.412 60.347 235 0 0
497.818 104.409 60.347 231 0 0
497.821 104.409 60.346 236 0 0
497.823 104.408 60.346 231 0 0
497.826 104.407 60.346 232 0 0
497.828 104.407 60.346 234 0 0
497.831 104.406 60.346 235 0 0
497.833 104.405 60.345 235 0 0
497.836 104.404 60.345 239 0 0
497.838 104.403 60.345 226 0 0
497.841 104.402 60.345 235 0 0
497.843 104.402 60.345 238 0 0
497.846 104.401 60.344 233 0 0
497.848 104.400 60.344 235 0 0
497.851 104.400 60.344 228 0 0
497.853 104.399 60.344 226 0 0
497.856 104.397 60.344 235 0 0
497.859 104.396 60.343 230 0 0
497.861 104.395 60.343 222 0 0
497.864 104.395 60.343 231 0 0
497.866 104.393 60.343 233 0 0
497.869 104.393 60.343 234 0 0
497.871 104.393 60.343 235 0 0
497.874 104.391 60.342 232 0 0
497.876 104.391 60.342 245 0 0
497.879 104.390 60.342 237 0 0
497.881 104.388 60.342 228 0 0
497.884 104.388 60.342 238 0 0
497.886 104.387 60.341 236 0 0
497.889 104.385 60.341 232 0 0
497.891 104.385 60.341 235 0 0
497.894 104.384 60.341 235 0 0
497.897 104.383 60.341 234 0 0
497.899 104.382 60.340 238 0 0
497.901 104.381 60.340 241 0 0
497.904 104.381 60.340 241 0 0
497.906 104.380 60.340 245 0 0
497.909 104.379 60.340 238 0 0
497.912 104.378 60.339 236 0 0
497.914 104.377 60.339 232 0 0
497.916 104.377 60.339 239 0 0
497.919 104.375 60.339 232 0 0
497.922 104.374 60.339 229 0 0
497.923 104.375 60.339 235 0 0
497.926 104.373 60.338 232 0 0
497.929 104.373 60.338 245 0 0
497.931 104.372 60.338 236 0 0
497.934 104.372 60.338 240 0 0
497.936 104.370 60.338 235 0 0
497.939 104.369 60.337 239 0 0
497.941 104.369 60.337 239 0 0
497.944 104.367 60.337 231 0 0
497.946 104.365 60.337 230 0 0
497.949 104.366 60.337 244 0 0
497.951 104.364 60.336 232 0 0
497.954 104.363 60.336 226 0 0
497.956 104.363 60.336 225 0 0
497.959 104.362 60.336 224 0 0
497.961 104.362 60.336 223 0 0
497.963 104.362 60.336 193 0 0
497.763 104.431 60.349 140 0 0
497.766 104.428 60.348 223 0 0
497.769 104.426 60.348 241 0 0
497.772 104.427 60.348 237 0 0
497.775 104.425 60.348 234 0 0
497.777 104.424 60.348 239 0 0
497.780 104.423 60.347 237 0 0
497.782 104.422 60.347 237 0 0
497.785 104.422 60.347 244 0 0
497.787 104.421 60.347 248 0 0
497.789 104.422 60.347 240 0 0
497.792 104.420 60.347 240 0 0
497.794 104.420 60.346 235 0 0
497.797 104.418 60.346 239 0 0
497.800 104.417 60.346 237 0 0
497.802 104.416 60.346 247 0 0
497.805 104.415 60.345 231 0 0
497.808 104.414 60.345 243 0 0
497.811 104.412 60.345 240 0 0
497.813 104.412 60.345 234 0 0
497.815 104.411 60.345 237 0 0
497.818 104.410 60.344 227 0 0
497.821 104.409 60.344 226 0 0
497.823 104.408 60.344 238 0 0
497.826 104.406 60.344 226 0 0
497.828 104.407 60.344 233 0 0
497.831 104.406 60.343 238 0 0
497.833 104.405 60.343 238 0 0
497.836 104.404 60.343 228 0 0
497.838 104.403 60.343 231 0 0
497.841 104.402 60.343 226 0 0
497.843 104.402 60.342 238 0 0
497.846 104.401 60.342 236 0 0
497.848 104.400 60.342 235 0 0
497.851 104.400 60.342 237 0 0
497.854 104.398 60.342 227 0 0
497.856 104.398 60.342 235 0 0
497.859 104.396 60.341 227 0 0
497.861 104.396 60.341 228 0 0
497.863 104.395 60.341 242 0 0
497.866 104.394 60.341 227 0 0
497.868 104.394 60.341 239 0 0
497.871 104.392 60.340 235 0 0
497.874 104.391 60.340 235 0 0
497.876 104.392 60.340 235 0 0
497.879 104.390 60.340 237 0 0
497.881 104.388 60.339 225 0 0
497.883 104.390 60.340 234 0 0
497.886 104.388 60.339 236 0 0
497.889 104.386 60.339 230 0 0
497.891 104.386 60.339 221 0 0
497.894 104.384 60.339 225 0 0
497.896 104.384 60.338 228 0 0
497.899 104.383 60.338 236 0 0
497.901 104.382 60.338 244 0 0
497.904 104.380 60.338 230 0 0
497.906 104.380 60.338 235 0 0
497.909 104.379 60.337 237 0 0
497.911 104.378 60.337 238 0 0
497.914 104.377 60.337 233 0 0
497.916 104.378 60.337 237 0 0
497.919 104.375 60.337 232 0 0
497.921 104.375 60.337 228 0 0
497.924 104.373 60.336 224 0 0
497.926 104.373 60.336 232 0 0
497.928 104.374 60.336 242 0 0
497.931 104.372 60.336 234 0 0
497.934 104.371 60.336 241 0 0
497.936 104.370 60.335 244 0 0
497.938 104.370 60.335 242 0 0
497.941 104.368 60.335 232 0 0
497.944 104.368 60.335 230 0 0
497.946 104.368 60.335 230 0 0
497.949 104.365 60.334 237 0 0
497.951 104.365 60.334 242 0 0
497.954 104.363 60.334 229 0 0
497.956 104.363 60.334 235 0 0
497.958 104.363 60.334 236 0 0
497.961 104.361 60.334 238 0 0
497.762 104.434 60.347 141 0 0
497.767 104.428 60.346 228 0 0
497.769 104.427 60.346 248 0 0
497.772 104.426 60.346 249 0 0
497.774 104.426 60.345 250 0 0
497.776 104.426 60.345 244 0 0
497.780 104.423 60.345 250 0 0
497.782 104.423 60.345 235 0 0
497.785 104.422 60.345 233 0 0
497.788 104.419 60.344 241 0 0
497.790 104.421 60.344 236 0 0
497.792 104.419 60.344 242 0 0
497.795 104.418 60.344 237 0 0
497.797 104.417 60.344 230 0 0
497.800 104.418 60.344 240 0 0
497.803 104.415 60.343 236 0 0
497.805 104.415 60.343 233 0 0
497.808 104.413 60.343 222 0 0
497.810 104.413 60.343 242 0 0
497.813 104.413 60.343 231 0 0
497.815 104.411 60.342 235 0 0
497.818 104.411 60.342 229 0 0
497.821 104.410 60.342 225 0 0
497.823 104.408 60.342 232 0 0
497.826 104.407 60.341 225 0 0
497.828 104.406 60.341 230 0 0
497.831 104.405 60.341 231 0 0
497.833 104.404 60.341 234 0 0
497.835 104.404 60.341 231 0 0
497.838 104.403 60.340 244 0 0
497.841 104.402 60.340 235 0 0
497.843 104.402 60.340 242 0 0
497.846 104.399 60.340 233 0 0
497.849 104.399 60.340 238 0 0
497.851 104.399 60.340 237 0 0
497.853 104.399 60.339 229 0 0
497.856 104.397 60.339 227 0 0
497.858 104.398 60.339 225 0 0
497.861 104.396 60.339 231 0 0
497.864 104.394 60.338 234 0 0
497.866 104.393 60.338 223 0 0
497.868 104.394 60.338 230 0 0
497.871 104.392 60.338 240 0 0
497.873 104.393 60.338 232 0 0
497.876 104.391 60.338 233 0 0
497.879 104.389 60.337 239 0 0
497.881 104.389 60.337 228 0 0
497.884 104.388 60.337 234 0 0
497.886 104.387 60.337 227 0 0
497.889 104.387 60.337 229 0 0
497.891 104.385 60.336 227 0 0
497.894 104.384 60.336 228 0 0
497.897 104.383 60.336 230 0 0
497.899 104.382 60.336 236 0 0
497.901 104.381 60.336 240 0 0
497.904 104.381 60.336 235 0 0
497.906 104.380 60.335 236 0 0
497.909 104.378 60.335 237 0 0
497.911 104.379 60.335 236 0 0
497.914 104.376 60.335 239 0 0
497.916 104.376 60.335 242 0 0
497.919 104.375 60.334 235 0 0
497.921 104.375 60.334 225 0 0
497.924 104.373 60.334 224 0 0
497.926 104.373 60.334 227 0 0
497.929 104.373 60.334 234 0 0
497.931 104.373 60.334 242 0 0
497.934 104.371 60.333 241 0 0
497.936 104.371 60.333 239 0 0
497.938 104.370 60.333 238 0 0
497.941 104.368 60.333 234 0 0
497.944 104.368 60.333 229 0 0
497.946 104.366 60.332 238 0 0
497.949 104.366 60.332 242 0 0
497.951 104.365 60.332 235 0 0
497.953 104.365 60.332 228 0 0
497.956 104.363 60.332 239 0 0
497.959 104.362 60.331 235 0 0
497.961 104.361 60.331 229 0 0
497.964 104.357 60.331 192 0 0
497.762 104.437 60.345 143 0 0
497.766 104.428 60.344 226 0 0
497.768 104.429 60.344 250 0 0
497.771 104.427 60.344 252 0 0
497.774 104.426 60.343 250 0 0
497.777 104.424 60.343 242 0 0
497.779 104.425 60.343 246 0 0
497.782 104.423 60.343 240 0 0
497.784 104.423 60.343 247 0 0
497.787 104.421 60.342 232 0 0
497.790 104.419 60.342 244 0 0
497.792 104.419 60.342 244 0 0
497.795 104.418 60.342 230 0 0
497.797 104.417 60.341 234 0 0
497.800 104.416 60.341 233 0 0
497.802 104.416 60.341 235 0 0
497.805 104.414 60.341 234 0 0
497.808 104.414 60.341 230 0 0
497.810 104.413 60.340 233 0 0
497.813 104.413 60.340 234 0 0
497.815 104.411 60.340 241 0 0
497.818 104.411 60.340 235 0 0
497.821 104.409 60.339 232 0 0
497.823 104.409 60.339 237 0 0
497.826 104.406 60.339 237 0 0
497.828 104.406 60.339 232 0 0
497.831 104.406 60.339 230 0 0
497.833 104.405 60.339 231 0 0
497.836 104.404 60.338 238 0 0
497.838 104.404 60.338 242 0 0
497.841 104.402 60.338 231 0 0
497.843 104.402 60.338 239 0 0
497.846 104.400 60.338 228 0 0
497.848 104.401 60.338 239 0 0
497.851 104.400 60.337 246 0 0
497.853 104.399 60.337 235 0 0
497.856 104.397 60.337 230 0 0
497.859 104.396 60.337 233 0 0
497.861 104.395 60.336 227 0 0
497.864 104.395 60.336 234 0 0
497.866 104.394 60.336 240 0 0
497.868 104.394 60.336 238 0 0
497.871 104.391 60.336 237 0 0
497.874 104.392 60.336 250 0 0
497.876 104.393 60.336 246 0 0
497.879 104.389 60.335 243 0 0
497.881 104.389 60.335 229 0 0
497.884 104.388 60.335 226 0 0
497.886 104.387 60.335 231 0 0
497.889 104.387 60.334 234 0 0
497.891 104.386 60.334 241 0 0
497.894 104.383 60.334 241 0 0
497.896 104.383 60.334 229 0 0
497.899 104.383 60.334 233 0 0
497.901 104.382 60.333 243 0 0
497.904 104.382 60.333 246 0 0
497.906 104.380 60.333 238 0 0
497.909 104.378 60.333 238 0 0
497.912 104.376 60.332 230 0 0
497.914 104.377 60.332 234 0 0
497.917 104.375 60.332 239 0 0
497.919 104.376 60.332 234 0 0
497.921 104.375 60.332 235 0 0
497.924 104.374 60.332 242 0 0
497.926 104.374 60.332 236 0 0
497.929 104.373 60.331 235 0 0
497.931 104.373 60.331 239 0 0
497.934 104.372 60.331 236 0 0
497.936 104.370 60.331 237 0 0
497.939 104.369 60.331 247 0 0
497.941 104.369 60.331 244 0 0
497.944 104.368 60.330 228 0 0
497.946 104.367 60.330 230 0 0
497.948 104.366 60.330 239 0 0
497.951 104.366 60.330 231 0 0
497.953 104.365 60.330 238 0 0
497.956 104.363 60.329 230 0 0
497.959 104.362 60.329 226 0 0
497.961 104.360 60.329 233 0 0
497.964 104.359 60.329 189 0 0
497.766 104.430 60.342 228 0 0
497.768 104.429 60.342 251 0 0
497.771 104.428 60.341 251 0 0
497.774 104.427 60.341 250 0 0
497.776 104.426 60.341 249 0 0
497.779 104.424 60.340 229 0 0
497.782 104.423 60.340 244 0 0
497.785 104.422 60.340 244 0 0
497.787 104.421 60.340 246 0 0
497.790 104.419 60.340 246 0 0
497.792 104.420 60.340 234 0 0
497.795 104.418 60.339 234 0 0
497.797 104.418 60.339 241 0 0
497.800 104.417 60.339 240 0 0
497.802 104.416 60.339 232 0 0
497.805 104.415 60.338 226 0 0
497.808 104.415 60.338 233 0 0
497.811 104.412 60.338 232 0 0
497.813 104.411 60.338 231 0 0
497.815 104.412 60.338 241 0 0
497.818 104.409 60.337 235 0 0
497.821 104.409 60.337 235 0 0
497.823 104.409 60.337 223 0 0
497.826 104.407 60.337 232 0 0
497.828 104.406 60.337 235 0 0
497.831 104.406 60.337 241 0 0
497.833 104.405 60.336 234 0 0
497.836 104.403 60.336 233 0 0
497.838 104.404 60.336 236 0 0
497.841 104.401 60.336 240 0 0
497.843 104.402 60.336 239 0 0
497.846 104.400 60.335 226 0 0
497.848 104.400 60.335 234 0 0
497.851 104.400 60.335 233 0 0
497.854 104.398 60.335 239 0 0
497.856 104.398 60.335 234 0 0
497.859 104.396 60.334 224 0 0
497.861 104.396 60.334 230 0 0
497.863 104.396 60.334 230 0 0
497.866 104.395 60.334 244 0 0
497.868 104.394 60.334 249 0 0
497.871 104.392 60.333 244 0 0
497.874 104.392 60.333 235 0 0
497.876 104.391 60.333 233 0 0
497.879 104.390 60.333 233 0 0
497.881 104.388 60.333 226 0 0
497.884 104.388 60.332 222 0 0
497.886 104.387 60.332 228 0 0
497.889 104.385 60.332 237 0 0
497.891 104.385 60.332 241 0 0
497.894 104.384 60.332 234 0 0
497.896 104.385 60.332 237 0 0
497.899 104.382 60.331 232 0 0
497.901 104.383 60.331 233 0 0
497.904 104.379 60.331 239 0 0
497.906 104.381 60.331 244 0 0
497.909 104.380 60.331 237 0 0
497.911 104.379 60.331 237 0 0
497.914 104.377 60.330 231 0 0
497.916 104.376 60.330 229 0 0
497.919 104.374 60.330 229 0 0
497.921 104.375 60.330 226 0 0
497.924 104.374 60.329 229 0 0
497.926 104.374 60.329 237 0 0
497.928 104.374 60.329 245 0 0
497.931 104.373 60.329 236 0 0
497.934 104.372 60.329 239 0 0
497.936 104.370 60.329 240 0 0
497.939 104.369 60.328 249 0 0
497.941 104.369 60.328 241 0 0
497.944 104.368 60.328 238 0 0
497.946 104.368 60.328 240 0 0
497.948 104.366 60.328 236 0 0
497.951 104.366 60.328 241 0 0
497.953 104.364 60.327 241 0 0
497.956 104.364 60.327 228 0 0
497.958 104.362 60.327 235 0 0
497.961 104.362 60.327 233 0 0
497.963 104.361 60.327 198 0 0
497.766 104.429 60.339 235 0 0
497.769 104.428 60.339 251 0 0
497.771 104.428 60.339 251 0 0
497.774 104.427 60.339 251 0 0
497.777 104.425 60.338 251 0 0
497.779 104.425 60.338 244 0 0
497.782 104.424 60.338 243 0 0
497.785 104.422 60.338 249 0 0
497.787 104.422 60.338 251 0 0
497.790 104.421 60.337 248 0 0
497.792 104.420 60.337 237 0 0
497.795 104.420 60.337 236 0 0
497.798 104.417 60.337 237 0 0
497.800 104.417 60.337 243 0 0
497.803 104.414 60.336 224 0 0
497.805 104.414 60.336 241 0 0
497.808 104.414 60.336 230 0 0
497.810 104.412 60.336 232 0 0
497.813 104.411 60.335 236 0 0
497.815 104.411 60.335 233 0 0
497.818 104.409 60.335 230 0 0
497.821 104.409 60.335 230 0 0
497.823 104.408 60.335 234 0 0
497.826 104.407 60.335 242 0 0
497.828 104.408 60.335 231 0 0
497.831 104.406 60.334 226 0 0
497.833 104.405 60.334 227 0 0
497.835 104.404 60.334 231 0 0
497.838 104.404 60.334 229 0 0
497.841 104.402 60.333 243 0 0
497.843 104.402 60.333 241 0 0
497.846 104.401 60.333 228 0 0
497.848 104.400 60.333 229 0 0
497.851 104.398 60.332 232 0 0
497.854 104.398 60.333 233 0 0
497.856 104.398 60.332 243 0 0
497.859 104.396 60.332 237 0 0
497.861 104.397 60.332 236 0 0
497.864 104.393 60.332 240 0 0
497.866 104.394 60.332 236 0 0
497.869 104.393 60.331 239 0 0
497.871 104.392 60.331 237 0 0
497.874 104.392 60.331 232 0 0
497.876 104.390 60.331 236 0 0
497.879 104.390 60.331 236 0 0
497.881 104.389 60.330 232 0 0
497.884 104.388 60.330 233 0 0
497.887 104.386 60.330 234 0 0
497.889 104.386 60.330 229 0 0
497.891 104.386 60.330 221 0 0
497.894 104.384 60.329 234 0 0
497.897 104.383 60.329 232 0 0
497.899 104.383 60.329 241 0 0
497.901 104.382 60.329 237 0 0
497.904 104.381 60.329 240 0 0
497.906 104.380 60.328 232 0 0
497.909 104.379 60.328 230 0 0
497.911 104.379 60.328 230 0 0
497.914 104.378 60.328 231 0 0
497.916 104.377 60.328 229 0 0
497.919 104.375 60.328 229 0 0
497.921 104.375 60.327 238 0 0
497.924 104.374 60.327 249 0 0
497.926 104.373 60.327 250 0 0
497.928 104.375 60.327 250 0 0
497.931 104.374 60.327 242 0 0
497.934 104.371 60.327 248 0 0
497.936 104.370 60.326 249 0 0
497.938 104.370 60.326 250 0 0
497.941 104.368 60.326 246 0 0
497.944 104.368 60.326 235 0 0
497.946 104.367 60.326 236 0 0
497.948 104.367 60.326 236 0 0
497.950 104.367 60.326 237 0 0
497.953 104.364 60.325 238 0 0
497.956 104.364 60.325 224 0 0
497.958 104.363 60.325 237 0 0
497.961 104.362 60.325 243 0 0
497.964 104.360 60.324 203 0 0
497.765 104.432 60.337 234 0 0
497.768 104.429 60.337 251 0 0
497.771 104.429 60.337 250 0 0
497.774 104.427 60.337 248 0 0
497.777 104.425 60.336 251 0 0
497.779 104.425 60.336 249 0 0
497.782 104.424 60.336 236 0 0
497.785 104.422 60.335 237 0 0
497.787 104.421 60.335 249 0 0
497.790 104.421 60.335 247 0 0
497.792 104.420 60.335 234 0 0
497.795 104.419 60.335 239 0 0
497.797 104.417 60.334 240 0 0
497.800 104.417 60.334 239 0 0
497.802 104.416 60.334 229 0 0
497.805 104.415 60.334 233 0 0
497.808 104.414 60.334 237 0 0
497.810 104.413 60.333 238 0 0
497.813 104.412 60.333 237 0 0
497.815 104.411 60.333 234 0 0
497.818 104.410 60.333 226 0 0
497.821 104.409 60.333 226 0 0
497.823 104.408 60.332 230 0 0
497.826 104.408 60.332 234 0 0
497.828 104.406 60.332 226 0 0
497.831 104.405 60.332 226 0 0
497.833 104.406 60.332 238 0 0
497.835 104.405 60.332 234 0 0
497.838 104.404 60.331 236 0 0
497.841 104.403 60.331 240 0 0
497.843 104.403 60.331 231 0 0
497.846 104.402 60.331 235 0 0
497.848 104.400 60.331 240 0 0
497.851 104.400 60.330 228 0 0
497.853 104.399 60.330 225 0 0
497.856 104.398 60.330 236 0 0
497.859 104.396 60.330 234 0 0
497.861 104.395 60.330 229 0 0
497.864 104.394 60.329 231 0 0
497.866 104.395 60.329 234 0 0
497.869 104.393 60.329 242 0 0
497.871 104.393 60.329 237 0 0
497.874 104.391 60.329 235 0 0
497.876 104.391 60.329 233 0 0
497.879 104.389 60.328 233 0 0
497.881 104.388 60.328 231 0 0
497.884 104.389 60.328 241 0 0
497.886 104.387 60.328 243 0 0
497.889 104.385 60.327 232 0 0
497.891 104.385 60.327 224 0 0
497.894 104.384 60.327 239 0 0
497.896 104.384 60.327 241 0 0
497.899 104.382 60.327 236 0 0
497.901 104.382 60.327 230 0 0
497.904 104.381 60.326 225 0 0
497.906 104.380 60.326 230 0 0
497.909 104.380 60.326 231 0 0
497.911 104.380 60.326 245 0 0
497.914 104.377 60.326 238 0 0
497.916 104.376 60.325 232 0 0
497.919 104.375 60.325 232 0 0
497.921 104.375 60.325 239 0 0
497.924 104.375 60.325 243 0 0
497.926 104.374 60.325 234 0 0
497.928 104.374 60.325 242 0 0
497.931 104.372 60.324 249 0 0
497.934 104.371 60.324 247 0 0
497.936 104.373 60.324 244 0 0
497.938 104.371 60.324 246 0 0
497.941 104.370 60.324 243 0 0
497.944 104.367 60.323 241 0 0
497.946 104.368 60.324 249 0 0
497.949 104.365 60.323 247 0 0
497.951 104.365 60.323 245 0 0
497.953 104.365 60.323 238 0 0
497.956 104.364 60.323 225 0 0
497.958 104.363 60.322 245 0 0
497.961 104.363 60.322 235 0 0
497.766 104.431 60.335 234 0 0
497.769 104.428 60.335 251 0 0
497.771 104.428 60.334 250 0 0
497.774 104.427 60.334 243 0 0
497.777 104.425 60.334 250 0 0
497.779 104.425 60.334 246 0 0
497.782 104.422 60.333 249 0 0
497.785 104.422 60.333 242 0 0
497.787 104.423 60.333 248 0 0
497.790 104.420 60.333 247 0 0
497.792 104.420 60.333 237 0 0
497.795 104.419 60.332 238 0 0
497.797 104.417 60.332 234 0 0
497.800 104.416 60.332 240 0 0
497.802 104.416 60.332 237 0 0
497.805 104.415 60.332 237 0 0
497.808 104.413 60.331 235 0 0
497.811 104.412 60.331 229 0 0
497.813 104.412 60.331 223 0 0
497.815 104.411 60.331 228 0 0
497.818 104.410 60.330 225 0 0
497.820 104.410 60.330 238 0 0
497.823 104.409 60.330 233 0 0
497.826 104.407 60.330 236 0 0
497.828 104.406 60.330 229 0 0
497.831 104.406 60.330 233 0 0
497.833 104.406 60.330 235 0 0
497.836 104.404 60.329 232 0 0
497.838 104.403 60.329 229 0 0
497.840 104.404 60.329 241 0 0
497.843 104.402 60.329 234 0 0
497.846 104.401 60.329 244 0 0
497.848 104.401 60.328 238 0 0
497.851 104.399 60.328 225 0 0
497.854 104.398 60.328 225 0 0
497.856 104.398 60.328 233 0 0
497.858 104.398 60.328 232 0 0
497.861 104.396 60.327 239 0 0
497.864 104.394 60.327 227 0 0
497.866 104.394 60.327 230 0 0
497.868 104.394 60.327 240 0 0
497.871 104.393 60.327 240 0 0
497.873 104.392 60.327 246 0 0
497.876 104.390 60.326 236 0 0
497.879 104.389 60.326 234 0 0
497.881 104.390 60.326 244 0 0
497.884 104.387 60.326 238 0 0
497.886 104.388 60.326 233 0 0
497.889 104.387 60.325 233 0 0
497.891 104.385 60.325 231 0 0
497.894 104.384 60.325 231 0 0
497.896 104.384 60.325 242 0 0
497.899 104.383 60.325 234 0 0
497.901 104.383 60.324 235 0 0
497.904 104.381 60.324 239 0 0
497.906 104.381 60.324 238 0 0
497.908 104.381 60.324 230 0 0
497.911 104.379 60.324 234 0 0
497.914 104.377 60.323 239 0 0
497.916 104.377 60.323 241 0 0
497.918 104.377 60.323 237 0 0
497.921 104.375 60.323 241 0 0
497.924 104.375 60.323 235 0 0
497.926 104.374 60.323 246 0 0
497.929 104.373 60.322 237 0 0
497.931 104.373 60.322 247 0 0
497.934 104.372 60.322 242 0 0
497.936 104.371 60.322 238 0 0
497.939 104.369 60.322 249 0 0
497.941 104.369 60.322 239 0 0
497.944 104.368 60.321 236 0 0
497.946 104.368 60.321 246 0 0
497.948 104.366 60.321 247 0 0
497.950 104.367 60.321 249 0 0
497.953 104.365 60.321 237 0 0
497.956 104.364 60.321 234 0 0
497.958 104.363 60.320 238 0 0
497.961 104.362 60.320 237 0 0
497.766 104.431 60.333 223 0 0
497.768 104.430 60.332 250 0 0
497.771 104.428 60.332 250 0 0
497.774 104.427 60.332 250 0 0
497.776 104.426 60.332 239 0 0
497.779 104.425 60.331 244 0 0
497.782 104.423 60.331 251 0 0
497.785 104.422 60.331 247 0 0
497.787 104.423 60.331 244 0 0
497.790 104.421 60.331 238 0 0
497.792 104.418 60.330 236 0 0
497.795 104.419 60.330 237 0 0
497.797 104.418 60.330 237 0 0
497.800 104.417 60.330 242 0 0
497.802 104.416 60.330 240 0 0
497.805 104.414 60.329 228 0 0
497.808 104.414 60.329 233 0 0
497.810 104.412 60.329 233 0 0
497.813 104.412 60.329 225 0 0
497.815 104.412 60.329 231 0 0
497.818 104.409 60.328 228 0 0
497.821 104.409 60.328 235 0 0
497.823 104.409 60.328 237 0 0
497.825 104.409 60.328 236 0 0
497.829 104.406 60.327 237 0 0
497.831 104.406 60.327 231 0 0
497.833 104.405 60.327 240 0 0
497.836 104.404 60.327 230 0 0
497.838 104.403 60.327 241 0 0
497.841 104.402 60.326 229 0 0
497.843 104.402 60.326 236 0 0
497.846 104.400 60.326 241 0 0
497.848 104.400 60.326 234 0 0
497.851 104.399 60.326 231 0 0
497.853 104.398 60.326 236 0 0
497.856 104.398 60.326 242 0 0
497.859 104.397 60.325 233 0 0
497.861 104.395 60.325 233 0 0
497.864 104.395 60.325 241 0 0
497.866 104.395 60.325 240 0 0
497.869 104.393 60.325 245 0 0
497.871 104.393 60.324 235 0 0
497.873 104.392 60.324 235 0 0
497.876 104.390 60.324 231 0 0
497.878 104.390 60.324 235 0 0
497.881 104.390 60.324 239 0 0
497.884 104.388 60.323 236 0 0
497.886 104.388 60.323 230 0 0
497.889 104.387 60.323 235 0 0
497.891 104.385 60.323 231 0 0
497.894 104.385 60.323 232 0 0
497.896 104.385 60.323 235 0 0
497.899 104.383 60.322 227 0 0
497.901 104.382 60.322 246 0 0
497.904 104.382 60.322 249 0 0
497.906 104.380 60.322 249 0 0
497.909 104.379 60.322 242 0 0
497.911 104.379 60.321 239 0 0
497.914 104.377 60.321 243 0 0
497.916 104.377 60.321 245 0 0
497.919 104.376 60.321 237 0 0
497.921 104.374 60.321 238 0 0
497.924 104.375 60.321 236 0 0
497.926 104.374 60.320 250 0 0
497.929 104.373 60.320 240 0 0
497.931 104.374 60.320 245 0 0
497.933 104.372 60.320 240 0 0
497.936 104.372 60.320 244 0 0
497.938 104.370 60.320 242 0 0
497.941 104.370 60.319 230 0 0
497.943 104.369 60.319 231 0 0
497.946 104.369 60.319 235 0 0
497.948 104.367 60.319 249 0 0
497.951 104.366 60.319 240 0 0
497.953 104.366 60.319 233 0 0
497.956 104.364 60.318 235 0 0
497.958 104.363 60.318 233 0 0
497.961 104.362 60.318 243 0 0
497.766 104.431 60.330 221 0 0
497.769 104.429 60.330 250 0 0
497.772 104.426 60.329 251 0 0
497.774 104.427 60.329 249 0 0
497.777 104.425 60.329 244 0 0
497.779 104.426 60.329 242 0 0
497.782 104.423 60.329 243 0 0
497.784 104.423 60.329 242 0 0
497.787 104.422 60.328 239 0 0
497.790 104.420 60.328 232 0 0
497.792 104.420 60.328 242 0 0
497.795 104.419 60.328 241 0 0
497.797 104.418 60.328 234 0 0
497.800 104.418 60.328 240 0 0
497.802 104.416 60.327 231 0 0
497.805 104.415 60.327 227 0 0
497.808 104.414 60.327 233 0 0
497.810 104.413 60.327 242 0 0
497.813 104.413 60.326 232 0 0
497.815 104.412 60.326 238 0 0
497.818 104.410 60.326 235 0 0
497.820 104.410 60.326 230 0 0
497.823 104.409 60.326 231 0 0
497.826 104.408 60.325 238 0 0
497.828 104.406 60.325 236 0 0
497.830 104.407 60.325 241 0 0
497.833 104.404 60.325 244 0 0
497.835 104.404 60.325 235 0 0
497.838 104.403 60.324 240 0 0
497.841 104.402 60.324 227 0 0
497.843 104.403 60.324 234 0 0
497.845 104.402 60.324 248 0 0
497.848 104.400 60.324 230 0 0
497.851 104.400 60.324 222 0 0
497.853 104.399 60.323 234 0 0
497.856 104.398 60.323 239 0 0
497.858 104.397 60.323 236 0 0
497.861 104.397 60.323 241 0 0
497.863 104.396 60.323 241 0 0
497.866 104.395 60.323 236 0 0
497.869 104.393 60.322 246 0 0
497.871 104.393 60.322 242 0 0
497.873 104.393 60.322 242 0 0
497.877 104.390 60.322 238 0 0
497.878 104.391 60.322 230 0 0
497.881 104.389 60.321 238 0 0
497.884 104.388 60.321 236 0 0
497.886 104.387 60.321 238 0 0
497.889 104.387 60.321 241 0 0
497.891 104.385 60.320 243 0 0
497.894 104.384 60.320 237 0 0
497.896 104.384 60.320 248 0 0
497.898 104.384 60.320 242 0 0
497.901 104.382 60.320 250 0 0
497.904 104.381 60.320 251 0 0
497.906 104.380 60.319 248 0 0
497.908 104.381 60.319 248 0 0
497.911 104.380 60.319 242 0 0
497.914 104.378 60.319 238 0 0
497.916 104.377 60.319 248 0 0
497.918 104.377 60.319 240 0 0
497.921 104.375 60.318 240 0 0
497.924 104.374 60.318 246 0 0
497.926 104.375 60.318 239 0 0
497.928 104.374 60.318 245 0 0
497.931 104.373 60.318 246 0 0
497.933 104.372 60.318 247 0 0
497.936 104.371 60.317 245 0 0
497.938 104.370 60.317 235 0 0
497.940 104.371 60.317 239 0 0
497.943 104.369 60.317 234 0 0
497.946 104.368 60.317 240 0 0
497.948 104.367 60.317 240 0 0
497.950 104.367 60.317 240 0 0
497.953 104.365 60.316 228 0 0
497.956 104.364 60.316 233 0 0
497.958 104.364 60.316 242 0 0
497.960 104.364 60.316 248 0 0
497.962 104.365 60.316 221 0 0
497.766 104.430 60.328 216 0 0
497.768 104.429 60.328 249 0 0
497.771 104.428 60.327 251 0 0
497.774 104.427 60.327 246 0 0
497.777 104.425 60.327 244 0 0
497.779 104.424 60.327 239 0 0
497.782 104.423 60.326 235 0 0
497.784 104.423 60.326 237 0 0
497.787 104.421 60.326 232 0 0
497.790 104.421 60.326 236 0 0
497.792 104.420 60.326 247 0 0
497.795 104.420 60.326 249 0 0
497.797 104.418 60.325 240 0 0
497.800 104.418 60.325 233 0 0
497.802 104.416 60.325 238 0 0
497.805 104.415 60.325 239 0 0
497.807 104.415 60.325 243 0 0
497.810 104.413 60.324 241 0 0
497.813 104.412 60.324 239 0 0
497.815 104.411 60.324 235 0 0
497.818 104.410 60.324 233 0 0
497.821 104.409 60.323 228 0 0
497.823 104.410 60.324 233 0 0
497.825 104.409 60.323 231 0 0
497.828 104.407 60.323 237 0 0
497.831 104.407 60.323 237 0 0
497.833 104.405 60.323 230 0 0
497.835 104.405 60.323 239 0 0
497.838 104.403 60.322 245 0 0
497.841 104.402 60.322 241 0 0
497.843 104.403 60.322 241 0 0
497.845 104.402 60.322 243 0 0
497.848 104.401 60.322 236 0 0
497.851 104.400 60.321 234 0 0
497.853 104.400 60.321 231 0 0
497.856 104.399 60.321 237 0 0
497.858 104.398 60.321 231 0 0
497.861 104.397 60.321 239 0 0
497.863 104.396 60.320 234 0 0
497.866 104.395 60.320 241 0 0
497.868 104.394 60.320 234 0 0
497.871 104.393 60.320 243 0 0
497.873 104.392 60.320 246 0 0
497.876 104.391 60.319 244 0 0
497.879 104.390 60.319 248 0 0
497.881 104.388 60.319 233 0 0
497.883 104.389 60.319 239 0 0
497.886 104.387 60.319 232 0 0
497.889 104.386 60.318 243 0 0
497.891 104.386 60.318 244 0 0
497.894 104.383 60.318 243 0 0
497.896 104.384 60.318 247 0 0
497.899 104.383 60.318 243 0 0
497.901 104.383 60.318 248 0 0
497.903 104.382 60.318 249 0 0
497.906 104.381 60.317 249 0 0
497.909 104.380 60.317 249 0 0
497.911 104.379 60.317 244 0 0
497.914 104.378 60.317 247 0 0
497.916 104.377 60.317 247 0 0
497.918 104.377 60.316 239 0 0
497.921 104.377 60.316 241 0 0
497.923 104.376 60.316 237 0 0
497.926 104.375 60.316 234 0 0
497.929 104.373 60.316 239 0 0
497.931 104.372 60.315 228 0 0
497.933 104.372 60.315 242 0 0
497.936 104.372 60.315 233 0 0
497.938 104.371 60.315 231 0 0
497.941 104.369 60.315 243 0 0
497.943 104.370 60.315 238 0 0
497.946 104.368 60.315 238 0 0
497.948 104.368 60.314 245 0 0
497.951 104.366 60.314 245 0 0
497.953 104.366 60.314 228 0 0
497.956 104.364 60.314 240 0 0
497.958 104.363 60.314 245 0 0
497.961 104.361 60.313 243 0 0
497.766 104.430 60.326 216 0 0
497.769 104.429 60.325 251 0 0
497.771 104.428 60.325 251 0 0
497.774 104.427 60.325 249 0 0
497.776 104.426 60.325 247 0 0
497.779 104.426 60.325 241 0 0
497.782 104.425 60.324 235 0 0
497.784 104.423 60.324 240 0 0
497.787 104.422 60.324 237 0 0
497.790 104.420 60.324 240 0 0
497.792 104.420 60.323 243 0 0
497.795 104.419 60.323 243 0 0
497.797 104.418 60.323 247 0 0
497.799 104.418 60.323 238 0 0
497.802 104.417 60.323 241 0 0
497.805 104.415 60.322 234 0 0
497.807 104.415 60.322 233 0 0
497.810 104.413 60.322 227 0 0
497.813 104.412 60.322 239 0 0
497.815 104.412 60.322 236 0 0
497.818 104.412 60.322 230 0 0
497.821 104.409 60.321 229 0 0
497.823 104.409 60.321 238 0 0
497.826 104.409 60.321 231 0 0
497.828 104.407 60.321 235 0 0
497.831 104.406 60.321 241 0 0
497.833 104.406 60.320 234 0 0
497.835 104.405 60.320 248 0 0
497.838 104.404 60.320 244 0 0
497.841 104.403 60.320 241 0 0
497.843 104.403 60.320 244 0 0
497.846 104.401 60.319 236 0 0
497.848 104.400 60.319 238 0 0
497.851 104.400 60.319 233 0 0
497.853 104.399 60.319 234 0 0
497.856 104.398 60.319 239 0 0
497.859 104.396 60.318 235 0 0
497.861 104.396 60.318 238 0 0
497.863 104.396 60.318 243 0 0
497.866 104.396 60.318 233 0 0
497.869 104.393 60.318 232 0 0
497.871 104.393 60.318 236 0 0
497.873 104.394 60.318 239 0 0
497.876 104.391 60.317 241 0 0
497.878 104.391 60.317 242 0 0
497.881 104.390 60.317 241 0 0
497.883 104.389 60.317 241 0 0
497.886 104.388 60.316 241 0 0
497.888 104.387 60.316 245 0 0
497.891 104.387 60.316 238 0 0
497.894 104.384 60.316 246 0 0
497.896 104.385 60.316 247 0 0
497.898 104.384 60.316 250 0 0
497.901 104.383 60.315 248 0 0
497.904 104.381 60.315 247 0 0
497.906 104.381 60.315 242 0 0
497.909 104.379 60.315 244 0 0
497.912 104.377 60.314 247 0 0
497.914 104.378 60.314 249 0 0
497.916 104.377 60.314 249 0 0
497.918 104.377 60.314 247 0 0
497.921 104.375 60.314 236 0 0
497.923 104.376 60.314 246 0 0
497.926 104.374 60.314 239 0 0
497.928 104.374 60.314 236 0 0
497.931 104.372 60.313 241 0 0
497.934 104.372 60.313 250 0 0
497.936 104.371 60.313 238 0 0
497.938 104.370 60.313 246 0 0
497.941 104.369 60.313 241 0 0
497.944 104.368 60.312 246 0 0
497.945 104.369 60.312 245 0 0
497.948 104.368 60.312 244 0 0
497.950 104.367 60.312 250 0 0
497.953 104.365 60.312 248 0 0
497.956 104.364 60.311 241 0 0
497.958 104.363 60.311 240 0 0
497.961 104.362 60.311 248 0 0
497.766 104.430 60.323 209 0 0
497.769 104.428 60.323 250 0 0
497.771 104.428 60.323 246 0 0
497.774 104.427 60.323 248 0 0
497.776 104.426 60.322 244 0 0
497.779 104.425 60.322 249 0 0
497.782 104.424 60.322 248 0 0
497.785 104.422 60.322 242 0 0
497.787 104.421 60.321 242 0 0
497.790 104.422 60.321 242 0 0
497.792 104.420 60.321 240 0 0
497.794 104.421 60.321 240 0 0
497.797 104.417 60.321 238 0 0
497.800 104.416 60.320 242 0 0
497.802 104.417 60.320 246 0 0
497.805 104.416 60.320 237 0 0
497.807 104.415 60.320 240 0 0
497.810 104.413 60.320 237 0 0
497.812 104.414 60.320 240 0 0
497.815 104.412 60.319 249 0 0
497.818 104.411 60.319 248 0 0
497.820 104.410 60.319 235 0 0
497.823 104.410 60.319 243 0 0
497.825 104.409 60.319 239 0 0
497.828 104.409 60.319 243 0 0
497.831 104.406 60.318 243 0 0
497.833 104.406 60.318 235 0 0
497.835 104.405 60.318 241 0 0
497.838 104.404 60.318 241 0 0
497.841 104.403 60.318 238 0 0
497.843 104.403 60.317 239 0 0
497.845 104.402 60.317 237 0 0
497.848 104.401 60.317 239 0 0
497.851 104.400 60.317 240 0 0
497.853 104.400 60.317 240 0 0
497.856 104.398 60.316 249 0 0
497.858 104.399 60.316 246 0 0
497.861 104.397 60.316 240 0 0
497.863 104.395 60.316 248 0 0
497.866 104.396 60.316 240 0 0
497.868 104.394 60.315 248 0 0
497.871 104.393 60.315 246 0 0
497.874 104.392 60.315 241 0 0
497.876 104.392 60.315 239 0 0
497.878 104.392 60.315 249 0 0
497.881 104.391 60.315 249 0 0
497.883 104.390 60.315 247 0 0
497.886 104.390 60.314 247 0 0
497.889 104.387 60.314 242 0 0
497.891 104.387 60.314 237 0 0
497.893 104.386 60.314 247 0 0
497.896 104.384 60.313 251 0 0
497.898 104.384 60.313 251 0 0
497.901 104.383 60.313 250 0 0
497.903 104.383 60.313 241 0 0
497.906 104.380 60.313 244 0 0
497.908 104.381 60.313 243 0 0
497.911 104.378 60.312 241 0 0
497.914 104.378 60.312 238 0 0
497.916 104.378 60.312 240 0 0
497.919 104.376 60.312 240 0 0
497.921 104.377 60.312 237 0 0
497.924 104.374 60.311 248 0 0
497.926 104.375 60.311 249 0 0
497.928 104.374 60.311 248 0 0
497.931 104.374 60.311 240 0 0
497.934 104.371 60.311 247 0 0
497.936 104.372 60.311 240 0 0
497.938 104.370 60.310 239 0 0
497.941 104.370 60.310 244 0 0
497.944 104.368 60.310 237 0 0
497.946 104.369 60.310 249 0 0
497.948 104.366 60.310 243 0 0
497.951 104.366 60.310 245 0 0
497.953 104.365 60.309 241 0 0
497.956 104.364 60.309 241 0 0
497.958 104.364 60.309 241 0 0
497.961 104.362 60.309 236 0 0
497.766 104.430 60.321 208 0 0
497.768 104.430 60.321 249 0 0
497.771 104.428 60.320 250 0 0
497.774 104.427 60.320 248 0 0
497.776 104.426 60.320 247 0 0
497.779 104.426 60.320 248 0 0
497.782 104.424 60.320 246 0 0
497.784 104.423 60.319 241 0 0
497.787 104.423 60.319 242 0 0
497.789 104.422 60.319 249 0 0
497.792 104.420 60.319 247 0 0
497.795 104.419 60.319 248 0 0
497.797 104.419 60.319 244 0 0
497.800 104.417 60.318 248 0 0
497.802 104.417 60.318 250 0 0
497.805 104.415 60.318 250 0 0
497.807 104.415 60.318 251 0 0
497.810 104.414 60.318 249 0 0
497.812 104.414 60.317 240 0 0
497.815 104.411 60.317 239 0 0
497.818 104.411 60.317 246 0 0
497.820 104.411 60.317 246 0 0
497.823 104.409 60.316 245 0 0
497.825 104.409 60.316 250 0 0
497.828 104.408 60.316 244 0 0
497.830 104.407 60.316 241 0 0
497.833 104.405 60.316 235 0 0
497.835 104.405 60.316 238 0 0
497.838 104.404 60.315 241 0 0
497.841 104.403 60.315 244 0 0
497.843 104.403 60.315 244 0 0
497.845 104.404 60.315 244 0 0
497.848 104.402 60.315 250 0 0
497.850 104.401 60.315 245 0 0
497.853 104.401 60.315 245 0 0
497.856 104.398 60.314 247 0 0
497.858 104.398 60.314 248 0 0
497.861 104.397 60.314 235 0 0
497.863 104.396 60.314 242 0 0
497.866 104.396 60.314 237 0 0
497.868 104.395 60.313 229 0 0
497.871 104.395 60.313 226 0 0
497.876 104.393 60.313 217 0 0
497.878 104.394 60.313 212 0 0
497.880 104.392 60.313 210 0 0
497.883 104.392 60.313 203 0 0
497.885 104.391 60.312 208 0 0
497.888 104.391 60.312 196 0 0
497.890 104.390 60.312 193 0 0
497.893 104.388 60.312 202 0 0
497.896 104.386 60.311 238 0 0
497.898 104.385 60.311 252 0 0
497.901 104.383 60.311 252 0 0
497.903 104.383 60.311 245 0 0
497.906 104.381 60.310 237 0 0
497.909 104.380 60.310 248 0 0
497.911 104.380 60.310 238 0 0
497.914 104.378 60.310 244 0 0
497.916 104.378 60.310 250 0 0
497.919 104.375 60.309 240 0 0
497.921 104.376 60.309 240 0 0
497.924 104.375 60.309 246 0 0
497.926 104.374 60.309 249 0 0
497.929 104.373 60.309 238 0 0
497.931 104.373 60.309 245 0 0
497.933 104.372 60.309 238 0 0
497.936 104.371 60.308 237 0 0
497.938 104.371 60.308 248 0 0
497.941 104.370 60.308 250 0 0
497.943 104.369 60.308 243 0 0
497.946 104.369 60.308 245 0 0
497.948 104.368 60.308 241 0 0
497.951 104.366 60.307 246 0 0
497.953 104.367 60.307 245 0 0
497.956 104.364 60.307 242 0 0
497.958 104.363 60.307 237 0 0
497.960 104.363 60.307 235 0 0
497.963 104.363 60.307 214 0 0
497.766 104.430 60.319 203 0 0
497.768 104.430 60.318 250 0 0
497.771 104.428 60.318 250 0 0
497.774 104.428 60.318 243 0 0
497.776 104.426 60.318 250 0 0
497.779 104.425 60.318 248 0 0
497.782 104.423 60.317 246 0 0
497.784 104.423 60.317 246 0 0
497.787 104.422 60.317 248 0 0
497.789 104.422 60.317 250 0 0
497.792 104.421 60.317 245 0 0
497.795 104.420 60.316 246 0 0
497.797 104.418 60.316 249 0 0
497.800 104.418 60.316 243 0 0
497.802 104.417 60.316 249 0 0
497.805 104.416 60.316 251 0 0
497.807 104.416 60.316 251 0 0
497.810 104.415 60.315 237 0 0
497.813 104.413 60.315 243 0 0
497.815 104.412 60.315 245 0 0
497.818 104.412 60.315 247 0 0
497.820 104.411 60.314 248 0 0
497.823 104.410 60.314 235 0 0
497.825 104.409 60.314 242 0 0
497.828 104.408 60.314 238 0 0
497.830 104.407 60.314 236 0 0
497.833 104.405 60.313 235 0 0
497.835 104.405 60.313 250 0 0
497.838 104.405 60.313 243 0 0
497.840 104.404 60.313 237 0 0
497.843 104.404 60.313 249 0 0
497.845 104.402 60.313 242 0 0
497.848 104.402 60.313 249 0 0
497.850 104.402 60.312 204 0 0
497.852 104.403 60.313 199 0 0
497.855 104.400 60.312 195 0 0
497.860 104.401 60.312 189 0 0
497.862 104.402 60.312 186 0 0
497.865 104.399 60.312 185 0 0
497.867 104.398 60.311 184 0 0
497.870 104.397 60.311 184 0 0
497.872 104.398 60.311 183 0 0
497.875 104.397 60.311 181 0 0
497.880 104.395 60.311 180 0 0
497.882 104.393 60.310 184 0 0
497.885 104.393 60.310 184 0 0
497.887 104.393 60.310 185 0 0
497.890 104.391 60.310 189 0 0
497.893 104.388 60.310 203 0 0
497.895 104.387 60.309 238 0 0
497.898 104.386 60.309 252 0 0
497.901 104.384 60.309 252 0 0
497.903 104.382 60.308 251 0 0
497.906 104.382 60.308 250 0 0
497.909 104.381 60.308 249 0 0
497.911 104.380 60.308 243 0 0
497.914 104.378 60.308 238 0 0
497.916 104.377 60.307 239 0 0
497.919 104.376 60.307 246 0 0
497.921 104.376 60.307 240 0 0
497.924 104.375 60.307 246 0 0
497.926 104.374 60.307 240 0 0
497.929 104.373 60.307 237 0 0
497.931 104.373 60.306 236 0 0
497.934 104.372 60.306 239 0 0
497.936 104.372 60.306 231 0 0
497.938 104.370 60.306 237 0 0
497.941 104.370 60.306 241 0 0
497.943 104.369 60.306 249 0 0
497.946 104.368 60.305 248 0 0
497.948 104.367 60.305 245 0 0
497.951 104.366 60.305 241 0 0
497.953 104.365 60.305 242 0 0
497.956 104.364 60.305 235 0 0
497.958 104.363 60.304 239 0 0
497.961 104.363 60.304 232 0 0
497.963 104.364 60.304 217 0 0
497.766 104.431 60.316 204 0 0
497.768 104.429 60.316 251 0 0
497.771 104.430 60.316 251 0 0
497.774 104.427 60.316 250 0 0
497.776 104.427 60.316 249 0 0
497.779 104.425 60.315 248 0 0
497.782 104.425 60.315 250 0 0
497.784 104.423 60.315 247 0 0
497.787 104.422 60.315 250 0 0
497.789 104.422 60.315 251 0 0
497.792 104.421 60.314 250 0 0
497.794 104.420 60.314 250 0 0
497.797 104.418 60.314 232 0 0
497.800 104.418 60.314 242 0 0
497.802 104.417 60.314 243 0 0
497.804 104.418 60.314 244 0 0
497.807 104.416 60.313 251 0 0
497.810 104.414 60.313 247 0 0
497.813 104.413 60.313 239 0 0
497.815 104.413 60.313 236 0 0
497.818 104.411 60.312 243 0 0
497.821 104.409 60.312 231 0 0
497.822 104.411 60.312 248 0 0
497.826 104.408 60.312 237 0 0
497.828 104.407 60.312 232 0 0
497.831 104.407 60.311 235 0 0
497.833 104.407 60.311 242 0 0
497.835 104.406 60.311 251 0 0
497.838 104.405 60.311 246 0 0
497.841 104.404 60.311 247 0 0
497.843 104.404 60.311 248 0 0
497.845 104.403 60.310 246 0 0
497.848 104.402 60.310 221 0 0
497.850 104.404 60.311 174 0 0
497.852 104.404 60.310 184 0 0
497.854 104.406 60.311 187 0 0
497.856 104.405 60.310 187 0 0
497.859 104.403 60.310 185 0 0
497.862 104.401 60.310 186 0 0
497.864 104.403 60.310 186 0 0
497.867 104.400 60.309 186 0 0
497.869 104.400 60.309 186 0 0
497.872 104.399 60.309 185 0 0
497.874 104.399 60.309 184 0 0
497.876 104.400 60.309 187 0 0
497.879 104.397 60.309 186 0 0
497.881 104.398 60.309 187 0 0
497.884 104.396 60.308 187 0 0
497.887 104.393 60.308 188 0 0
497.889 104.393 60.308 191 0 0
497.892 104.391 60.308 206 0 0
497.895 104.390 60.307 243 0 0
497.898 104.387 60.307 252 0 0
497.901 104.385 60.307 251 0 0
497.904 104.382 60.306 249 0 0
497.906 104.382 60.306 250 0 0
497.909 104.379 60.306 249 0 0
497.911 104.379 60.306 249 0 0
497.914 104.378 60.305 243 0 0
497.916 104.378 60.305 247 0 0
497.918 104.378 60.305 241 0 0
497.921 104.376 60.305 239 0 0
497.924 104.375 60.305 250 0 0
497.925 104.377 60.305 250 0 0
497.928 104.374 60.304 248 0 0
497.931 104.373 60.304 240 0 0
497.934 104.372 60.304 238 0 0
497.936 104.372 60.304 232 0 0
497.938 104.370 60.304 244 0 0
497.941 104.370 60.304 245 0 0
497.943 104.370 60.303 244 0 0
497.946 104.368 60.303 246 0 0
497.948 104.367 60.303 244 0 0
497.950 104.367 60.303 236 0 0
497.953 104.366 60.303 248 0 0
497.956 104.364 60.302 245 0 0
497.958 104.364 60.302 239 0 0
497.961 104.363 60.302 233 0 0
497.963 104.362 60.302 221 0 0
497.766 104.431 60.314 192 0 0
497.769 104.429 60.314 251 0 0
497.771 104.429 60.314 247 0 0
497.774 104.428 60.313 249 0 0
497.776 104.426 60.313 243 0 0
497.779 104.425 60.313 248 0 0
497.781 104.427 60.313 227 0 0
497.784 104.424 60.313 224 0 0
497.787 104.423 60.313 219 0 0
497.789 104.422 60.312 220 0 0
497.791 104.422 60.312 216 0 0
497.794 104.420 60.312 209 0 0
497.796 104.422 60.312 184 0 0
497.799 104.421 60.312 186 0 0
497.801 104.420 60.312 186 0 0
497.804 104.420 60.312 201 0 0
497.807 104.417 60.311 243 0 0
497.810 104.415 60.311 252 0 0
497.813 104.413 60.310 247 0 0
497.815 104.413 60.310 241 0 0
497.818 104.412 60.310 240 0 0
497.820 104.411 60.310 244 0 0
497.823 104.410 60.310 245 0 0
497.825 104.410 60.310 238 0 0
497.828 104.408 60.309 239 0 0
497.830 104.407 60.309 237 0 0
497.833 104.407 60.309 237 0 0
497.835 104.405 60.309 249 0 0
497.838 104.404 60.309 247 0 0
497.841 104.403 60.308 240 0 0
497.843 104.402 60.308 244 0 0
497.845 104.403 60.308 239 0 0
497.848 104.403 60.308 216 0 0
497.849 104.406 60.308 177 0 0
497.852 104.404 60.308 186 0 0
497.854 104.405 60.308 190 0 0
497.857 104.404 60.308 188 0 0
497.859 104.404 60.308 186 0 0
497.862 104.402 60.308 187 0 0
497.864 104.403 60.308 181 0 0
497.869 104.401 60.307 170 0 0
497.871 104.400 60.307 172 0 0
497.874 104.398 60.307 175 0 0
497.876 104.399 60.307 179 0 0
497.879 104.396 60.306 184 0 0
497.881 104.397 60.306 186 0 0
497.884 104.397 60.306 186 0 0
497.887 104.395 60.306 188 0 0
497.889 104.393 60.306 193 0 0
497.892 104.391 60.305 207 0 0
497.895 104.389 60.305 241 0 0
497.898 104.387 60.305 252 0 0
497.901 104.384 60.304 251 0 0
497.903 104.383 60.304 250 0 0
497.906 104.383 60.304 245 0 0
497.909 104.380 60.303 247 0 0
497.911 104.380 60.303 250 0 0
497.913 104.379 60.303 243 0 0
497.916 104.379 60.303 247 0 0
497.918 104.377 60.303 248 0 0
497.921 104.376 60.303 244 0 0
497.923 104.377 60.303 249 0 0
497.926 104.375 60.302 250 0 0
497.929 104.373 60.302 248 0 0
497.931 104.373 60.302 247 0 0
497.933 104.373 60.302 249 0 0
497.936 104.371 60.302 239 0 0
497.938 104.370 60.301 251 0 0
497.941 104.368 60.301 245 0 0
497.943 104.370 60.301 241 0 0
497.945 104.369 60.301 240 0 0
497.948 104.367 60.301 240 0 0
497.950 104.367 60.301 238 0 0
497.953 104.364 60.300 242 0 0
497.956 104.365 60.300 246 0 0
497.958 104.364 60.300 240 0 0
497.960 104.363 60.300 236 0 0
497.963 104.363 60.300 216 0 0
497.765 104.432 60.312 173 0 0
497.768 104.430 60.312 187 0 0
497.770 104.431 60.312 188 0 0
497.773 104.430 60.311 185 0 0
497.776 104.428 60.311 183 0 0
497.778 104.428 60.311 183 0 0
497.781 104.428 60.311 177 0 0
497.783 104.427 60.311 178 0 0
497.786 104.426 60.311 176 0 0
497.788 104.426 60.310 175 0 0
497.791 104.425 60.310 175 0 0
497.793 104.424 60.310 175 0 0
497.796 104.421 60.310 181 0 0
497.798 104.422 60.310 184 0 0
497.801 104.420 60.309 185 0 0
497.804 104.420 60.309 207 0 0
497.807 104.417 60.309 250 0 0
497.810 104.415 60.309 252 0 0
497.812 104.414 60.308 250 0 0
497.815 104.413 60.308 251 0 0
497.818 104.411 60.308 241 0 0
497.820 104.410 60.308 237 0 0
497.822 104.411 60.308 238 0 0
497.826 104.408 60.307 232 0 0
497.828 104.408 60.307 231 0 0
497.830 104.409 60.307 233 0 0
497.833 104.406 60.307 242 0 0
497.835 104.406 60.307 242 0 0
497.838 104.405 60.306 245 0 0
497.840 104.404 60.306 239 0 0
497.843 104.403 60.306 247 0 0
497.845 104.402 60.306 248 0 0
497.849 104.406 60.306 178 0 0
497.851 104.407 60.306 186 0 0
497.854 104.407 60.306 189 0 0
497.856 104.405 60.306 188 0 0
497.859 104.404 60.306 184 0 0
497.861 104.405 60.306 166 0 0
497.865 104.400 60.305 143 0 0
497.880 104.395 60.304 162 0 0
497.882 104.397 60.304 176 0 0
497.884 104.396 60.304 182 0 0
497.887 104.395 60.304 185 0 0
497.892 104.390 60.303 201 0 0
497.895 104.389 60.303 238 0 0
497.898 104.387 60.302 252 0 0
497.901 104.385 60.302 251 0 0
497.903 104.383 60.302 248 0 0
497.906 104.383 60.302 243 0 0
497.908 104.381 60.301 241 0 0
497.911 104.380 60.301 247 0 0
497.913 104.379 60.301 245 0 0
497.916 104.378 60.301 239 0 0
497.918 104.377 60.301 250 0 0
497.921 104.376 60.300 250 0 0
497.923 104.376 60.300 248 0 0
497.926 104.374 60.300 247 0 0
497.928 104.374 60.300 238 0 0
497.931 104.373 60.300 238 0 0
497.933 104.372 60.300 244 0 0
497.936 104.371 60.299 246 0 0
497.938 104.372 60.299 239 0 0
497.941 104.370 60.299 238 0 0
497.943 104.369 60.299 236 0 0
497.946 104.368 60.299 241 0 0
497.948 104.367 60.298 245 0 0
497.951 104.366 60.298 242 0 0
497.953 104.364 60.298 249 0 0
497.956 104.364 60.298 236 0 0
497.958 104.363 60.298 245 0 0
497.961 104.362 60.298 242 0 0
497.963 104.362 60.297 218 0 0
497.761 104.433 60.310 158 0 0
497.762 104.434 60.310 171 0 0
497.765 104.433 60.310 176 0 0
497.768 104.432 60.310 181 0 0
497.770 104.432 60.309 180 0 0
497.773 104.432 60.309 178 0 0
497.775 104.431 60.309 181 0 0
497.778 104.429 60.309 182 0 0
497.781 104.428 60.309 181 0 0
497.783 104.426 60.308 179 0 0
497.786 104.427 60.308 178 0 0
497.788 104.427 60.308 179 0 0
497.790 104.426 60.308 178 0 0
497.793 104.424 60.308 181 0 0
497.796 104.424 60.308 183 0 0
497.798 104.423 60.307 182 0 0
497.801 104.423 60.307 186 0 0
497.803 104.421 60.307 203 0 0
497.807 104.418 60.307 249 0 0
497.810 104.416 60.306 252 0 0
497.813 104.413 60.306 249 0 0
497.815 104.413 60.306 248 0 0
497.818 104.412 60.306 247 0 0
497.820 104.411 60.305 238 0 0
497.822 104.411 60.305 239 0 0
497.826 104.408 60.305 227 0 0
497.828 104.408 60.305 239 0 0
497.831 104.406 60.304 235 0 0
497.833 104.406 60.304 244 0 0
497.835 104.405 60.304 248 0 0
497.838 104.406 60.304 246 0 0
497.841 104.403 60.304 241 0 0
497.843 104.403 60.304 243 0 0
497.845 104.402 60.304 244 0 0
497.852 104.405 60.304 186 0 0
497.854 104.406 60.304 187 0 0
497.856 104.405 60.304 188 0 0
497.859 104.405 60.303 182 0 0
497.861 104.404 60.303 162 0 0
497.865 104.400 60.303 145 0 0
497.868 104.397 60.302 135 0 0
497.870 104.395 60.302 129 0 0
497.874 104.391 60.301 138 0 0
497.876 104.390 60.301 149 0 0
497.878 104.392 60.301 145 0 0
497.893 104.390 60.301 181 0 0
497.895 104.391 60.301 214 0 0
497.901 104.384 60.300 246 0 0
497.903 104.383 60.299 245 0 0
497.906 104.382 60.299 240 0 0
497.909 104.381 60.299 233 0 0
497.911 104.379 60.299 243 0 0
497.913 104.379 60.299 247 0 0
497.916 104.379 60.299 250 0 0
497.918 104.377 60.298 249 0 0
497.921 104.376 60.298 249 0 0
497.923 104.375 60.298 251 0 0
497.926 104.375 60.298 249 0 0
497.929 104.373 60.298 235 0 0
497.931 104.373 60.297 240 0 0
497.933 104.372 60.297 242 0 0
497.936 104.371 60.297 238 0 0
497.938 104.370 60.297 245 0 0
497.941 104.370 60.297 243 0 0
497.943 104.369 60.297 239 0 0
497.946 104.368 60.296 248 0 0
497.948 104.366 60.296 248 0 0
497.950 104.368 60.296 246 0 0
497.953 104.365 60.296 250 0 0
497.956 104.364 60.296 244 0 0
497.958 104.364 60.296 240 0 0
497.960 104.363 60.295 238 0 0
497.963 104.364 60.295 211 0 0
497.760 104.434 60.308 158 0 0
497.763 104.434 60.308 170 0 0
497.765 104.432 60.307 175 0 0
497.767 104.434 60.307 179 0 0
497.770 104.432 60.307 180 0 0
497.772 104.434 60.307 179 0 0
497.775 104.430 60.307 181 0 0
497.778 104.430 60.307 181 0 0
497.780 104.429 60.306 180 0 0
497.783 104.428 60.306 178 0 0
497.786 104.427 60.306 177 0 0
497.788 104.426 60.306 180 0 0
497.790 104.426 60.306 177 0 0
497.793 104.426 60.306 178 0 0
497.796 104.423 60.305 180 0 0
497.798 104.424 60.305 181 0 0
497.804 104.419 60.305 204 0 0
497.806 104.418 60.304 246 0 0
497.810 104.416 60.304 252 0 0
497.812 104.414 60.304 245 0 0
497.815 104.413 60.303 239 0 0
497.818 104.412 60.303 244 0 0
497.820 104.411 60.303 251 0 0
497.823 104.410 60.303 248 0 0
497.825 104.409 60.303 242 0 0
497.828 104.408 60.302 232 0 0
497.830 104.407 60.302 231 0 0
497.833 104.407 60.302 239 0 0
497.835 104.405 60.302 246 0 0
497.838 104.405 60.302 246 0 0
497.840 104.404 60.302 246 0 0
497.843 104.403 60.301 238 0 0
497.845 104.403 60.301 238 0 0
497.848 104.401 60.301 220 0 0
497.852 104.405 60.301 185 0 0
497.854 104.406 60.301 186 0 0
497.856 104.405 60.301 187 0 0
497.859 104.405 60.301 182 0 0
497.864 104.403 60.301 165 0 0
497.867 104.400 60.300 154 0 0
497.869 104.399 60.300 147 0 0
497.872 104.398 60.300 142 0 0
497.877 104.389 60.299 134 0 0
497.882 104.396 60.299 124 0 0
497.891 104.388 60.298 128 0 0
497.901 104.383 60.297 157 0 0
497.904 104.381 60.297 152 0 0
497.906 104.382 60.297 148 0 0
497.909 104.380 60.297 151 0 0
497.911 104.379 60.296 231 0 0
497.913 104.379 60.296 250 0 0
497.916 104.378 60.296 247 0 0
497.919 104.376 60.296 248 0 0
497.921 104.376 60.296 251 0 0
497.923 104.376 60.296 249 0 0
497.926 104.374 60.295 244 0 0
497.929 104.373 60.295 238 0 0
497.931 104.372 60.295 239 0 0
497.933 104.372 60.295 238 0 0
497.936 104.372 60.295 241 0 0
497.938 104.370 60.295 232 0 0
497.941 104.370 60.294 225 0 0
497.943 104.369 60.294 228 0 0
497.946 104.368 60.294 233 0 0
497.948 104.367 60.294 228 0 0
497.951 104.366 60.294 220 0 0
497.953 104.366 60.294 215 0 0
497.955 104.367 60.294 217 0 0
497.765 104.432 60.305 154 0 0
497.767 104.433 60.305 168 0 0
497.770 104.431 60.305 176 0 0
497.773 104.431 60.305 178 0 0
497.775 104.430 60.304 176 0 0
497.778 104.428 60.304 177 0 0
497.780 104.430 60.304 175 0 0
497.783 104.427 60.304 176 0 0
497.786 104.427 60.304 174 0 0
497.788 104.426 60.304 175 0 0
497.790 104.426 60.303 176 0 0
497.794 104.423 60.303 177 0 0
497.796 104.423 60.303 179 0 0
497.798 104.422 60.303 180 0 0
497.801 104.421 60.303 184 0 0
497.804 104.420 60.302 200 0 0
497.806 104.419 60.302 242 0 0
497.809 104.417 60.302 252 0 0
497.813 104.413 60.301 250 0 0
497.815 104.412 60.301 250 0 0
497.818 104.412 60.301 239 0 0
497.820 104.411 60.301 239 0 0
497.822 104.411 60.301 243 0 0
497.825 104.409 60.300 238 0 0
497.828 104.408 60.300 234 0 0
497.830 104.407 60.300 230 0 0
497.833 104.406 60.300 236 0 0
497.835 104.406 60.300 247 0 0
497.838 104.404 60.299 233 0 0
497.840 104.404 60.299 241 0 0
497.843 104.403 60.299 235 0 0
497.845 104.403 60.299 234 0 0
497.848 104.403 60.299 218 0 0
497.865 104.399 60.298 150 0 0
497.867 104.400 60.298 114 0 0
497.871 104.392 60.297 105 0 0
497.873 104.395 60.297 98 0 0
497.876 104.391 60.297 83 0 0
497.913 104.378 60.294 216 0 0
497.915 104.381 60.294 189 0 0
497.757 104.436 60.303 108 0 0
497.766 104.430 60.302 139 0 0
497.771 104.430 60.302 158 0 0
497.773 104.431 60.302 162 0 0
497.775 104.429 60.302 166 0 0
497.778 104.430 60.302 166 0 0
497.781 104.428 60.302 169 0 0
497.784 104.426 60.301 169 0 0
497.785 104.427 60.301 169 0 0
497.789 104.425 60.301 168 0 0
497.791 104.424 60.301 172 0 0
497.793 104.425 60.301 173 0 0
497.796 104.423 60.301 171 0 0
497.799 104.422 60.300 173 0 0
497.801 104.422 60.300 179 0 0
497.804 104.420 60.300 194 0 0
497.806 104.420 60.300 236 0 0
497.809 104.417 60.300 252 0 0
497.815 104.412 60.299 247 0 0
497.818 104.411 60.299 249 0 0
497.820 104.410 60.298 240 0 0
497.822 104.411 60.298 236 0 0
497.826 104.409 60.298 233 0 0
497.828 104.408 60.298 227 0 0
497.830 104.407 60.298 229 0 0
497.833 104.406 60.297 228 0 0
497.835 104.406 60.297 242 0 0
497.838 104.405 60.297 246 0 0
497.840 104.404 60.297 246 0 0
497.762 104.430 60.300 133 0 0
497.776 104.427 60.299 147 0 0
497.778 104.429 60.300 151 0 0
497.782 104.425 60.299 149 0 0
497.784 104.426 60.299 151 0 0
497.794 104.422 60.298 155 0 0
497.796 104.421 60.298 154 0 0
497.804 104.419 60.298 179 0 0
497.807 104.418 60.297 216 0 0
497.809 104.416 60.297 226 0 0
497.813 104.412 60.296 203 0 0
497.818 104.411 60.296 210 0 0
497.820 104.410 60.296 217 0 0
497.823 104.410 60.296 224 0 0
497.825 104.410 60.296 225 0 0
497.828 104.409 60.296 225 0 0
497.830 104.407 60.295 234 0 0
497.833 104.405 60.295 223 0 0
497.835 104.407 60.295 231 0 0
497.838 104.403 60.295 210 0 0
497.745 104.423 60.298 99 0 0
497.747 104.423 60.298 98 0 0
497.750 104.421 60.297 125 0 0
497.752 104.422 60.297 226 0 0
497.754 104.422 60.297 252 0 0
497.761 104.430 60.298 109 0 0
497.805 104.416 60.295 161 0 0
497.807 104.418 60.295 180 0 0
497.810 104.414 60.295 161 0 0
497.826 104.408 60.293 157 0 0
497.833 104.407 60.293 142 0 0
497.835 104.405 60.293 143 0 0
497.750 104.421 60.295 140 0 0
497.752 104.422 60.295 253 0 0
497.754 104.422 60.295 253 0 0
497.756 104.423 60.295 220 0 0
497.813 104.413 60.292 129 0 0
497.838 104.396 60.289 98 0 0
497.747 104.423 60.293 85 0 0
497.750 104.421 60.293 111 0 0
497.756 104.416 60.292 170 0 0
497.758 104.415 60.292 139 0 0
497.751 104.418 60.290 92 0 0
497.754 104.416 60.287 88 0 0
497.755 104.417 60.287 94 0 0
497.758 104.417 60.287 80 0 0
497.749 104.417 60.281 80 0 0
497.751 104.426 60.279 84 0 0
497.745 104.429 60.278 99 0 0
497.748 104.429 60.278 98 0 0
497.752 104.422 60.277 97 0 0
