496.148 108.938 61.478 213
496.152 108.938 61.478 199
496.157 108.936 61.477 199
496.161 108.938 61.477 204
496.166 108.939 61.477 202
496.171 108.938 61.477 201
496.176 108.939 61.477 206
496.179 108.940 61.477 202
496.185 108.939 61.476 200
496.189 108.939 61.476 206
496.194 108.940 61.476 204
496.199 108.940 61.476 204
496.203 108.940 61.475 196
496.208 108.940 61.475 161
496.214 108.936 61.474 142
497.279 105.519 60.817 116
497.284 105.514 60.816 115
497.287 105.513 60.816 113
497.290 105.513 60.816 113
497.293 105.513 60.816 112
497.296 105.512 60.815 112
497.299 105.513 60.815 113
497.302 105.510 60.815 112
497.305 105.512 60.815 109
497.308 105.509 60.814 107
497.309 105.516 60.815 110
497.313 105.514 60.815 111
497.316 105.513 60.814 114
497.318 105.516 60.815 97
497.319 105.524 60.816 88
497.319 105.533 60.818 98
496.292 108.942 61.471 131
496.297 108.941 61.471 183
496.300 108.943 61.471 198
496.305 108.943 61.471 196
496.310 108.943 61.470 198
496.315 108.943 61.470 198
496.319 108.942 61.470 204
496.324 108.943 61.470 209
496.328 108.943 61.469 201
496.333 108.943 61.469 206
496.338 108.942 61.469 201
496.342 108.942 61.468 195
496.348 108.942 61.468 195
496.352 108.943 61.468 202
496.356 108.944 61.468 199
496.361 108.943 61.468 199
496.366 108.941 61.467 198
496.370 108.942 61.467 206
496.375 108.943 61.467 204
496.380 108.941 61.466 211
496.383 108.945 61.467 211
496.387 108.949 61.467 216
496.392 108.948 61.467 216
496.397 108.949 61.467 213
496.401 108.948 61.466 213
496.406 108.950 61.466 206
496.411 108.945 61.465 193
496.416 108.946 61.465 193
496.421 108.946 61.465 186
496.426 108.945 61.465 188
496.430 108.946 61.465 191
496.435 108.946 61.464 190
496.439 108.947 61.464 189
496.443 108.948 61.464 188
496.447 108.951 61.465 186
496.451 108.955 61.465 190
496.452 108.968 61.467 193
496.440 109.027 61.478 169
487.966 140.291 67.423 86
496.568 108.931 61.455 103
496.570 108.941 61.457 119
496.574 108.943 61.457 126
496.578 108.945 61.457 132
496.583 108.943 61.456 120
497.512 105.519 60.805 101
497.515 105.517 60.805 105
497.519 105.511 60.804 107
497.521 105.516 60.804 107
497.523 105.520 60.805 108
497.527 105.514 60.804 108
497.531 105.510 60.803 108
497.532 105.518 60.804 109
497.534 105.521 60.805 109
497.538 105.516 60.804 108
497.540 105.518 60.804 111
497.544 105.517 60.804 110
497.547 105.515 60.803 106
497.550 105.514 60.803 104
497.554 105.508 60.802 87
497.561 105.497 60.799 85
496.697 108.803 61.426 109
496.708 108.779 61.422 146
496.709 108.793 61.424 173
496.713 108.796 61.424 224
496.717 108.796 61.424 223
496.722 108.796 61.424 214
496.724 108.804 61.425 156
496.726 108.813 61.427 219
496.731 108.814 61.427 222
496.734 108.819 61.428 170
496.737 108.826 61.429 184
496.740 108.828 61.429 225
496.744 108.834 61.430 187
496.746 108.840 61.431 218
496.751 108.840 61.430 230
496.755 108.843 61.431 245
496.759 108.844 61.431 246
496.764 108.844 61.431 223
496.769 108.839 61.429 216
496.774 108.839 61.429 223
496.778 108.839 61.429 213
496.783 108.837 61.429 213
496.787 108.840 61.429 218
496.791 108.840 61.429 217
496.796 108.840 61.428 217
496.801 108.839 61.428 220
496.805 108.842 61.428 207
496.808 108.845 61.429 188
496.811 108.850 61.430 191
496.815 108.854 61.430 204
496.819 108.858 61.431 228
496.823 108.859 61.431 191
496.825 108.867 61.432 193
496.829 108.870 61.432 217
496.831 108.881 61.434 184
496.835 108.882 61.434 241
496.839 108.883 61.434 238
496.844 108.883 61.434 235
496.848 108.883 61.434 231
496.851 108.892 61.435 162
496.853 108.902 61.437 161
496.856 108.907 61.438 181
496.860 108.909 61.438 207
496.864 108.913 61.438 233
496.868 108.915 61.439 238
496.872 108.915 61.438 237
496.876 108.917 61.439 228
496.881 108.918 61.439 236
496.885 108.917 61.438 229
496.890 108.918 61.438 230
496.894 108.917 61.438 234
496.899 108.919 61.438 225
496.903 108.919 61.438 218
496.907 108.919 61.438 225
496.912 108.918 61.437 216
496.917 108.918 61.437 231
496.921 108.918 61.437 223
496.926 108.917 61.437 218
496.930 108.919 61.437 226
496.932 108.929 61.439 165
496.933 108.944 61.441 217
496.937 108.948 61.442 252
496.942 108.942 61.440 189
496.948 108.939 61.440 154
496.951 108.944 61.440 140
497.977 104.516 60.606 88
497.979 104.518 60.606 100
497.995 104.511 60.605 83
497.996 104.516 60.605 101
498.002 104.501 60.603 88
498.010 104.513 60.604 98
498.015 104.505 60.603 83
496.972 109.259 61.496 114
496.971 109.283 61.500 128
496.971 109.305 61.504 137
496.971 109.326 61.508 142
496.970 109.350 61.512 145
496.970 109.374 61.517 149
496.973 109.383 61.518 173
496.976 109.387 61.519 220
496.981 109.386 61.518 218
496.985 109.387 61.518 217
496.990 109.388 61.518 216
496.995 109.387 61.518 215
497.000 109.387 61.518 216
497.005 109.388 61.518 205
497.009 109.388 61.518 212
497.014 109.388 61.518 203
497.018 109.389 61.517 205
497.023 109.388 61.517 212
496.147 108.939 61.474 202
496.152 108.939 61.473 203
496.157 108.938 61.473 204
496.161 108.938 61.473 201
496.166 108.940 61.473 204
496.171 108.938 61.472 200
496.175 108.939 61.472 199
496.180 108.940 61.472 204
496.185 108.938 61.472 192
496.189 108.939 61.471 201
496.194 108.939 61.471 200
496.199 108.940 61.471 200
496.204 108.939 61.471 192
496.208 108.941 61.471 165
496.214 108.937 61.470 142
497.280 105.516 60.814 115
497.283 105.515 60.814 115
497.287 105.513 60.813 115
497.290 105.514 60.813 118
497.294 105.509 60.812 114
497.297 105.510 60.812 115
497.299 105.513 60.812 114
497.301 105.516 60.813 110
497.305 105.512 60.812 112
497.308 105.511 60.812 110
497.311 105.509 60.811 110
497.313 105.513 60.812 111
497.316 105.515 60.812 113
497.320 105.509 60.811 98
497.318 105.525 60.813 89
497.114 106.208 60.944 92
496.293 108.938 61.466 129
496.296 108.944 61.467 181
496.300 108.943 61.466 194
496.305 108.942 61.466 207
496.309 108.944 61.466 195
496.315 108.943 61.465 197
496.319 108.943 61.465 201
496.324 108.943 61.465 203
496.329 108.943 61.465 205
496.333 108.942 61.464 209
496.338 108.942 61.464 200
496.342 108.942 61.464 203
496.347 108.943 61.464 199
496.352 108.943 61.463 204
496.357 108.942 61.463 198
496.362 108.941 61.463 197
496.366 108.941 61.462 208
496.370 108.942 61.462 200
496.375 108.941 61.462 208
496.380 108.943 61.462 213
496.384 108.943 61.462 210
496.387 108.950 61.463 215
496.392 108.949 61.462 210
496.396 108.949 61.462 217
496.402 108.947 61.462 212
496.407 108.947 61.461 206
496.411 108.947 61.461 195
496.416 108.947 61.461 188
496.420 108.946 61.461 186
496.425 108.946 61.460 188
496.429 108.947 61.460 188
496.435 108.947 61.460 182
496.439 108.948 61.460 184
496.443 108.950 61.460 189
496.447 108.952 61.460 190
496.450 108.957 61.461 191
496.450 108.972 61.464 190
496.438 109.034 61.475 170
489.832 133.477 66.109 106
497.737 104.622 60.633 105
496.384 109.587 61.575 83
496.564 108.944 61.453 139
496.569 108.942 61.452 148
496.574 108.942 61.452 155
496.578 108.943 61.452 150
496.583 108.942 61.452 139
497.513 105.514 60.802 111
497.516 105.513 60.801 111
497.518 105.515 60.802 112
497.521 105.516 60.802 110
497.524 105.517 60.802 109
497.526 105.518 60.802 108
497.530 105.516 60.801 108
497.532 105.520 60.802 108
497.535 105.517 60.801 110
497.538 105.518 60.801 111
497.541 105.515 60.801 108
497.545 105.514 60.800 108
497.546 105.518 60.801 110
497.551 105.513 60.800 105
497.554 105.512 60.799 86
497.563 105.489 60.795 86
496.697 108.806 61.422 111
496.708 108.781 61.417 150
496.709 108.794 61.420 187
496.713 108.795 61.420 247
496.717 108.796 61.420 236
496.722 108.796 61.419 222
496.724 108.805 61.421 158
496.727 108.812 61.422 236
496.731 108.814 61.422 222
496.734 108.819 61.423 170
496.737 108.826 61.424 184
496.740 108.829 61.424 217
496.743 108.835 61.425 197
496.747 108.839 61.426 220
496.751 108.841 61.426 232
496.755 108.842 61.426 238
496.759 108.845 61.426 240
496.763 108.845 61.426 223
496.770 108.838 61.425 218
496.774 108.838 61.424 229
496.778 108.839 61.424 227
496.783 108.840 61.424 223
496.787 108.840 61.424 222
496.792 108.839 61.424 220
496.796 108.840 61.424 222
496.800 108.841 61.424 221
496.804 108.843 61.424 218
496.808 108.845 61.424 221
496.812 108.847 61.424 213
496.816 108.852 61.425 174
496.819 108.856 61.426 214
496.823 108.859 61.426 188
496.825 108.866 61.427 192
496.829 108.869 61.428 215
496.832 108.879 61.429 186
496.835 108.881 61.429 241
496.839 108.883 61.430 240
496.844 108.883 61.429 239
496.848 108.883 61.429 220
496.851 108.893 61.431 162
496.853 108.901 61.432 161
496.856 108.906 61.433 179
496.860 108.909 61.433 211
496.864 108.912 61.434 228
496.868 108.914 61.434 230
496.872 108.916 61.434 239
496.876 108.917 61.434 233
496.881 108.917 61.434 236
496.885 108.918 61.434 227
496.890 108.918 61.434 232
496.894 108.918 61.433 226
496.899 108.917 61.433 226
496.903 108.918 61.433 217
496.907 108.919 61.433 231
496.912 108.917 61.433 219
496.917 108.919 61.433 228
496.921 108.918 61.432 230
496.925 108.920 61.433 220
496.930 108.919 61.432 220
496.932 108.928 61.434 163
496.933 108.944 61.437 212
496.938 108.942 61.436 211
496.945 108.933 61.434 180
496.949 108.934 61.434 155
496.953 108.936 61.434 135
497.976 104.523 60.605 94
497.978 104.522 60.605 96
497.997 104.503 60.601 84
497.997 104.510 60.602 98
497.998 104.517 60.603 86
498.003 104.507 60.601 80
498.010 104.515 60.602 97
498.016 104.501 60.600 82
496.971 109.261 61.492 114
496.971 109.285 61.496 127
496.970 109.309 61.500 136
496.971 109.328 61.504 142
496.971 109.349 61.507 145
496.970 109.374 61.512 149
496.973 109.383 61.513 176
496.977 109.385 61.514 218
496.981 109.386 61.514 223
496.986 109.387 61.513 216
496.990 109.388 61.514 218
496.995 109.387 61.513 218
497.000 109.388 61.513 215
497.004 109.389 61.513 215
497.009 109.387 61.513 210
497.013 109.389 61.513 210
497.018 109.389 61.513 205
497.023 109.387 61.512 206
496.147 108.939 61.469 210
496.152 108.938 61.469 203
496.157 108.936 61.468 194
496.161 108.938 61.468 202
496.166 108.938 61.468 205
496.171 108.938 61.467 202
496.176 108.938 61.467 201
496.180 108.939 61.467 203
496.185 108.939 61.467 203
496.189 108.939 61.467 192
496.194 108.939 61.467 201
496.198 108.940 61.466 200
496.203 108.940 61.466 192
496.208 108.939 61.466 169
496.213 108.938 61.465 143
497.279 105.518 60.811 113
497.283 105.515 60.811 118
497.287 105.512 60.810 119
497.290 105.513 60.810 117
497.294 105.510 60.809 115
497.297 105.508 60.809 113
497.299 105.512 60.809 114
497.302 105.513 60.809 112
497.305 105.512 60.809 112
497.308 105.511 60.809 112
497.309 105.515 60.809 110
497.312 105.517 60.809 110
497.317 105.512 60.808 109
497.319 105.512 60.808 94
497.317 105.530 60.811 88
497.112 106.216 60.942 96
496.293 108.938 61.461 129
496.296 108.944 61.462 180
496.300 108.944 61.462 205
496.305 108.942 61.461 198
496.310 108.942 61.461 202
496.315 108.942 61.461 195
496.320 108.941 61.460 200
496.324 108.942 61.460 207
496.329 108.941 61.460 201
496.333 108.943 61.460 196
496.338 108.943 61.459 203
496.343 108.941 61.459 204
496.347 108.943 61.459 205
496.352 108.942 61.459 204
496.357 108.942 61.458 212
496.361 108.942 61.458 201
496.366 108.941 61.458 192
496.370 108.942 61.458 190
496.375 108.942 61.457 203
496.380 108.943 61.457 208
496.384 108.942 61.457 213
496.387 108.949 61.458 217
496.391 108.950 61.458 217
496.397 108.949 61.457 214
496.401 108.949 61.457 213
496.406 108.950 61.457 206
496.411 108.948 61.457 196
496.415 108.948 61.456 196
496.420 108.946 61.456 190
496.426 108.946 61.455 187
496.429 108.947 61.456 189
496.434 108.949 61.456 189
496.439 108.948 61.455 190
496.443 108.949 61.455 191
496.447 108.952 61.455 191
496.450 108.959 61.457 190
496.450 108.973 61.459 188
496.435 109.043 61.472 164
490.013 132.815 65.967 100
497.736 104.623 60.631 105
496.565 108.923 61.445 101
496.565 108.941 61.448 147
496.570 108.940 61.448 160
496.574 108.943 61.448 168
496.578 108.944 61.448 160
496.583 108.942 61.447 147
497.513 105.514 60.799 114
497.516 105.515 60.799 112
497.519 105.514 60.798 112
497.523 105.510 60.798 109
497.525 105.514 60.798 109
497.528 105.512 60.798 110
497.531 105.511 60.797 110
497.534 105.510 60.797 109
497.535 105.518 60.798 108
497.539 105.512 60.797 109
497.540 105.520 60.799 107
497.544 105.518 60.798 109
497.547 105.514 60.797 109
497.551 105.512 60.797 107
497.554 105.509 60.796 88
497.565 105.482 60.791 84
496.697 108.803 61.417 112
496.708 108.780 61.413 149
496.709 108.793 61.415 189
496.713 108.795 61.415 247
496.718 108.795 61.415 237
496.722 108.797 61.415 228
496.724 108.806 61.417 159
496.726 108.814 61.418 229
496.731 108.814 61.418 219
496.734 108.819 61.418 173
496.737 108.827 61.420 182
496.740 108.830 61.420 203
496.743 108.836 61.421 216
496.747 108.837 61.421 218
496.751 108.840 61.421 227
496.755 108.843 61.422 237
496.759 108.843 61.422 246
496.763 108.847 61.422 234
496.770 108.838 61.420 213
496.774 108.838 61.420 218
496.778 108.840 61.420 222
496.782 108.841 61.420 230
496.787 108.841 61.420 224
496.791 108.840 61.420 225
496.796 108.840 61.419 218
496.800 108.841 61.419 223
496.804 108.843 61.419 217
496.808 108.845 61.420 218
496.812 108.847 61.420 207
496.816 108.852 61.421 189
496.819 108.855 61.421 221
496.823 108.860 61.422 185
496.825 108.867 61.423 192
496.829 108.869 61.423 218
496.831 108.880 61.425 188
496.835 108.882 61.425 242
496.840 108.882 61.425 242
496.844 108.884 61.425 237
496.848 108.884 61.425 223
496.851 108.892 61.426 162
496.853 108.901 61.428 161
496.856 108.905 61.428 180
496.860 108.910 61.429 210
496.864 108.912 61.429 232
496.868 108.914 61.429 243
496.872 108.916 61.430 236
496.876 108.916 61.429 231
496.881 108.918 61.430 240
496.885 108.917 61.429 236
496.890 108.918 61.429 222
496.894 108.918 61.429 224
496.899 108.919 61.429 229
496.903 108.919 61.429 224
496.908 108.918 61.428 223
496.912 108.920 61.429 225
496.917 108.918 61.428 227
496.921 108.919 61.428 226
496.925 108.920 61.428 225
496.930 108.919 61.428 219
496.932 108.928 61.429 160
496.933 108.944 61.432 214
496.939 108.937 61.430 193
496.945 108.931 61.429 196
496.949 108.932 61.429 161
496.953 108.936 61.430 139
497.975 104.524 60.603 91
497.980 104.516 60.601 96
497.996 104.507 60.599 88
498.000 104.500 60.598 100
497.999 104.512 60.600 86
498.012 104.508 60.599 97
498.014 104.506 60.598 88
496.971 109.264 61.487 113
496.970 109.286 61.491 128
496.971 109.305 61.495 136
496.970 109.330 61.499 140
496.970 109.350 61.503 144
496.970 109.372 61.507 150
496.972 109.384 61.509 180
496.977 109.386 61.509 215
496.981 109.387 61.509 218
496.985 109.387 61.509 221
496.990 109.388 61.509 217
496.995 109.388 61.509 215
497.000 109.388 61.508 207
497.005 109.387 61.508 210
497.009 109.388 61.508 214
497.014 109.388 61.508 208
497.018 109.388 61.508 204
497.023 109.387 61.507 210
496.148 108.938 61.464 208
496.152 108.937 61.464 198
496.157 108.938 61.464 204
496.161 108.938 61.463 205
496.166 108.939 61.463 204
496.171 108.939 61.463 210
496.176 108.937 61.462 202
496.180 108.938 61.462 202
496.185 108.940 61.462 199
496.190 108.939 61.462 203
496.194 108.940 61.462 210
496.199 108.939 61.462 203
496.204 108.939 61.461 198
496.208 108.939 61.461 171
496.213 108.938 61.460 143
497.280 105.516 60.808 112
497.283 105.515 60.808 114
497.286 105.516 60.808 115
497.290 105.514 60.807 114
497.293 105.511 60.807 114
497.296 105.513 60.807 115
497.299 105.513 60.806 115
497.301 105.514 60.806 111
497.304 105.514 60.806 111
497.308 105.511 60.806 110
497.311 105.512 60.806 109
497.313 105.513 60.806 112
497.317 105.512 60.805 110
497.318 105.515 60.806 94
497.319 105.525 60.807 85
497.318 105.537 60.810 98
496.291 108.943 61.457 131
496.296 108.943 61.457 181
496.301 108.942 61.457 198
496.305 108.943 61.457 202
496.310 108.941 61.456 204
496.315 108.942 61.456 200
496.319 108.942 61.456 209
496.324 108.942 61.455 201
496.328 108.943 61.455 203
496.333 108.941 61.455 199
496.338 108.942 61.455 193
496.342 108.944 61.455 207
496.348 108.941 61.454 195
496.352 108.943 61.454 208
496.356 108.943 61.454 205
496.361 108.943 61.454 207
496.366 108.942 61.453 196
496.370 108.943 61.453 195
496.375 108.943 61.453 201
496.380 108.943 61.453 203
496.384 108.944 61.453 204
496.387 108.950 61.454 213
496.392 108.949 61.453 208
496.396 108.951 61.453 215
496.401 108.949 61.453 218
496.406 108.950 61.453 201
496.411 108.948 61.452 202
496.416 108.948 61.452 193
496.420 108.947 61.451 191
496.425 108.946 61.451 190
496.429 108.947 61.451 192
496.434 108.947 61.451 187
496.439 108.947 61.450 185
496.443 108.950 61.451 184
496.447 108.953 61.451 184
496.449 108.960 61.452 187
496.450 108.974 61.455 181
496.245 109.714 61.594 149
495.810 111.649 61.955 84
497.736 104.625 60.629 102
496.562 108.937 61.443 106
496.564 108.943 61.444 154
496.570 108.941 61.443 180
496.574 108.942 61.443 189
496.579 108.942 61.443 173
496.583 108.941 61.442 150
497.511 105.520 60.797 116
497.515 105.517 60.796 112
497.519 105.514 60.796 112
497.521 105.517 60.796 109
497.523 105.519 60.796 110
497.527 105.517 60.796 108
497.531 105.511 60.794 108
497.534 105.513 60.795 107
497.535 105.519 60.796 108
497.538 105.517 60.795 109
497.541 105.515 60.795 110
497.545 105.512 60.794 108
497.547 105.517 60.795 107
497.550 105.516 60.795 108
497.554 105.509 60.793 90
497.561 105.494 60.790 87
496.698 108.799 61.412 114
496.708 108.780 61.408 150
496.710 108.792 61.410 188
496.713 108.795 61.411 244
496.718 108.794 61.410 231
496.722 108.796 61.410 220
496.724 108.805 61.412 158
496.726 108.814 61.413 237
496.731 108.813 61.413 224
496.734 108.820 61.414 173
496.736 108.828 61.415 181
496.740 108.832 61.416 198
496.743 108.836 61.416 217
496.747 108.837 61.417 227
496.751 108.839 61.417 204
496.756 108.839 61.416 190
496.760 108.841 61.417 202
496.764 108.841 61.416 203
496.770 108.837 61.415 211
496.774 108.837 61.415 207
496.778 108.839 61.415 210
496.783 108.839 61.415 208
496.787 108.839 61.415 207
496.791 108.842 61.415 226
496.796 108.842 61.415 226
496.799 108.845 61.415 226
496.804 108.846 61.415 220
496.808 108.848 61.416 211
496.811 108.851 61.416 206
496.815 108.852 61.416 208
496.819 108.856 61.417 216
496.823 108.857 61.417 185
496.825 108.868 61.418 199
496.829 108.869 61.419 216
496.831 108.880 61.420 186
496.835 108.883 61.421 243
496.839 108.884 61.421 234
496.844 108.883 61.420 240
496.848 108.884 61.420 227
496.851 108.892 61.422 160
496.853 108.900 61.423 163
496.856 108.906 61.424 179
496.860 108.909 61.424 204
496.864 108.913 61.425 231
496.868 108.913 61.425 240
496.872 108.915 61.425 236
496.876 108.916 61.425 242
496.881 108.917 61.425 243
496.885 108.918 61.425 234
496.890 108.918 61.425 223
496.894 108.918 61.424 229
496.899 108.917 61.424 219
496.903 108.919 61.424 221
496.908 108.918 61.424 226
496.912 108.918 61.424 217
496.917 108.918 61.423 230
496.920 108.920 61.424 223
496.925 108.920 61.423 229
496.930 108.920 61.423 218
496.932 108.928 61.425 163
496.934 108.942 61.427 224
496.939 108.938 61.426 203
496.945 108.933 61.425 185
496.949 108.933 61.425 162
496.953 108.935 61.425 138
497.977 104.518 60.600 95
497.979 104.518 60.599 97
497.995 104.511 60.598 85
497.997 104.509 60.597 97
497.999 104.512 60.598 85
498.002 104.512 60.597 82
498.010 104.514 60.597 98
498.015 104.504 60.595 82
496.970 109.268 61.483 114
496.971 109.283 61.486 129
496.971 109.306 61.490 136
496.970 109.332 61.495 141
496.970 109.351 61.498 145
496.970 109.372 61.502 151
496.973 109.383 61.504 186
496.976 109.386 61.504 219
496.981 109.387 61.504 222
496.985 109.387 61.504 217
496.990 109.387 61.504 217
496.995 109.388 61.504 215
497.000 109.388 61.504 208
497.005 109.387 61.503 216
497.009 109.389 61.503 212
497.014 109.388 61.503 205
497.018 109.388 61.503 203
497.023 109.388 61.503 206
496.148 108.938 61.460 199
496.152 108.939 61.459 205
496.157 108.939 61.459 211
496.161 108.939 61.459 201
496.166 108.938 61.459 198
496.171 108.938 61.458 200
496.175 108.939 61.458 205
496.180 108.939 61.458 206
496.184 108.941 61.458 206
496.189 108.940 61.458 201
496.194 108.939 61.457 194
496.199 108.939 61.457 201
496.204 108.939 61.457 192
496.208 108.940 61.456 168
496.213 108.938 61.456 144
497.279 105.521 60.806 113
497.284 105.514 60.805 113
497.287 105.512 60.804 114
497.290 105.511 60.804 113
497.292 105.515 60.804 112
497.295 105.513 60.804 115
497.299 105.513 60.804 114
497.301 105.516 60.804 107
497.305 105.514 60.803 110
497.308 105.511 60.803 110
497.311 105.511 60.803 109
497.313 105.514 60.803 110
497.316 105.515 60.803 109
497.318 105.516 60.803 94
497.318 105.525 60.805 86
497.317 105.538 60.807 97
496.292 108.939 61.452 132
496.296 108.944 61.453 178
496.300 108.943 61.452 196
496.304 108.944 61.452 206
496.310 108.943 61.452 200
496.315 108.942 61.451 202
496.319 108.942 61.451 199
496.325 108.942 61.451 204
496.329 108.942 61.451 204
496.333 108.944 61.451 205
496.338 108.944 61.450 195
496.343 108.942 61.450 199
496.347 108.942 61.450 208
496.352 108.943 61.449 205
496.356 108.943 61.449 204
496.361 108.943 61.449 206
496.366 108.942 61.449 201
496.370 108.943 61.448 196
496.375 108.943 61.448 199
496.380 108.944 61.448 206
496.383 108.946 61.448 208
496.387 108.951 61.449 215
496.391 108.950 61.449 216
496.397 108.948 61.448 208
496.401 108.949 61.448 215
496.406 108.949 61.448 205
496.411 108.947 61.447 201
496.416 108.948 61.447 192
496.420 108.946 61.447 190
496.426 108.945 61.446 183
496.430 108.946 61.446 187
496.435 108.946 61.446 190
496.439 108.948 61.446 181
496.444 108.944 61.445 173
496.449 108.945 61.445 160
496.452 108.951 61.446 164
496.267 109.620 61.572 147
487.959 138.944 67.106 135
497.737 104.622 60.626 104
496.564 108.928 61.436 107
496.565 108.940 61.438 155
496.569 108.942 61.439 187
496.574 108.942 61.438 197
496.578 108.943 61.438 182
496.583 108.942 61.438 152
497.513 105.515 60.793 115
497.516 105.515 60.793 113
497.519 105.514 60.793 110
497.522 105.513 60.792 109
497.524 105.516 60.793 109
497.528 105.513 60.792 107
497.530 105.517 60.793 110
497.531 105.521 60.793 111
497.536 105.513 60.792 108
497.539 105.514 60.792 108
497.541 105.514 60.792 111
497.545 105.514 60.792 109
497.547 105.516 60.792 107
497.549 105.519 60.792 107
497.555 105.505 60.789 86
497.564 105.484 60.785 87
496.698 108.801 61.408 114
496.708 108.780 61.404 149
496.709 108.795 61.406 186
496.713 108.794 61.406 250
496.717 108.796 61.406 234
496.722 108.796 61.406 218
496.724 108.805 61.407 158
496.727 108.812 61.408 238
496.731 108.813 61.408 222
496.734 108.819 61.409 178
496.736 108.827 61.411 183
496.740 108.831 61.411 192
496.743 108.835 61.412 214
496.747 108.837 61.412 236
496.752 108.837 61.412 215
496.757 108.835 61.411 216
496.761 108.837 61.411 208
496.765 108.838 61.411 225
496.770 108.837 61.411 232
496.774 108.837 61.411 224
496.779 108.837 61.410 216
496.783 108.837 61.410 214
496.788 108.838 61.410 206
496.791 108.841 61.411 196
496.795 108.843 61.411 212
496.799 108.845 61.411 211
496.804 108.844 61.411 200
496.808 108.846 61.411 191
496.812 108.849 61.411 193
496.815 108.852 61.412 188
496.819 108.856 61.412 222
496.823 108.858 61.412 188
496.825 108.868 61.414 206
496.829 108.869 61.414 211
496.831 108.879 61.416 187
496.835 108.883 61.416 245
496.839 108.884 61.416 232
496.844 108.884 61.416 234
496.848 108.883 61.416 227
496.851 108.892 61.417 161
496.853 108.901 61.419 160
496.856 108.906 61.419 184
496.860 108.909 61.420 207
496.864 108.913 61.420 236
496.868 108.914 61.420 245
496.872 108.916 61.420 240
496.876 108.916 61.420 249
496.881 108.917 61.420 239
496.885 108.919 61.420 234
496.890 108.917 61.420 227
496.894 108.919 61.420 227
496.899 108.918 61.420 232
496.903 108.919 61.420 231
496.907 108.918 61.419 223
496.912 108.918 61.419 222
496.917 108.918 61.419 225
496.921 108.919 61.419 218
496.925 108.920 61.419 229
496.930 108.920 61.419 219
496.932 108.928 61.420 166
496.933 108.943 61.423 227
496.937 108.944 61.423 238
496.944 108.937 61.421 191
496.948 108.937 61.421 158
496.952 108.939 61.421 140
497.976 104.520 60.598 92
497.980 104.514 60.596 96
497.998 104.506 60.594 97
497.999 104.511 60.595 87
498.011 104.511 60.594 96
496.969 109.272 61.479 113
496.971 109.283 61.481 130
496.970 109.309 61.486 136
496.970 109.332 61.490 141
496.970 109.353 61.494 145
496.970 109.371 61.497 151
496.972 109.384 61.499 184
496.977 109.385 61.499 219
496.981 109.388 61.499 220
496.986 109.386 61.499 214
496.990 109.388 61.499 216
496.995 109.387 61.499 207
497.000 109.389 61.499 209
497.005 109.387 61.499 216
497.009 109.389 61.499 207
497.014 109.387 61.498 202
497.019 109.387 61.498 207
497.023 109.387 61.498 207
496.147 108.940 61.455 202
496.152 108.938 61.455 205
496.156 108.939 61.455 207
496.161 108.937 61.454 206
496.166 108.939 61.454 203
496.171 108.937 61.453 208
496.175 108.939 61.454 206
496.180 108.939 61.453 201
496.185 108.938 61.453 197
496.189 108.939 61.453 203
496.194 108.939 61.452 199
496.199 108.939 61.452 199
496.203 108.940 61.452 192
496.208 108.941 61.452 166
496.213 108.938 61.451 143
497.280 105.515 60.802 113
497.284 105.512 60.801 113
497.287 105.513 60.801 114
497.291 105.508 60.800 110
497.294 105.510 60.801 111
497.296 105.512 60.801 113
497.300 105.510 60.800 113
497.301 105.513 60.801 110
497.305 105.512 60.800 112
497.308 105.513 60.800 110
497.310 105.512 60.800 108
497.313 105.514 60.800 110
497.315 105.517 60.800 111
497.317 105.518 60.801 94
497.319 105.525 60.802 87
497.316 105.541 60.805 96
496.291 108.943 61.448 130
496.296 108.943 61.448 176
496.300 108.943 61.447 196
496.305 108.943 61.447 198
496.310 108.943 61.447 198
496.315 108.943 61.447 199
496.319 108.943 61.446 192
496.324 108.942 61.446 196
496.329 108.942 61.446 195
496.333 108.943 61.446 201
496.338 108.944 61.446 196
496.342 108.943 61.445 199
496.348 108.942 61.445 196
496.352 108.941 61.444 199
496.357 108.941 61.444 195
496.361 108.941 61.444 203
496.366 108.942 61.444 207
496.370 108.942 61.444 198
496.375 108.943 61.444 198
496.380 108.943 61.443 205
496.384 108.944 61.443 214
496.387 108.951 61.444 213
496.392 108.948 61.444 213
496.397 108.949 61.444 208
496.401 108.950 61.444 212
496.406 108.950 61.443 207
496.410 108.948 61.443 197
496.415 108.948 61.442 194
496.420 108.947 61.442 186
496.425 108.946 61.442 189
496.430 108.946 61.441 186
496.436 108.941 61.440 170
496.443 108.933 61.439 158
496.263 109.579 61.560 144
496.074 110.261 61.688 143
496.092 110.214 61.679 141
497.865 103.992 60.507 156
495.914 110.880 61.804 158
497.737 104.622 60.624 104
496.564 108.928 61.432 108
496.565 108.939 61.434 155
496.569 108.941 61.434 186
496.574 108.941 61.434 193
496.579 108.941 61.433 186
496.584 108.940 61.433 152
497.512 105.517 60.791 116
497.517 105.512 60.790 115
497.519 105.512 60.790 108
497.522 105.513 60.789 110
497.525 105.514 60.789 109
497.526 105.518 60.790 107
497.529 105.518 60.790 108
497.533 105.516 60.790 108
497.536 105.513 60.789 107
497.539 105.512 60.789 109
497.541 105.517 60.789 110
497.544 105.516 60.789 109
497.546 105.517 60.789 108
497.550 105.516 60.789 107
497.557 105.500 60.786 91
497.564 105.483 60.782 85
496.697 108.805 61.404 113
496.708 108.780 61.399 149
496.709 108.795 61.402 191
496.713 108.796 61.402 251
496.717 108.797 61.402 235
496.722 108.796 61.401 219
496.724 108.805 61.403 159
496.727 108.812 61.404 231
496.731 108.814 61.404 227
496.734 108.818 61.405 177
496.736 108.827 61.406 191
496.740 108.829 61.406 209
496.744 108.832 61.407 192
496.748 108.834 61.407 189
496.753 108.834 61.407 208
496.757 108.834 61.406 224
496.761 108.835 61.406 218
496.766 108.836 61.406 216
496.770 108.837 61.406 229
496.774 108.838 61.406 226
496.778 108.839 61.406 223
496.783 108.837 61.406 218
496.788 108.838 61.406 220
496.792 108.839 61.406 222
496.796 108.840 61.406 222
496.800 108.843 61.406 220
496.804 108.843 61.406 217
496.808 108.846 61.406 194
496.811 108.851 61.407 200
496.815 108.854 61.407 206
496.819 108.856 61.408 220
496.823 108.858 61.408 188
496.825 108.868 61.409 203
496.830 108.868 61.409 223
496.831 108.881 61.411 188
496.835 108.882 61.411 247
496.839 108.882 61.411 243
496.844 108.882 61.411 231
496.848 108.883 61.411 222
496.850 108.893 61.413 160
496.853 108.900 61.414 162
496.856 108.905 61.415 182
496.860 108.910 61.415 210
496.864 108.913 61.416 232
496.868 108.914 61.416 234
496.872 108.915 61.416 242
496.876 108.918 61.416 247
496.881 108.917 61.416 239
496.885 108.918 61.416 240
496.890 108.918 61.415 231
496.894 108.917 61.415 229
496.898 108.919 61.415 224
496.903 108.918 61.415 218
496.908 108.918 61.415 221
496.912 108.919 61.415 220
496.916 108.919 61.414 232
496.921 108.917 61.414 220
496.926 108.918 61.414 221
496.930 108.919 61.414 218
496.932 108.929 61.416 165
496.933 108.944 61.418 218
496.937 108.945 61.418 233
496.944 108.937 61.416 169
496.948 108.937 61.416 150
496.952 108.938 61.416 137
497.976 104.520 60.595 93
497.978 104.522 60.595 98
497.997 104.510 60.592 95
497.999 104.512 60.593 85
498.001 104.515 60.593 83
498.010 104.516 60.593 96
498.014 104.506 60.591 81
496.970 109.265 61.473 113
496.970 109.288 61.477 129
496.970 109.310 61.481 136
496.970 109.329 61.485 140
496.970 109.352 61.489 145
496.970 109.371 61.492 150
496.973 109.384 61.494 187
496.976 109.386 61.495 233
496.981 109.386 61.494 222
496.985 109.388 61.495 220
496.990 109.387 61.494 215
496.995 109.388 61.494 216
497.000 109.387 61.494 213
497.005 109.388 61.494 215
497.009 109.388 61.494 211
497.014 109.388 61.494 203
497.019 109.387 61.493 209
497.023 109.388 61.493 198
496.148 108.938 61.450 210
496.152 108.937 61.450 208
496.157 108.939 61.450 203
496.161 108.938 61.449 196
496.166 108.940 61.449 208
496.171 108.938 61.449 199
496.176 108.938 61.449 194
496.180 108.939 61.449 201
496.185 108.939 61.448 201
496.189 108.940 61.448 199
496.194 108.941 61.448 196
496.199 108.939 61.448 206
496.204 108.939 61.447 191
496.208 108.940 61.447 163
496.213 108.938 61.446 145
497.279 105.519 60.800 114
497.284 105.511 60.798 113
497.287 105.511 60.798 113
497.291 105.508 60.797 110
497.293 105.514 60.798 111
497.296 105.512 60.798 110
497.299 105.513 60.798 108
497.302 105.512 60.797 111
497.305 105.512 60.797 110
497.308 105.511 60.797 109
497.310 105.513 60.797 108
497.313 105.515 60.797 108
497.315 105.516 60.797 113
497.318 105.516 60.797 98
497.317 105.530 60.800 90
497.317 105.538 60.801 94
496.291 108.944 61.443 131
496.296 108.943 61.443 174
496.301 108.942 61.443 192
496.305 108.942 61.442 195
496.310 108.941 61.442 198
496.315 108.943 61.442 195
496.319 108.942 61.442 198
496.324 108.942 61.441 197
496.329 108.941 61.441 201
496.333 108.943 61.441 202
496.338 108.942 61.441 201
496.343 108.942 61.440 193
496.347 108.943 61.440 199
496.352 108.943 61.440 196
496.356 108.944 61.440 199
496.361 108.942 61.439 211
496.366 108.943 61.439 208
496.370 108.942 61.439 201
496.375 108.943 61.439 209
496.380 108.942 61.439 203
496.384 108.944 61.439 214
496.387 108.950 61.440 212
496.391 108.951 61.440 210
496.396 108.950 61.439 214
496.401 108.949 61.439 209
496.406 108.950 61.439 202
496.410 108.949 61.438 201
496.416 108.947 61.438 196
496.420 108.946 61.437 188
496.425 108.947 61.437 186
496.431 108.943 61.436 177
496.244 109.610 61.561 157
496.255 109.592 61.558 148
498.048 103.328 60.381 142
497.876 103.936 60.495 170
497.873 103.956 60.499 162
497.876 103.952 60.498 252
497.657 104.732 60.644 252
497.736 104.624 60.622 104
496.380 109.603 61.554 107
496.565 108.940 61.429 155
496.569 108.942 61.429 185
496.574 108.941 61.429 192
496.579 108.941 61.429 178
496.583 108.942 61.429 151
497.514 105.511 60.787 116
497.517 105.510 60.786 119
497.520 105.511 60.786 113
497.522 105.514 60.787 110
497.527 105.506 60.785 107
497.527 105.513 60.786 109
497.530 105.515 60.787 109
497.533 105.515 60.787 110
497.536 105.512 60.786 107
497.539 105.513 60.786 108
497.543 105.509 60.785 107
497.546 105.511 60.785 107
497.547 105.517 60.786 108
497.550 105.514 60.786 107
497.556 105.502 60.783 89
497.568 105.469 60.777 85
496.698 108.801 61.399 114
496.708 108.780 61.395 150
496.709 108.794 61.397 192
496.713 108.794 61.397 250
496.718 108.795 61.397 233
496.721 108.797 61.397 218
496.724 108.803 61.398 158
496.727 108.812 61.399 231
496.731 108.812 61.399 224
496.734 108.819 61.400 178
496.738 108.823 61.401 192
496.741 108.827 61.401 219
496.745 108.828 61.401 188
496.749 108.829 61.401 186
496.753 108.833 61.402 213
496.757 108.834 61.402 226
496.761 108.836 61.402 244
496.766 108.836 61.402 223
496.770 108.838 61.402 227
496.774 108.839 61.402 221
496.778 108.838 61.402 229
496.783 108.839 61.402 222
496.787 108.841 61.402 218
496.791 108.842 61.402 223
496.795 108.844 61.402 219
496.799 108.846 61.402 216
496.803 108.848 61.402 230
496.808 108.847 61.402 234
496.811 108.850 61.402 214
496.815 108.852 61.402 192
496.819 108.857 61.403 216
496.823 108.858 61.403 191
496.825 108.868 61.405 204
496.829 108.869 61.405 218
496.831 108.879 61.406 185
496.835 108.881 61.407 247
496.839 108.883 61.407 245
496.844 108.882 61.406 224
496.848 108.884 61.407 224
496.851 108.892 61.408 162
496.853 108.900 61.409 162
496.856 108.905 61.410 187
496.860 108.908 61.410 202
496.864 108.912 61.411 233
496.868 108.915 61.411 236
496.872 108.915 61.411 235
496.876 108.918 61.411 236
496.881 108.916 61.411 237
496.885 108.918 61.411 230
496.890 108.917 61.411 237
496.894 108.918 61.411 228
496.899 108.918 61.410 224
496.903 108.918 61.410 222
496.908 108.917 61.410 217
496.912 108.920 61.410 217
496.917 108.918 61.410 220
496.921 108.918 61.410 220
496.926 108.919 61.409 217
496.930 108.919 61.409 220
496.932 108.929 61.411 167
496.933 108.942 61.413 217
496.939 108.939 61.412 189
496.945 108.931 61.411 179
496.949 108.932 61.411 155
496.953 108.935 61.411 134
497.976 104.523 60.593 91
497.978 104.522 60.593 99
497.994 104.513 60.591 85
497.997 104.512 60.591 99
497.999 104.513 60.591 85
498.010 104.517 60.591 99
498.014 104.509 60.589 86
496.970 109.267 61.469 113
496.970 109.287 61.473 128
496.970 109.310 61.477 136
496.970 109.332 61.480 141
496.971 109.348 61.483 145
496.970 109.371 61.487 150
496.973 109.383 61.489 186
496.977 109.385 61.490 222
496.981 109.386 61.490 218
496.985 109.387 61.490 214
496.990 109.388 61.490 217
496.995 109.387 61.489 215
496.999 109.390 61.490 215
497.005 109.387 61.489 204
497.009 109.386 61.489 209
497.014 109.387 61.489 202
497.018 109.389 61.489 197
497.023 109.388 61.488 205
496.147 108.939 61.446 206
496.152 108.938 61.445 204
496.156 108.940 61.445 206
496.161 108.940 61.445 212
496.166 108.939 61.445 211
496.171 108.938 61.444 196
496.175 108.940 61.444 202
496.180 108.940 61.444 200
496.185 108.940 61.444 200
496.189 108.941 61.444 199
496.194 108.940 61.443 211
496.198 108.940 61.443 202
496.203 108.940 61.443 199
496.208 108.941 61.443 165
496.214 108.937 61.442 143
497.280 105.516 60.796 113
497.284 105.512 60.795 114
497.287 105.512 60.795 114
497.290 105.514 60.796 113
497.294 105.510 60.795 111
497.296 105.511 60.795 110
497.298 105.514 60.795 110
497.301 105.515 60.795 109
497.305 105.513 60.794 108
497.307 105.516 60.795 110
497.309 105.516 60.795 108
497.313 105.513 60.794 110
497.317 105.512 60.794 110
497.317 105.521 60.795 95
497.318 105.525 60.796 92
497.111 106.218 60.926 91
496.291 108.942 61.439 128
496.297 108.942 61.438 177
496.300 108.942 61.438 205
496.305 108.943 61.438 209
496.310 108.942 61.438 201
496.315 108.942 61.437 202
496.319 108.943 61.437 202
496.324 108.943 61.437 203
496.329 108.942 61.436 199
496.333 108.942 61.436 205
496.338 108.942 61.436 207
496.343 108.941 61.436 201
496.347 108.943 61.436 204
496.352 108.942 61.435 203
496.356 108.944 61.435 208
496.361 108.941 61.435 204
496.366 108.942 61.435 200
496.371 108.941 61.434 202
496.375 108.942 61.434 202
496.380 108.942 61.434 208
496.384 108.945 61.434 208
496.387 108.950 61.435 211
496.391 108.951 61.435 212
496.396 108.950 61.434 213
496.401 108.949 61.434 212
496.406 108.950 61.434 216
496.411 108.948 61.433 204
496.416 108.947 61.433 192
496.420 108.947 61.433 188
496.427 108.942 61.432 167
496.433 108.934 61.430 158
496.250 109.592 61.553 149
496.074 110.224 61.671 140
497.879 103.919 60.490 189
497.692 104.583 60.614 253
497.691 104.595 60.616 253
497.690 104.607 60.618 254
497.664 104.709 60.637 254
497.738 104.618 60.618 105
496.381 109.600 61.548 106
496.565 108.940 61.424 154
496.570 108.941 61.424 181
496.574 108.940 61.424 195
496.579 108.941 61.424 180
496.584 108.941 61.424 152
497.884 104.139 60.528 115
497.516 105.513 60.784 113
497.519 105.513 60.784 113
497.522 105.511 60.783 110
497.525 105.511 60.783 107
497.529 105.507 60.782 107
497.531 105.510 60.783 109
497.534 105.510 60.783 109
497.538 105.505 60.782 107
497.539 105.513 60.783 108
497.543 105.508 60.782 107
497.545 105.513 60.783 110
497.549 105.510 60.782 109
497.551 105.511 60.782 107
497.557 105.498 60.780 83
497.563 105.487 60.777 87
496.698 108.801 61.394 112
496.707 108.783 61.391 149
496.709 108.793 61.392 192
496.714 108.793 61.392 245
496.718 108.795 61.392 236
496.722 108.796 61.392 221
496.724 108.804 61.394 159
496.727 108.813 61.395 226
496.731 108.814 61.395 220
496.734 108.820 61.396 176
496.737 108.826 61.397 201
496.740 108.829 61.397 237
496.746 108.826 61.396 210
496.749 108.829 61.397 188
496.753 108.832 61.397 211
496.757 108.833 61.397 225
496.761 108.835 61.397 235
496.766 108.834 61.397 230
496.770 108.837 61.397 217
496.774 108.838 61.397 218
496.778 108.838 61.397 229
496.782 108.841 61.397 222
496.787 108.841 61.397 219
496.790 108.844 61.398 230
496.794 108.847 61.398 231
496.798 108.847 61.398 229
496.803 108.847 61.398 219
496.807 108.848 61.398 205
496.812 108.848 61.397 199
496.815 108.854 61.398 193
496.818 108.858 61.399 234
496.823 108.860 61.399 213
496.825 108.866 61.400 203
496.829 108.870 61.400 214
496.831 108.879 61.402 188
496.835 108.882 61.402 244
496.840 108.882 61.402 238
496.844 108.883 61.402 229
496.848 108.884 61.402 219
496.851 108.891 61.403 166
496.852 108.903 61.405 161
496.856 108.907 61.406 184
496.860 108.910 61.406 208
496.864 108.913 61.406 230
496.868 108.913 61.406 238
496.873 108.915 61.406 237
496.876 108.916 61.407 237
496.881 108.917 61.406 231
496.885 108.917 61.406 236
496.890 108.918 61.406 232
496.894 108.919 61.406 227
496.898 108.919 61.406 223
496.903 108.917 61.406 220
496.908 108.918 61.406 216
496.912 108.917 61.405 217
496.917 108.918 61.405 217
496.921 108.919 61.405 219
496.926 108.918 61.405 220
496.930 108.919 61.405 212
496.933 108.928 61.406 165
496.933 108.943 61.409 227
496.940 108.935 61.407 194
496.945 108.931 61.406 193
496.950 108.931 61.406 162
496.954 108.934 61.406 139
497.977 104.518 60.590 93
497.980 104.514 60.589 102
497.995 104.510 60.588 88
497.997 104.509 60.588 101
497.997 104.520 60.589 89
498.011 104.512 60.588 99
496.970 109.267 61.464 113
496.970 109.286 61.468 129
496.970 109.310 61.472 136
496.970 109.330 61.475 141
496.970 109.351 61.479 145
496.970 109.374 61.483 151
496.972 109.384 61.485 185
496.977 109.386 61.485 227
496.981 109.387 61.485 219
496.985 109.387 61.485 221
496.990 109.387 61.485 219
496.995 109.388 61.485 215
497.000 109.387 61.484 213
497.005 109.387 61.484 213
497.009 109.386 61.484 209
497.014 109.387 61.484 205
497.018 109.388 61.484 207
497.023 109.388 61.484 202
496.148 108.938 61.441 205
496.152 108.938 61.441 201
496.157 108.938 61.440 201
496.161 108.940 61.440 211
496.167 108.937 61.440 206
496.171 108.939 61.440 205
496.175 108.940 61.440 197
496.181 108.937 61.439 201
496.185 108.940 61.439 203
496.189 108.940 61.439 211
496.194 108.940 61.439 200
496.198 108.942 61.439 201
496.203 108.940 61.438 194
496.208 108.939 61.438 167
496.214 108.937 61.437 143
497.279 105.519 60.794 112
497.284 105.513 60.793 113
497.286 105.515 60.793 114
497.291 105.508 60.791 113
497.294 105.508 60.791 110
497.295 105.514 60.792 110
497.299 105.511 60.792 111
497.303 105.509 60.791 110
497.303 105.518 60.792 111
497.308 105.512 60.791 111
497.310 105.513 60.791 109
497.313 105.515 60.792 108
497.316 105.513 60.791 110
497.320 105.511 60.790 91
497.318 105.528 60.793 88
496.700 107.577 61.178 92
496.292 108.941 61.434 130
496.296 108.943 61.434 181
496.300 108.944 61.434 200
496.304 108.944 61.433 204
496.310 108.942 61.433 207
496.315 108.942 61.433 205
496.319 108.942 61.432 207
496.324 108.942 61.432 198
496.329 108.943 61.432 198
496.333 108.943 61.432 199
496.338 108.944 61.432 203
496.343 108.942 61.431 203
496.348 108.942 61.431 197
496.352 108.943 61.431 198
496.357 108.942 61.430 203
496.361 108.943 61.430 208
496.366 108.942 61.430 204
496.371 108.942 61.430 194
496.375 108.942 61.429 197
496.380 108.943 61.430 210
496.384 108.944 61.429 203
496.387 108.951 61.430 211
496.391 108.951 61.430 219
496.396 108.950 61.430 215
496.401 108.949 61.429 215
496.406 108.949 61.429 206
496.410 108.949 61.429 200
496.415 108.949 61.429 196
496.421 108.946 61.428 185
496.233 109.614 61.553 159
496.241 109.605 61.551 155
496.069 110.223 61.666 141
497.877 103.919 60.488 173
497.691 104.576 60.611 253
497.694 104.574 60.610 254
497.671 104.682 60.630 254
497.739 104.612 60.614 110
496.385 109.586 61.540 105
496.566 108.937 61.419 154
496.570 108.941 61.420 184
496.575 108.940 61.419 190
496.579 108.942 61.420 180
496.584 108.939 61.419 151
498.070 103.449 60.397 113
497.519 105.504 60.779 107
497.522 105.503 60.779 110
497.526 105.498 60.778 107
497.528 105.501 60.778 105
497.531 105.500 60.778 107
497.534 105.502 60.778 108
497.535 105.508 60.779 110
497.537 105.510 60.780 108
497.540 105.509 60.779 110
497.542 105.512 60.780 109
497.545 105.513 60.780 110
497.547 105.514 60.780 109
497.551 105.510 60.779 107
497.557 105.498 60.777 84
497.564 105.486 60.774 84
496.698 108.801 61.390 113
496.708 108.781 61.386 149
496.709 108.792 61.388 191
496.713 108.794 61.388 249
496.717 108.797 61.388 236
496.721 108.797 61.388 233
496.724 108.803 61.389 161
496.726 108.813 61.390 232
496.731 108.814 61.390 214
496.734 108.820 61.391 183
496.737 108.826 61.392 204
496.741 108.827 61.392 231
496.746 108.825 61.392 222
496.749 108.829 61.392 188
496.753 108.831 61.392 207
496.757 108.833 61.393 239
496.761 108.835 61.393 230
496.766 108.835 61.392 226
496.770 108.835 61.392 225
496.774 108.839 61.393 231
496.778 108.840 61.393 224
496.783 108.838 61.392 215
496.786 108.843 61.393 217
496.791 108.842 61.393 220
496.795 108.846 61.393 219
496.799 108.847 61.393 226
496.803 108.847 61.393 217
496.808 108.847 61.393 212
496.812 108.847 61.393 197
496.815 108.854 61.394 174
496.819 108.858 61.394 221
496.823 108.859 61.394 204
496.825 108.867 61.396 198
496.829 108.869 61.396 210
496.831 108.880 61.398 189
496.835 108.883 61.398 242
496.839 108.882 61.398 240
496.844 108.883 61.397 237
496.848 108.884 61.397 217
496.850 108.893 61.399 158
496.853 108.902 61.400 161
496.856 108.906 61.401 182
496.860 108.910 61.402 211
496.864 108.911 61.401 236
496.868 108.915 61.402 247
496.872 108.915 61.402 245
496.877 108.916 61.402 239
496.880 108.918 61.402 229
496.885 108.919 61.402 231
496.890 108.918 61.402 222
496.894 108.918 61.402 228
496.899 108.918 61.401 219
496.903 108.918 61.401 237
496.907 108.919 61.401 222
496.912 108.918 61.401 218
496.916 108.919 61.401 226
496.921 108.918 61.400 224
496.925 108.920 61.401 218
496.930 108.918 61.400 214
496.932 108.930 61.402 166
496.933 108.943 61.404 233
496.939 108.940 61.403 208
496.945 108.933 61.402 190
496.949 108.934 61.402 163
496.953 108.936 61.402 138
497.977 104.519 60.588 94
497.980 104.515 60.587 99
497.981 104.521 60.588 81
497.995 104.511 60.586 83
497.998 104.507 60.585 99
497.999 104.511 60.586 90
498.010 104.514 60.586 95
498.013 104.513 60.585 85
496.970 109.268 61.460 113
496.970 109.288 61.463 128
496.970 109.309 61.467 137
496.970 109.330 61.471 141
496.970 109.350 61.474 145
496.970 109.372 61.478 150
496.973 109.384 61.480 185
496.976 109.386 61.480 228
496.981 109.387 61.480 219
496.986 109.387 61.480 220
496.990 109.388 61.480 212
496.995 109.388 61.480 211
497.000 109.386 61.479 206
497.005 109.388 61.480 211
497.009 109.387 61.479 213
497.014 109.387 61.479 210
497.018 109.388 61.479 199
497.023 109.388 61.479 206
496.147 108.940 61.436 207
496.152 108.939 61.436 206
496.156 108.939 61.436 204
496.161 108.939 61.436 204
496.166 108.940 61.435 202
496.171 108.938 61.435 205
496.176 108.939 61.435 197
496.180 108.940 61.435 206
496.184 108.941 61.435 203
496.189 108.940 61.434 199
496.194 108.940 61.434 202
496.199 108.940 61.434 204
496.203 108.941 61.434 191
496.208 108.941 61.433 162
496.213 108.939 61.433 145
497.279 105.519 60.791 113
497.284 105.513 60.790 112
497.287 105.512 60.789 115
497.290 105.511 60.789 113
497.293 105.513 60.789 112
497.297 105.509 60.788 111
497.299 105.513 60.789 111
497.302 105.513 60.789 111
497.305 105.513 60.789 112
497.307 105.513 60.789 110
497.311 105.510 60.788 110
497.313 105.514 60.788 110
497.317 105.512 60.788 112
497.317 105.519 60.789 92
497.319 105.522 60.789 82
497.110 106.221 60.920 95
496.292 108.939 61.429 130
496.296 108.945 61.429 178
496.300 108.943 61.429 199
496.305 108.941 61.428 196
496.310 108.942 61.428 206
496.314 108.944 61.428 194
496.319 108.943 61.428 201
496.324 108.943 61.428 193
496.329 108.942 61.427 208
496.333 108.941 61.427 198
496.338 108.942 61.427 195
496.343 108.942 61.427 205
496.347 108.943 61.426 200
496.352 108.943 61.426 210
496.357 108.941 61.426 202
496.362 108.941 61.425 202
496.366 108.943 61.425 199
496.370 108.943 61.425 201
496.375 108.943 61.425 208
496.380 108.943 61.425 201
496.384 108.945 61.425 216
496.387 108.951 61.426 220
496.392 108.950 61.425 215
496.396 108.950 61.425 215
496.401 108.950 61.425 209
496.406 108.949 61.425 209
496.410 108.949 61.424 209
496.416 108.947 61.424 190
496.422 108.939 61.422 169
496.235 109.608 61.547 153
496.250 109.573 61.540 143
498.060 103.274 60.366 150
497.884 103.894 60.481 252
497.693 104.570 60.607 254
497.677 104.660 60.623 253
486.414 144.477 68.036 82
486.433 144.483 68.036 83
486.455 144.486 68.035 80
486.707 144.549 68.034 82
486.729 144.556 68.034 80
497.742 104.602 60.610 132
496.219 110.192 61.648 103
496.567 108.933 61.414 153
496.570 108.940 61.415 183
496.575 108.939 61.415 188
496.579 108.939 61.414 172
496.584 108.937 61.414 151
497.891 104.115 60.519 110
497.526 105.477 60.772 108
497.530 105.472 60.771 107
497.531 105.479 60.772 106
497.531 105.491 60.774 106
497.534 105.489 60.773 106
497.535 105.496 60.774 108
497.537 105.499 60.775 109
497.538 105.507 60.776 106
497.539 105.512 60.777 108
497.542 105.512 60.777 109
497.544 105.515 60.777 110
497.547 105.514 60.777 109
497.552 105.507 60.776 105
497.558 105.494 60.773 86
497.565 105.479 60.770 84
496.697 108.806 61.386 111
496.708 108.779 61.381 149
496.709 108.795 61.384 191
496.713 108.795 61.383 249
496.718 108.795 61.383 234
496.721 108.798 61.384 223
496.724 108.804 61.384 160
496.727 108.811 61.385 219
496.730 108.816 61.386 211
496.734 108.820 61.387 182
496.737 108.826 61.388 197
496.740 108.830 61.388 238
496.745 108.827 61.388 222
496.749 108.829 61.388 204
496.753 108.832 61.388 218
496.757 108.833 61.388 230
496.761 108.835 61.388 228
496.766 108.836 61.388 225
496.770 108.837 61.388 225
496.773 108.840 61.388 238
496.778 108.839 61.388 229
496.782 108.840 61.388 219
496.787 108.841 61.388 219
496.791 108.842 61.388 227
496.795 108.844 61.388 232
496.799 108.846 61.388 229
496.804 108.846 61.388 216
496.807 108.849 61.389 213
496.812 108.850 61.389 214
496.816 108.851 61.389 190
496.819 108.855 61.389 207
496.823 108.858 61.390 202
496.825 108.867 61.391 192
496.829 108.869 61.391 216
496.831 108.880 61.393 190
496.835 108.883 61.393 246
496.839 108.882 61.393 238
496.844 108.884 61.393 231
496.848 108.884 61.393 220
496.851 108.893 61.394 160
496.853 108.901 61.396 159
496.856 108.907 61.397 183
496.860 108.910 61.397 210
496.864 108.912 61.397 228
496.869 108.912 61.397 241
496.872 108.916 61.398 236
496.876 108.916 61.397 237
496.881 108.918 61.397 246
496.885 108.919 61.398 231
496.890 108.918 61.397 234
496.893 108.920 61.397 231
496.899 108.918 61.397 222
496.903 108.918 61.397 220
496.907 108.918 61.396 226
496.912 108.918 61.396 220
496.917 108.918 61.396 221
496.921 108.919 61.396 220
496.925 108.920 61.396 222
496.930 108.919 61.396 227
496.933 108.927 61.397 169
496.933 108.944 61.400 222
496.937 108.946 61.400 251
496.943 108.940 61.399 190
496.948 108.937 61.398 156
496.952 108.941 61.399 140
497.977 104.516 60.585 93
497.977 104.528 60.587 98
497.995 104.509 60.583 83
497.997 104.510 60.583 99
497.998 104.516 60.584 86
498.010 104.514 60.583 96
498.014 104.508 60.582 85
496.970 109.266 61.455 113
496.971 109.284 61.458 128
496.970 109.307 61.462 136
496.970 109.331 61.466 141
496.970 109.351 61.469 145
496.970 109.373 61.473 151
496.973 109.384 61.475 184
496.976 109.387 61.476 218
496.981 109.388 61.476 217
496.985 109.389 61.476 223
496.990 109.389 61.475 219
496.995 109.388 61.475 213
497.000 109.388 61.475 210
497.005 109.387 61.475 213
497.009 109.389 61.475 212
497.014 109.387 61.474 208
497.018 109.388 61.474 209
497.023 109.388 61.474 208
496.147 108.940 61.432 198
496.152 108.937 61.431 206
496.157 108.939 61.431 200
496.161 108.939 61.431 205
496.166 108.940 61.431 201
496.171 108.938 61.430 195
496.176 108.939 61.430 208
496.179 108.940 61.430 206
496.185 108.938 61.429 204
496.189 108.939 61.429 210
496.194 108.940 61.429 207
496.199 108.940 61.429 199
496.203 108.940 61.429 199
496.208 108.941 61.429 165
496.213 108.938 61.428 144
497.279 105.520 60.788 114
497.284 105.513 60.787 113
497.287 105.512 60.786 114
497.291 105.508 60.786 112
497.294 105.510 60.786 109
497.296 105.512 60.786 110
497.299 105.511 60.786 112
497.301 105.516 60.787 112
497.304 105.516 60.786 112
497.308 105.511 60.785 107
497.311 105.510 60.785 108
497.314 105.509 60.785 111
497.316 105.514 60.785 111
497.318 105.515 60.785 96
497.318 105.526 60.787 88
497.318 105.534 60.789 94
496.291 108.942 61.425 128
496.296 108.942 61.424 179
496.300 108.943 61.424 200
496.305 108.943 61.424 207
496.310 108.942 61.424 197
496.315 108.944 61.424 200
496.319 108.942 61.423 193
496.324 108.943 61.423 204
496.329 108.943 61.423 204
496.333 108.943 61.423 204
496.338 108.942 61.422 199
496.343 108.942 61.422 197
496.347 108.942 61.422 199
496.352 108.941 61.421 203
496.356 108.943 61.421 212
496.361 108.943 61.421 204
496.366 108.943 61.421 209
496.370 108.942 61.420 202
496.375 108.942 61.420 201
496.380 108.942 61.420 205
496.384 108.943 61.420 207
496.387 108.950 61.421 214
496.392 108.950 61.421 209
496.396 108.950 61.421 213
496.401 108.950 61.420 213
496.406 108.949 61.420 204
496.410 108.949 61.420 197
496.416 108.947 61.419 193
496.423 108.938 61.417 167
496.238 109.596 61.539 149
495.898 110.797 61.762 143
497.880 103.902 60.481 251
497.692 104.568 60.604 253
497.485 105.337 60.747 226
486.413 144.478 68.013 86
486.433 144.484 68.013 85
486.454 144.491 68.014 84
486.475 144.491 68.013 80
486.578 144.528 68.014 80
486.684 144.551 68.013 82
486.704 144.559 68.013 88
486.726 144.568 68.014 85
486.747 144.573 68.014 86
486.768 144.576 68.013 83
497.744 104.595 60.606 253
497.928 103.931 60.483 118
496.388 109.590 61.531 147
496.574 108.925 61.408 167
496.577 108.931 61.408 185
496.582 108.931 61.408 167
496.588 108.924 61.407 148
497.716 104.763 60.637 108
497.534 105.446 60.763 106
497.535 105.454 60.764 106
497.533 105.472 60.768 107
497.534 105.478 60.769 107
497.535 105.485 60.770 106
497.534 105.499 60.772 107
497.537 105.501 60.772 106
497.539 105.503 60.773 107
497.539 105.512 60.774 108
497.541 105.515 60.774 107
497.545 105.513 60.774 109
497.547 105.514 60.774 110
497.552 105.506 60.772 106
497.555 105.507 60.772 87
497.564 105.483 60.768 82
496.698 108.803 61.381 112
496.708 108.779 61.376 150
496.709 108.793 61.379 189
496.713 108.795 61.379 250
496.718 108.795 61.379 233
496.722 108.796 61.379 216
496.724 108.804 61.380 161
496.727 108.812 61.381 222
496.731 108.814 61.381 212
496.734 108.820 61.382 181
496.737 108.826 61.383 192
496.740 108.830 61.384 224
496.744 108.833 61.384 231
496.748 108.832 61.384 216
496.753 108.832 61.383 221
496.757 108.835 61.384 239
496.762 108.834 61.383 233
496.766 108.835 61.384 228
496.770 108.836 61.383 230
496.774 108.839 61.384 237
496.778 108.838 61.383 230
496.783 108.838 61.383 226
496.787 108.841 61.384 229
496.791 108.843 61.384 217
496.795 108.845 61.384 223
496.799 108.846 61.384 215
496.803 108.847 61.384 213
496.807 108.849 61.384 209
496.812 108.848 61.384 194
496.815 108.852 61.384 188
496.819 108.857 61.385 229
496.823 108.860 61.385 191
496.825 108.867 61.386 194
496.830 108.869 61.387 218
496.831 108.881 61.389 190
496.835 108.881 61.388 251
496.839 108.883 61.389 238
496.844 108.883 61.388 230
496.848 108.884 61.388 223
496.851 108.892 61.390 161
496.852 108.903 61.391 159
496.856 108.907 61.392 184
496.860 108.909 61.392 208
496.864 108.913 61.393 226
496.868 108.914 61.393 237
496.872 108.915 61.393 239
496.876 108.917 61.393 243
496.881 108.917 61.393 243
496.885 108.918 61.393 230
496.890 108.918 61.393 236
496.894 108.920 61.393 228
496.899 108.918 61.392 220
496.903 108.918 61.392 222
496.907 108.918 61.392 226
496.912 108.917 61.392 218
496.916 108.919 61.392 222
496.921 108.918 61.391 216
496.925 108.920 61.391 223
496.930 108.920 61.391 216
496.932 108.930 61.393 165
496.933 108.945 61.395 217
496.937 108.946 61.395 251
496.943 108.939 61.394 165
496.949 108.935 61.393 150
496.953 108.937 61.393 137
497.978 104.513 60.582 94
497.980 104.515 60.582 99
497.996 104.506 60.580 81
497.997 104.509 60.581 99
498.000 104.509 60.580 88
498.012 104.506 60.579 99
498.015 104.504 60.579 88
496.970 109.265 61.450 113
496.971 109.285 61.453 130
496.969 109.312 61.458 136
496.970 109.332 61.461 141
496.970 109.352 61.465 145
496.970 109.372 61.468 150
496.972 109.384 61.470 182
496.977 109.386 61.471 220
496.981 109.387 61.471 230
496.985 109.388 61.471 219
496.990 109.387 61.470 219
496.995 109.389 61.471 217
497.000 109.387 61.470 210
497.005 109.387 61.470 215
497.009 109.387 61.470 206
497.014 109.387 61.469 202
497.018 109.388 61.470 207
497.023 109.389 61.469 204
496.147 108.939 61.427 205
496.152 108.938 61.426 213
496.156 108.939 61.426 207
496.161 108.940 61.426 203
496.166 108.940 61.426 205
496.171 108.938 61.426 199
496.175 108.941 61.426 201
496.180 108.939 61.425 203
496.185 108.940 61.425 205
496.189 108.940 61.425 205
496.194 108.939 61.424 209
496.198 108.940 61.424 200
496.204 108.939 61.424 195
496.208 108.940 61.424 163
496.213 108.938 61.423 142
497.280 105.517 60.785 114
497.283 105.515 60.784 113
497.287 105.512 60.784 113
497.291 105.510 60.783 112
497.293 105.513 60.783 111
497.296 105.512 60.783 110
497.300 105.508 60.782 112
497.301 105.514 60.783 110
497.305 105.512 60.783 111
497.308 105.510 60.782 110
497.309 105.515 60.783 111
497.313 105.513 60.782 111
497.316 105.513 60.782 112
497.320 105.511 60.782 96
497.319 105.523 60.784 88
497.111 106.218 60.913 97
496.292 108.941 61.420 127
496.297 108.942 61.420 175
496.300 108.943 61.419 198
496.305 108.942 61.419 201
496.310 108.942 61.419 196
496.315 108.943 61.419 203
496.319 108.942 61.418 199
496.324 108.942 61.418 199
496.329 108.943 61.418 196
496.333 108.943 61.418 199
496.338 108.943 61.418 198
496.343 108.941 61.417 199
496.348 108.942 61.417 201
496.352 108.943 61.417 202
496.356 108.943 61.417 200
496.361 108.943 61.416 199
496.366 108.942 61.416 201
496.370 108.943 61.416 199
496.375 108.943 61.416 209
496.380 108.944 61.416 210
496.384 108.944 61.416 205
496.387 108.951 61.416 212
496.391 108.950 61.416 215
496.396 108.951 61.416 204
496.401 108.950 61.416 210
496.406 108.949 61.415 202
496.411 108.947 61.415 194
496.416 108.946 61.414 189
496.424 108.934 61.412 162
496.061 110.213 61.649 140
497.872 103.920 60.482 187
497.687 104.573 60.603 253
497.693 104.564 60.601 254
487.401 140.912 67.332 114
486.413 144.481 67.991 88
486.432 144.487 67.991 89
486.452 144.497 67.992 88
486.473 144.499 67.991 85
486.495 144.507 67.992 80
486.533 144.531 67.994 81
486.555 144.535 67.994 84
486.576 144.536 67.993 85
486.597 144.542 67.993 86
486.614 144.561 67.995 82
486.636 144.565 67.995 83
486.658 144.568 67.994 81
486.682 144.559 67.992 86
486.703 144.565 67.992 81
488.641 137.751 66.730 81
497.751 104.580 60.601 183
496.225 110.189 61.637 144
496.395 109.583 61.525 157
496.580 108.920 61.402 176
496.583 108.927 61.403 166
496.589 108.920 61.402 149
497.717 104.759 60.633 109
497.536 105.441 60.759 106
497.535 105.455 60.762 107
497.536 105.461 60.763 105
497.534 105.477 60.765 107
497.536 105.482 60.766 103
497.536 105.493 60.768 105
497.534 105.512 60.771 107
497.538 105.507 60.770 106
497.539 105.511 60.771 109
497.541 105.516 60.772 110
497.544 105.516 60.772 113
497.547 105.516 60.772 110
497.551 105.513 60.771 105
497.557 105.498 60.768 84
497.562 105.492 60.767 86
496.698 108.801 61.376 113
496.708 108.779 61.372 149
496.709 108.794 61.374 185
496.713 108.795 61.374 249
496.718 108.796 61.374 235
496.722 108.797 61.374 222
496.724 108.803 61.375 160
496.727 108.811 61.376 220
496.731 108.813 61.377 202
496.733 108.822 61.378 184
496.737 108.827 61.379 195
496.740 108.831 61.379 213
496.743 108.836 61.380 240
496.747 108.837 61.380 251
496.753 108.834 61.379 228
496.757 108.833 61.379 232
496.761 108.835 61.379 238
496.765 108.837 61.379 230
496.770 108.838 61.379 223
496.774 108.839 61.379 229
496.778 108.839 61.379 218
496.783 108.839 61.379 225
496.787 108.840 61.379 223
496.791 108.843 61.379 228
496.795 108.845 61.379 234
496.799 108.847 61.380 226
496.803 108.849 61.380 233
496.807 108.850 61.380 220
496.811 108.852 61.380 210
496.815 108.855 61.380 207
496.819 108.856 61.380 221
496.823 108.860 61.381 190
496.825 108.868 61.382 192
496.829 108.870 61.382 218
496.831 108.881 61.384 191
496.835 108.883 61.384 243
496.839 108.882 61.384 234
496.844 108.883 61.384 237
496.848 108.885 61.384 228
496.851 108.891 61.385 164
496.852 108.902 61.387 159
496.856 108.907 61.387 178
496.860 108.910 61.388 209
496.864 108.912 61.388 232
496.868 108.915 61.388 239
496.872 108.915 61.388 237
496.876 108.918 61.389 233
496.881 108.917 61.388 232
496.885 108.918 61.388 229
496.890 108.918 61.388 236
496.894 108.918 61.388 231
496.899 108.918 61.388 222
496.903 108.919 61.388 225
496.908 108.918 61.387 223
496.912 108.918 61.387 220
496.916 108.920 61.387 226
496.920 108.920 61.387 218
496.926 108.919 61.387 222
496.930 108.919 61.387 220
496.933 108.928 61.388 160
496.933 108.944 61.391 214
496.939 108.938 61.389 192
496.945 108.931 61.388 181
496.950 108.930 61.388 157
496.954 108.932 61.388 137
497.976 104.520 60.581 95
497.980 104.515 60.580 102
497.996 104.506 60.578 83
497.997 104.513 60.579 98
498.000 104.507 60.578 85
498.011 104.513 60.578 98
498.015 104.502 60.576 83
496.970 109.265 61.445 113
496.971 109.283 61.448 129
496.970 109.308 61.453 136
496.970 109.332 61.457 141
496.970 109.352 61.460 144
496.970 109.372 61.464 150
496.972 109.385 61.466 184
496.976 109.386 61.466 217
496.981 109.387 61.466 222
496.985 109.387 61.466 223
496.990 109.387 61.466 215
496.995 109.387 61.465 208
497.000 109.387 61.465 211
497.004 109.388 61.465 201
497.009 109.388 61.465 210
497.013 109.389 61.465 211
497.018 109.387 61.465 204
497.023 109.388 61.464 200
496.148 108.938 61.422 211
496.152 108.938 61.422 201
496.157 108.938 61.422 204
496.161 108.939 61.422 205
496.166 108.940 61.421 209
496.170 108.940 61.421 208
496.175 108.940 61.421 204
496.180 108.939 61.420 199
496.185 108.940 61.420 199
496.189 108.941 61.420 199
496.194 108.940 61.420 197
496.198 108.941 61.420 200
496.203 108.941 61.420 198
496.209 108.938 61.419 163
496.214 108.936 61.418 142
497.280 105.515 60.782 113
497.285 105.511 60.781 112
497.286 105.514 60.781 113
497.291 105.510 60.780 111
497.293 105.511 60.780 111
497.296 105.511 60.780 109
497.300 105.509 60.780 110
497.302 105.512 60.780 108
497.305 105.512 60.780 110
497.309 105.507 60.779 108
497.311 105.511 60.779 109
497.313 105.514 60.780 114
497.317 105.510 60.779 114
497.317 105.519 60.780 95
497.318 105.525 60.781 83
497.316 105.542 60.784 94
496.291 108.942 61.415 128
496.297 108.941 61.415 177
496.300 108.942 61.415 199
496.305 108.943 61.415 191
496.310 108.941 61.414 192
496.315 108.943 61.414 208
496.319 108.942 61.414 202
496.324 108.943 61.414 203
496.329 108.942 61.413 195
496.333 108.942 61.413 198
496.338 108.944 61.413 203
496.343 108.942 61.413 199
496.347 108.942 61.412 195
496.352 108.942 61.412 200
496.357 108.942 61.412 195
496.361 108.942 61.412 198
496.366 108.943 61.412 205
496.370 108.942 61.411 199
496.375 108.941 61.411 201
496.380 108.943 61.411 202
496.384 108.944 61.411 201
496.387 108.950 61.412 206
496.392 108.949 61.411 217
496.396 108.950 61.411 216
496.401 108.949 61.411 204
496.406 108.948 61.410 200
496.411 108.948 61.410 199
496.417 108.944 61.409 181
496.230 109.608 61.532 156
496.078 110.156 61.633 141
497.876 103.908 60.478 216
497.689 104.568 60.600 253
486.394 144.465 67.967 89
486.410 144.489 67.970 90
486.430 144.495 67.970 87
486.451 144.499 67.970 82
486.472 144.503 67.970 84
486.489 144.528 67.973 86
497.753 104.572 60.597 253
498.098 103.313 60.365 149
496.398 109.571 61.517 156
496.581 108.917 61.397 173
496.583 108.926 61.398 166
496.588 108.923 61.397 148
497.715 104.767 60.632 109
497.532 105.453 60.759 108
497.532 105.464 60.760 105
497.532 105.477 60.763 105
497.533 105.482 60.763 105
497.534 105.489 60.765 105
497.535 105.496 60.766 106
497.535 105.506 60.767 107
497.537 105.509 60.768 106
497.540 105.508 60.768 109
497.541 105.516 60.769 108
497.545 105.514 60.768 110
497.548 105.512 60.768 112
497.549 105.518 60.769 106
497.557 105.498 60.765 82
497.563 105.490 60.763 86
496.698 108.801 61.371 113
496.708 108.780 61.367 150
496.709 108.794 61.370 186
496.713 108.795 61.370 250
496.718 108.795 61.370 246
496.722 108.797 61.370 222
496.725 108.802 61.370 162
496.727 108.812 61.372 220
496.730 108.815 61.372 199
496.733 108.823 61.374 178
496.736 108.827 61.374 194
496.740 108.832 61.375 217
496.743 108.836 61.375 226
496.747 108.838 61.376 247
496.752 108.836 61.375 227
496.757 108.833 61.374 223
496.761 108.837 61.375 218
496.765 108.837 61.375 217
496.770 108.838 61.375 220
496.774 108.839 61.375 226
496.778 108.838 61.374 217
496.783 108.840 61.374 221
496.786 108.842 61.375 219
496.791 108.844 61.375 238
496.795 108.844 61.375 231
496.799 108.846 61.375 223
496.803 108.848 61.375 224
496.808 108.847 61.375 216
496.811 108.851 61.375 195
496.815 108.855 61.376 194
496.819 108.858 61.376 231
496.823 108.860 61.376 191
496.825 108.867 61.377 191
496.829 108.870 61.378 217
496.831 108.882 61.380 192
496.835 108.883 61.380 248
496.840 108.882 61.379 245
496.844 108.882 61.379 243
496.848 108.885 61.379 223
496.851 108.890 61.380 164
496.853 108.902 61.382 160
496.856 108.908 61.383 181
496.860 108.909 61.383 210
496.864 108.912 61.383 226
496.868 108.914 61.384 233
496.872 108.917 61.384 239
496.876 108.917 61.384 245
496.881 108.918 61.384 238
496.885 108.918 61.384 229
496.890 108.917 61.383 230
496.894 108.918 61.383 231
496.899 108.919 61.383 222
496.903 108.920 61.383 222
496.907 108.919 61.383 224
496.912 108.919 61.383 223
496.917 108.918 61.382 224
496.921 108.918 61.382 218
496.926 108.918 61.382 217
496.930 108.919 61.382 225
496.932 108.930 61.384 159
496.933 108.942 61.386 215
496.940 108.935 61.384 194
496.945 108.931 61.383 201
496.949 108.933 61.384 166
496.953 108.935 61.384 141
497.975 104.526 60.580 95
497.978 104.524 60.579 102
497.996 104.506 60.575 83
497.998 104.508 60.576 98
497.998 104.516 60.577 88
498.002 104.511 60.576 81
498.009 104.519 60.577 97
498.013 104.514 60.576 87
496.969 109.269 61.441 114
496.970 109.286 61.444 130
496.970 109.309 61.448 137
496.970 109.331 61.452 141
496.969 109.356 61.456 144
496.970 109.373 61.459 149
496.973 109.383 61.461 187
496.976 109.387 61.461 219
496.981 109.387 61.461 224
496.985 109.387 61.461 220
496.990 109.387 61.461 215
496.995 109.388 61.461 214
497.000 109.388 61.461 214
497.004 109.388 61.460 219
497.009 109.388 61.460 210
497.014 109.388 61.460 212
497.018 109.388 61.460 212
497.023 109.389 61.460 202
496.147 108.939 61.418 203
496.152 108.938 61.417 202
496.157 108.938 61.417 201
496.161 108.939 61.417 206
496.166 108.939 61.417 207
496.170 108.940 61.417 206
496.175 108.940 61.416 196
496.180 108.940 61.416 204
496.184 108.941 61.416 204
496.189 108.941 61.416 204
496.194 108.940 61.415 203
496.199 108.939 61.415 199
496.203 108.940 61.415 191
496.208 108.940 61.415 163
496.214 108.936 61.414 143
497.280 105.515 60.779 112
497.283 105.515 60.779 113
497.286 105.516 60.779 112
497.290 105.511 60.777 110
497.293 105.513 60.778 112
497.296 105.512 60.777 111
497.300 105.509 60.777 113
497.301 105.513 60.777 110
497.305 105.512 60.777 111
497.307 105.515 60.777 110
497.310 105.512 60.777 110
497.314 105.511 60.776 113
497.316 105.513 60.776 113
497.318 105.517 60.777 92
497.319 105.522 60.778 85
497.317 105.541 60.781 92
496.292 108.941 61.410 126
496.297 108.941 61.410 180
496.301 108.942 61.410 200
496.305 108.942 61.410 199
496.310 108.941 61.410 198
496.315 108.942 61.409 204
496.319 108.942 61.409 194
496.324 108.943 61.409 206
496.328 108.943 61.409 201
496.333 108.944 61.409 199
496.338 108.943 61.408 206
496.342 108.943 61.408 197
496.347 108.943 61.408 197
496.352 108.943 61.408 199
496.357 108.942 61.407 198
496.361 108.943 61.407 203
496.366 108.941 61.407 203
496.370 108.944 61.407 194
496.375 108.942 61.406 199
496.380 108.944 61.406 205
496.384 108.944 61.406 206
496.387 108.951 61.407 208
496.392 108.948 61.407 213
496.396 108.950 61.407 213
496.401 108.950 61.406 207
496.406 108.948 61.406 198
496.411 108.947 61.405 188
496.418 108.939 61.404 168
496.233 109.596 61.525 151
498.045 103.312 60.366 142
497.877 103.904 60.475 234
497.689 104.567 60.597 254
486.390 144.479 67.947 90
486.406 144.505 67.950 87
497.752 104.573 60.595 254
497.922 103.961 60.483 153
496.399 109.567 61.512 154
496.581 108.914 61.392 167
496.583 108.924 61.393 160
496.588 108.925 61.393 146
497.710 104.783 60.633 110
497.523 105.486 60.762 114
497.528 105.478 60.760 106
497.528 105.491 60.762 107
497.529 105.496 60.763 106
497.531 105.500 60.764 106
497.533 105.504 60.764 107
497.534 105.510 60.765 107
497.537 105.510 60.765 106
497.539 105.511 60.765 109
497.543 105.509 60.765 107
497.545 105.513 60.765 106
497.547 105.514 60.765 109
497.550 105.516 60.766 105
497.557 105.498 60.762 83
497.565 105.482 60.759 84
496.696 108.809 61.368 111
496.708 108.782 61.363 147
496.709 108.793 61.365 189
496.713 108.795 61.365 250
496.718 108.796 61.365 236
496.722 108.797 61.365 229
496.724 108.803 61.366 158
496.727 108.811 61.367 220
496.731 108.814 61.368 214
496.733 108.822 61.369 168
496.736 108.827 61.370 192
496.740 108.830 61.370 209
496.743 108.836 61.371 199
496.747 108.838 61.371 220
496.751 108.839 61.371 234
496.756 108.840 61.371 232
496.759 108.843 61.371 250
496.764 108.843 61.371 229
496.770 108.837 61.370 224
496.774 108.838 61.370 220
496.778 108.839 61.370 223
496.782 108.841 61.370 218
496.787 108.841 61.370 220
496.791 108.844 61.370 227
496.795 108.845 61.370 233
496.799 108.846 61.370 227
496.803 108.847 61.370 220
496.807 108.849 61.370 220
496.811 108.850 61.370 203
496.815 108.852 61.371 189
496.819 108.858 61.371 207
496.823 108.858 61.371 196
496.825 108.866 61.373 192
496.829 108.870 61.373 213
496.831 108.882 61.375 188
496.835 108.884 61.375 245
496.839 108.884 61.375 240
496.844 108.883 61.375 234
496.848 108.884 61.375 223
496.852 108.888 61.375 169
496.852 108.902 61.378 160
496.856 108.907 61.378 183
496.860 108.909 61.378 210
496.864 108.913 61.379 227
496.868 108.914 61.379 230
496.872 108.916 61.379 229
496.876 108.917 61.379 239
496.881 108.918 61.379 237
496.885 108.919 61.379 232
496.890 108.917 61.379 226
496.894 108.918 61.379 226
496.899 108.919 61.379 228
496.903 108.920 61.379 228
496.907 108.919 61.378 226
496.912 108.918 61.378 219
496.917 108.918 61.378 220
496.921 108.919 61.378 223
496.926 108.918 61.377 222
496.930 108.919 61.377 216
496.932 108.930 61.379 162
496.934 108.942 61.381 231
496.939 108.939 61.381 215
496.944 108.937 61.380 192
496.949 108.934 61.379 160
496.953 108.935 61.379 140
497.975 104.524 60.577 94
497.980 104.516 60.575 100
497.981 104.519 60.576 80
497.996 104.506 60.573 84
497.998 104.508 60.573 101
497.997 104.520 60.575 88
498.003 104.505 60.573 81
498.010 104.516 60.574 101
498.014 104.507 60.572 86
496.970 109.266 61.436 111
496.971 109.283 61.439 129
496.970 109.308 61.443 137
496.970 109.333 61.447 140
496.969 109.355 61.451 144
496.969 109.376 61.455 150
496.972 109.384 61.456 190
496.976 109.387 61.457 226
496.981 109.388 61.457 220
496.985 109.387 61.456 218
496.990 109.388 61.456 215
496.995 109.387 61.456 216
497.000 109.388 61.456 211
497.005 109.387 61.455 212
497.009 109.387 61.455 205
497.014 109.387 61.455 214
497.019 109.387 61.455 208
497.023 109.389 61.455 212
496.147 108.939 61.413 211
496.152 108.939 61.413 207
496.157 108.938 61.412 199
496.160 108.940 61.412 199
496.166 108.939 61.412 206
496.171 108.938 61.412 210
496.175 108.939 61.411 202
496.180 108.939 61.411 200
496.185 108.940 61.411 208
496.189 108.940 61.411 203
496.194 108.940 61.411 197
496.199 108.940 61.410 210
496.203 108.941 61.410 197
496.208 108.940 61.410 165
496.213 108.940 61.410 144
497.280 105.516 60.776 113
497.283 105.515 60.776 111
497.287 105.511 60.775 111
497.291 105.511 60.774 111
497.292 105.514 60.775 112
497.296 105.513 60.775 112
497.300 105.510 60.774 112
497.303 105.507 60.773 111
497.305 105.512 60.774 110
497.307 105.513 60.774 108
497.312 105.509 60.773 107
497.313 105.512 60.774 112
497.317 105.512 60.773 112
497.317 105.519 60.774 92
497.317 105.529 60.776 85
497.112 106.215 60.903 95
496.291 108.944 61.406 128
496.296 108.942 61.406 177
496.300 108.943 61.406 194
496.305 108.943 61.405 195
496.309 108.944 61.405 201
496.315 108.942 61.405 204
496.319 108.943 61.405 205
496.324 108.944 61.405 202
496.328 108.943 61.404 199
496.333 108.942 61.404 201
496.338 108.941 61.403 199
496.342 108.943 61.403 198
496.347 108.943 61.403 197
496.352 108.942 61.403 198
496.357 108.942 61.403 203
496.361 108.944 61.403 200
496.366 108.942 61.402 195
496.371 108.941 61.402 200
496.375 108.941 61.402 202
496.380 108.942 61.401 205
496.384 108.943 61.401 212
496.387 108.949 61.402 214
496.391 108.951 61.402 213
496.396 108.952 61.402 209
496.401 108.949 61.402 206
496.406 108.949 61.401 205
496.411 108.945 61.400 188
496.224 109.611 61.523 158
496.048 110.241 61.638 143
497.863 103.947 60.481 153
497.877 103.903 60.473 220
497.883 103.891 60.470 253
497.692 104.566 60.594 254
488.515 136.985 66.548 89
486.763 143.551 67.748 84
486.791 143.532 67.744 82
486.813 143.533 67.743 89
486.831 143.546 67.744 88
486.848 143.560 67.746 101
486.869 143.567 67.746 100
486.891 143.565 67.745 92
486.913 143.568 67.744 96
488.825 136.744 66.492 97
488.842 136.743 66.491 90
497.736 104.623 60.602 254
497.922 103.958 60.480 152
496.397 109.574 61.508 151
496.579 108.924 61.389 166
496.582 108.931 61.390 157
496.586 108.931 61.390 142
497.706 104.800 60.633 112
497.520 105.499 60.761 113
497.522 105.503 60.762 111
497.525 105.500 60.761 107
497.528 105.501 60.761 106
497.529 105.507 60.762 106
497.531 105.510 60.763 108
497.534 105.511 60.763 108
497.536 105.513 60.763 106
497.540 105.509 60.762 107
497.541 105.516 60.763 106
497.546 105.511 60.762 106
497.548 105.510 60.762 105
497.550 105.515 60.763 106
497.560 105.489 60.758 84
497.568 105.469 60.754 85
496.696 108.807 61.364 111
496.708 108.781 61.359 147
496.709 108.793 61.361 186
496.713 108.795 61.361 250
496.717 108.797 61.361 231
496.722 108.796 61.360 228
496.724 108.803 61.362 163
496.727 108.811 61.363 219
496.731 108.814 61.363 216
496.734 108.820 61.364 169
496.736 108.827 61.365 202
496.740 108.829 61.365 210
496.744 108.833 61.366 194
496.747 108.837 61.366 206
496.751 108.840 61.367 232
496.755 108.841 61.367 250
496.759 108.844 61.367 251
496.763 108.845 61.367 251
496.770 108.839 61.366 220
496.774 108.838 61.365 226
496.778 108.839 61.365 220
496.783 108.839 61.365 215
496.787 108.841 61.365 222
496.791 108.843 61.366 223
496.795 108.844 61.366 229
496.799 108.846 61.366 230
496.804 108.844 61.365 217
496.807 108.849 61.366 199
496.810 108.855 61.367 217
496.814 108.856 61.367 215
496.819 108.858 61.367 228
496.823 108.860 61.367 202
496.825 108.867 61.368 194
496.830 108.868 61.368 204
496.832 108.879 61.370 189
496.835 108.882 61.370 250
496.840 108.882 61.370 238
496.844 108.883 61.370 237
496.848 108.883 61.370 233
496.852 108.888 61.371 178
496.853 108.902 61.373 160
496.857 108.904 61.373 180
496.860 108.911 61.374 206
496.864 108.914 61.375 229
496.868 108.914 61.374 239
496.872 108.916 61.375 235
496.876 108.916 61.375 233
496.880 108.919 61.375 245
496.885 108.919 61.375 224
496.890 108.917 61.374 225
496.894 108.918 61.374 229
496.899 108.919 61.374 219
496.903 108.919 61.374 220
496.908 108.918 61.374 218
496.912 108.917 61.373 220
496.916 108.919 61.373 221
496.921 108.918 61.373 223
496.925 108.919 61.373 220
496.930 108.919 61.373 218
496.932 108.930 61.375 165
496.934 108.942 61.377 235
496.938 108.943 61.377 250
496.943 108.939 61.376 200
496.948 108.937 61.375 163
496.952 108.940 61.376 141
497.977 104.518 60.574 94
497.979 104.520 60.574 101
497.997 104.503 60.570 84
497.999 104.503 60.570 100
498.001 104.506 60.570 88
498.010 104.517 60.572 100
498.013 104.513 60.571 86
496.969 109.269 61.432 112
496.971 109.282 61.434 128
496.971 109.307 61.438 136
496.970 109.330 61.442 141
496.970 109.353 61.446 145
496.969 109.376 61.450 150
496.972 109.385 61.452 186
496.976 109.386 61.452 220
496.981 109.388 61.452 226
496.985 109.388 61.452 216
496.991 109.387 61.451 218
496.996 109.386 61.451 209
497.000 109.387 61.451 211
497.004 109.388 61.451 215
497.009 109.388 61.451 208
497.014 109.388 61.451 211
497.018 109.389 61.450 208
497.023 109.386 61.450 202
496.147 108.940 61.408 209
496.152 108.938 61.408 207
496.156 108.939 61.408 214
496.161 108.939 61.408 208
496.165 108.941 61.408 201
496.171 108.940 61.407 211
496.175 108.940 61.407 210
496.180 108.940 61.407 196
496.185 108.938 61.406 207
496.189 108.940 61.406 208
496.194 108.940 61.406 212
496.198 108.941 61.406 207
496.203 108.942 61.406 197
496.208 108.940 61.405 165
496.213 108.939 61.405 144
497.279 105.520 60.774 112
497.285 105.510 60.772 113
497.287 105.513 60.772 111
497.289 105.515 60.772 112
497.292 105.516 60.772 111
497.296 105.512 60.771 110
497.300 105.508 60.771 111
497.303 105.509 60.771 112
497.306 105.510 60.771 109
497.309 105.509 60.770 107
497.310 105.513 60.771 111
497.313 105.513 60.771 115
497.316 105.514 60.771 112
497.319 105.513 60.771 92
497.318 105.527 60.773 83
497.317 105.538 60.775 93
496.291 108.944 61.402 127
496.297 108.942 61.401 167
496.300 108.943 61.401 199
496.305 108.943 61.401 209
496.310 108.942 61.400 202
496.315 108.942 61.400 198
496.319 108.942 61.400 199
496.324 108.943 61.400 201
496.328 108.943 61.400 205
496.333 108.942 61.399 200
496.338 108.942 61.399 202
496.342 108.943 61.399 196
496.347 108.943 61.399 194
496.352 108.943 61.398 199
496.357 108.942 61.398 201
496.361 108.942 61.398 194
496.366 108.942 61.397 198
496.370 108.942 61.397 201
496.375 108.943 61.397 197
496.380 108.943 61.397 201
496.384 108.945 61.397 211
496.387 108.951 61.398 207
496.391 108.951 61.398 212
496.396 108.951 61.398 215
496.401 108.949 61.397 214
496.406 108.948 61.397 208
496.411 108.945 61.396 185
496.227 109.603 61.516 154
496.069 110.168 61.620 140
497.865 103.938 60.477 156
497.873 103.916 60.473 206
497.881 103.899 60.470 252
497.692 104.566 60.592 254
497.682 104.634 60.604 254
486.740 143.549 67.727 91
488.683 136.717 66.476 94
488.706 136.704 66.472 90
488.724 136.705 66.472 94
488.740 136.717 66.473 93
488.789 136.737 66.474 98
488.809 136.732 66.472 101
488.827 136.736 66.472 101
489.030 136.063 66.348 94
497.718 104.683 60.610 105
498.104 103.293 60.356 143
496.573 108.927 61.385 150
496.576 108.934 61.386 155
496.578 108.942 61.387 149
496.395 109.637 61.514 138
497.862 104.220 60.525 110
497.677 104.916 60.652 116
497.675 104.932 60.655 119
497.681 104.922 60.653 112
497.687 104.907 60.650 106
497.693 104.893 60.647 105
497.708 104.848 60.639 104
497.533 105.516 60.761 107
497.537 105.509 60.759 106
497.539 105.513 60.760 109
497.542 105.513 60.760 106
497.546 105.509 60.759 106
497.547 105.514 60.760 107
497.550 105.517 60.760 106
497.555 105.508 60.758 82
497.564 105.485 60.754 82
496.699 108.799 61.358 111
496.708 108.779 61.354 149
496.709 108.793 61.356 186
496.713 108.794 61.356 245
496.718 108.795 61.356 239
496.722 108.795 61.356 235
496.724 108.804 61.357 164
496.727 108.811 61.358 217
496.731 108.814 61.359 217
496.734 108.820 61.360 171
496.737 108.825 61.360 199
496.741 108.826 61.360 237
496.745 108.831 61.361 188
496.747 108.837 61.362 205
496.751 108.840 61.362 209
496.755 108.842 61.362 219
496.759 108.844 61.363 250
496.763 108.845 61.363 243
496.770 108.837 61.361 226
496.773 108.840 61.361 226
496.778 108.838 61.361 228
496.783 108.839 61.361 223
496.786 108.843 61.361 218
496.790 108.844 61.361 230
496.794 108.848 61.362 236
496.798 108.848 61.361 223
496.804 108.846 61.361 219
496.807 108.849 61.361 192
496.810 108.854 61.362 193
496.814 108.858 61.363 215
496.818 108.859 61.363 237
496.823 108.859 61.362 197
496.825 108.868 61.364 193
496.829 108.870 61.364 204
496.831 108.881 61.366 191
496.835 108.883 61.366 244
496.840 108.882 61.366 231
496.844 108.883 61.366 243
496.848 108.884 61.366 225
496.851 108.890 61.367 172
496.853 108.900 61.368 161
496.856 108.906 61.369 181
496.860 108.911 61.370 209
496.864 108.914 61.370 242
496.868 108.914 61.370 231
496.872 108.917 61.370 232
496.876 108.917 61.370 243
496.881 108.916 61.370 242
496.885 108.918 61.370 231
496.890 108.919 61.370 223
496.894 108.918 61.370 221
496.899 108.918 61.369 227
496.903 108.920 61.370 218
496.908 108.918 61.369 220
496.912 108.917 61.369 227
496.916 108.919 61.369 228
496.921 108.918 61.368 221
496.925 108.920 61.369 219
496.930 108.917 61.368 219
496.932 108.928 61.370 164
496.934 108.941 61.372 225
496.939 108.938 61.371 191
496.944 108.934 61.370 164
496.950 108.931 61.370 150
496.953 108.938 61.371 133
497.976 104.521 60.572 97
497.979 104.518 60.571 99
497.995 104.511 60.569 86
497.997 104.510 60.569 100
498.001 104.505 60.568 87
498.010 104.515 60.569 97
498.014 104.508 60.568 81
496.969 109.270 61.427 112
496.970 109.286 61.430 127
496.971 109.305 61.433 137
496.970 109.331 61.438 141
496.970 109.353 61.441 144
496.969 109.375 61.445 151
496.972 109.385 61.447 187
496.976 109.387 61.447 218
496.981 109.387 61.447 218
496.985 109.390 61.447 217
496.990 109.388 61.447 215
496.995 109.387 61.446 208
497.000 109.388 61.446 211
497.004 109.389 61.446 213
497.009 109.389 61.446 207
497.014 109.388 61.446 211
497.018 109.388 61.446 207
497.023 109.387 61.445 202
496.147 108.939 61.404 205
496.152 108.939 61.403 205
496.156 108.940 61.403 208
496.161 108.939 61.403 206
496.166 108.938 61.402 205
496.171 108.939 61.402 203
496.175 108.940 61.402 204
496.180 108.940 61.402 205
496.184 108.941 61.402 210
496.189 108.940 61.401 201
496.194 108.940 61.401 202
496.199 108.940 61.401 202
496.203 108.941 61.401 199
496.208 108.940 61.401 167
496.213 108.939 61.400 144
497.279 105.521 60.771 111
497.284 105.513 60.769 112
497.288 105.508 60.768 112
497.291 105.510 60.768 113
497.292 105.514 60.769 110
497.298 105.506 60.767 110
497.299 105.511 60.768 111
497.302 105.512 60.768 113
497.304 105.516 60.769 110
497.308 105.511 60.768 110
497.311 105.511 60.768 109
497.314 105.511 60.767 114
497.317 105.511 60.767 111
497.318 105.516 60.768 93
497.321 105.517 60.768 85
497.318 105.537 60.772 91
496.290 108.947 61.398 128
496.297 108.941 61.396 174
496.301 108.942 61.396 191
496.305 108.942 61.396 208
496.310 108.941 61.395 204
496.315 108.942 61.395 213
496.319 108.943 61.395 206
496.324 108.943 61.395 203
496.329 108.942 61.395 200
496.333 108.942 61.394 198
496.338 108.943 61.394 203
496.343 108.942 61.394 199
496.348 108.942 61.394 201
496.352 108.942 61.394 200
496.357 108.942 61.393 194
496.361 108.942 61.393 201
496.366 108.942 61.393 199
496.370 108.943 61.393 196
496.375 108.941 61.392 195
496.380 108.942 61.392 193
496.384 108.944 61.392 194
496.387 108.951 61.393 197
496.392 108.950 61.393 195
496.396 108.950 61.393 193
496.401 108.950 61.393 197
496.406 108.948 61.392 202
496.412 108.944 61.391 185
496.224 109.612 61.513 161
496.054 110.217 61.623 142
498.056 103.275 60.354 150
497.870 103.928 60.473 176
497.879 103.904 60.468 252
497.691 104.569 60.590 253
497.680 104.641 60.603 253
486.740 143.549 67.705 91
488.874 136.037 66.333 100
488.703 136.715 66.456 96
488.721 136.716 66.455 101
488.739 136.718 66.454 101
488.751 136.738 66.457 89
488.958 136.061 66.333 91
488.979 136.053 66.330 101
488.997 136.054 66.330 95
489.012 136.068 66.332 85
497.728 104.647 60.601 253
497.753 104.570 60.587 254
497.782 104.472 60.569 134
497.838 104.276 60.533 153
497.840 104.278 60.534 157
497.839 104.289 60.536 170
497.840 104.293 60.536 173
497.841 104.299 60.537 177
497.844 104.296 60.537 174
497.846 104.298 60.537 166
497.847 104.300 60.537 152
497.849 104.304 60.538 151
497.849 104.311 60.539 149
497.852 104.309 60.538 142
497.857 104.298 60.536 128
497.688 104.942 60.653 113
497.705 104.889 60.643 108
497.535 105.537 60.761 105
497.541 105.526 60.759 107
497.547 105.514 60.757 107
497.550 105.514 60.757 104
497.556 105.501 60.754 85
497.562 105.491 60.752 81
496.697 108.805 61.354 111
496.708 108.782 61.350 149
496.710 108.791 61.351 179
496.713 108.795 61.352 240
496.718 108.796 61.352 235
496.722 108.795 61.351 231
496.725 108.802 61.352 162
496.727 108.810 61.354 213
496.731 108.812 61.354 220
496.734 108.821 61.355 173
496.737 108.825 61.356 190
496.741 108.827 61.356 243
496.745 108.829 61.356 215
496.749 108.832 61.356 185
496.752 108.837 61.357 187
496.755 108.843 61.358 193
496.759 108.844 61.358 220
496.763 108.845 61.358 246
496.769 108.843 61.357 215
496.773 108.843 61.357 216
496.776 108.847 61.358 233
496.781 108.847 61.358 219
496.786 108.845 61.357 214
496.789 108.850 61.358 243
496.793 108.853 61.358 252
496.798 108.849 61.357 215
496.804 108.846 61.357 229
496.808 108.847 61.357 206
496.811 108.850 61.357 198
496.815 108.854 61.357 188
496.818 108.859 61.358 222
496.823 108.857 61.358 197
496.825 108.869 61.359 196
496.829 108.871 61.360 206
496.831 108.880 61.361 191
496.835 108.882 61.361 245
496.839 108.882 61.361 242
496.844 108.884 61.361 237
496.848 108.883 61.361 224
496.851 108.890 61.362 164
496.852 108.903 61.364 160
496.856 108.907 61.365 182
496.860 108.910 61.365 209
496.864 108.914 61.366 234
496.868 108.914 61.365 234
496.873 108.915 61.365 233
496.876 108.916 61.365 234
496.881 108.917 61.365 237
496.885 108.918 61.365 233
496.890 108.919 61.365 233
496.894 108.918 61.365 233
496.899 108.918 61.365 220
496.903 108.919 61.365 219
496.908 108.916 61.364 219
496.912 108.919 61.364 223
496.917 108.919 61.364 224
496.921 108.919 61.364 229
496.926 108.918 61.364 220
496.930 108.919 61.364 220
496.932 108.928 61.365 165
496.935 108.937 61.367 219
496.940 108.933 61.366 193
496.946 108.929 61.365 194
496.950 108.929 61.365 159
496.954 108.930 61.365 139
497.976 104.521 60.569 96
497.979 104.518 60.569 101
497.994 104.516 60.568 86
497.997 104.512 60.567 102
497.998 104.515 60.567 86
498.002 104.508 60.566 81
498.010 104.516 60.567 93
496.969 109.270 61.422 113
496.970 109.289 61.426 128
496.970 109.310 61.429 137
496.970 109.332 61.433 141
496.970 109.354 61.437 144
496.969 109.375 61.440 151
496.972 109.386 61.442 189
496.976 109.387 61.442 223
496.981 109.387 61.442 220
496.985 109.388 61.442 217
496.990 109.387 61.442 221
496.995 109.388 61.442 214
497.000 109.387 61.441 214
497.005 109.387 61.441 214
497.009 109.389 61.441 206
497.014 109.387 61.441 199
497.018 109.389 61.441 213
497.023 109.387 61.440 206
496.147 108.940 61.399 203
496.152 108.939 61.399 207
496.156 108.939 61.398 205
496.161 108.939 61.398 205
496.166 108.939 61.398 204
496.170 108.940 61.398 204
496.176 108.939 61.397 204
496.180 108.940 61.397 209
496.185 108.940 61.397 203
496.189 108.941 61.397 206
496.194 108.941 61.397 202
496.198 108.940 61.396 204
496.203 108.941 61.396 196
496.208 108.940 61.396 164
496.213 108.938 61.395 144
497.279 105.520 60.768 112
497.283 105.516 60.767 110
497.287 105.514 60.766 113
497.292 105.507 60.765 111
497.293 105.512 60.766 110
497.297 105.508 60.765 110
497.301 105.504 60.764 110
497.301 105.515 60.766 109
497.305 105.513 60.765 108
497.307 105.514 60.765 107
497.312 105.508 60.764 107
497.312 105.517 60.766 114
497.317 105.511 60.764 113
497.318 105.516 60.765 94
497.319 105.525 60.767 85
497.524 104.856 60.644 92
496.292 108.941 61.392 126
496.296 108.943 61.392 174
496.300 108.943 61.392 191
496.305 108.942 61.391 211
496.310 108.941 61.391 205
496.315 108.941 61.391 196
496.319 108.942 61.390 199
496.325 108.941 61.390 199
496.329 108.942 61.390 203
496.333 108.941 61.390 202
496.338 108.942 61.390 199
496.342 108.943 61.390 199
496.348 108.941 61.389 193
496.352 108.942 61.389 190
496.357 108.941 61.388 190
496.361 108.943 61.389 185
496.366 108.942 61.388 187
496.371 108.942 61.388 175
496.375 108.943 61.388 182
496.380 108.944 61.388 170
496.384 108.945 61.388 180
496.387 108.951 61.389 177
496.390 108.954 61.389 181
496.396 108.951 61.388 182
496.401 108.949 61.388 181
496.406 108.948 61.387 187
496.411 108.945 61.386 175
496.420 108.933 61.384 158
496.238 109.578 61.502 145
495.895 110.792 61.723 147
497.878 103.900 60.466 252
497.688 104.570 60.588 253
497.683 104.632 60.598 254
497.477 105.366 60.732 95
488.661 136.726 66.441 84
488.870 136.052 66.317 86
488.889 136.052 66.316 89
488.909 136.045 66.314 95
488.925 136.054 66.315 94
488.941 136.057 66.315 89
488.957 136.065 66.315 80
497.714 104.686 60.606 88
497.737 104.613 60.593 254
497.756 104.562 60.583 254
497.804 104.392 60.552 149
497.828 104.312 60.538 155
497.831 104.311 60.537 154
497.834 104.308 60.537 154
497.837 104.307 60.536 151
497.839 104.308 60.537 146
497.841 104.306 60.536 144
497.843 104.308 60.536 141
497.845 104.308 60.536 142
497.848 104.308 60.536 147
497.849 104.311 60.537 150
497.851 104.313 60.537 153
497.852 104.316 60.537 154
497.854 104.319 60.538 153
497.855 104.321 60.538 148
497.858 104.319 60.538 141
497.865 104.301 60.534 121
497.706 104.912 60.645 107
497.718 104.877 60.638 104
497.703 104.942 60.650 87
496.697 108.806 61.350 108
496.709 108.778 61.345 144
496.710 108.792 61.347 165
496.713 108.795 61.347 220
496.718 108.794 61.347 218
496.722 108.796 61.347 216
496.725 108.802 61.348 160
496.727 108.810 61.349 218
496.731 108.813 61.349 215
496.734 108.818 61.350 177
496.737 108.824 61.351 186
496.740 108.828 61.352 219
496.745 108.828 61.351 209
496.749 108.830 61.351 203
496.753 108.833 61.352 203
496.756 108.837 61.352 187
496.760 108.841 61.353 184
496.763 108.846 61.354 203
496.768 108.846 61.354 250
496.771 108.848 61.354 251
496.776 108.848 61.353 251
496.780 108.850 61.354 250
496.784 108.851 61.354 250
496.788 108.853 61.354 251
496.793 108.853 61.354 241
496.798 108.850 61.353 216
496.803 108.847 61.352 240
496.808 108.847 61.352 215
496.811 108.852 61.353 215
496.815 108.855 61.353 217
496.819 108.858 61.353 223
496.823 108.858 61.353 197
496.825 108.868 61.355 197
496.829 108.871 61.355 201
496.831 108.880 61.357 193
496.835 108.883 61.357 243
496.839 108.883 61.357 232
496.844 108.882 61.356 225
496.848 108.884 61.356 220
496.851 108.891 61.358 160
496.853 108.902 61.359 164
496.856 108.907 61.360 182
496.860 108.910 61.360 207
496.864 108.911 61.361 237
496.868 108.914 61.361 230
496.873 108.915 61.361 233
496.877 108.916 61.361 239
496.881 108.918 61.361 244
496.885 108.918 61.361 232
496.890 108.919 61.361 226
496.894 108.917 61.360 226
496.898 108.920 61.361 225
496.903 108.920 61.360 226
496.908 108.918 61.360 226
496.912 108.919 61.360 224
496.917 108.918 61.360 228
496.921 108.919 61.360 219
496.926 108.919 61.359 223
496.930 108.919 61.359 224
496.933 108.926 61.360 168
496.934 108.939 61.362 223
496.940 108.934 61.361 198
496.945 108.930 61.360 192
496.949 108.932 61.361 161
496.954 108.933 61.361 139
497.974 104.529 60.568 96
497.979 104.518 60.566 99
497.994 104.514 60.565 87
497.997 104.512 60.565 100
498.000 104.509 60.564 86
498.010 104.516 60.565 97
496.969 109.269 61.417 113
496.971 109.282 61.420 129
496.970 109.309 61.424 136
496.969 109.335 61.429 140
496.970 109.352 61.432 144
496.969 109.375 61.436 151
496.972 109.387 61.438 189
496.976 109.387 61.437 223
496.981 109.387 61.437 225
496.985 109.387 61.437 218
496.990 109.388 61.437 218
496.995 109.388 61.437 218
497.000 109.388 61.437 213
497.004 109.388 61.437 208
497.009 109.388 61.436 210
497.014 109.388 61.436 210
497.018 109.388 61.436 211
497.023 109.388 61.436 207
496.148 108.938 61.394 204
496.152 108.939 61.394 207
496.156 108.940 61.394 211
496.161 108.939 61.394 202
496.166 108.940 61.393 197
496.170 108.941 61.393 210
496.175 108.940 61.393 204
496.179 108.941 61.393 203
496.185 108.940 61.392 210
496.189 108.940 61.392 206
496.194 108.941 61.392 205
496.199 108.939 61.392 202
496.203 108.941 61.392 196
496.208 108.939 61.391 164
496.213 108.939 61.391 145
497.280 105.515 60.764 112
497.284 105.512 60.763 110
497.286 105.515 60.764 110
497.289 105.517 60.764 111
497.292 105.514 60.763 109
497.297 105.508 60.762 110
497.299 105.513 60.763 111
497.303 105.507 60.761 110
497.305 105.510 60.762 110
497.308 105.513 60.762 109
497.310 105.514 60.762 108
497.314 105.510 60.762 112
497.317 105.511 60.761 111
497.319 105.514 60.762 93
497.318 105.525 60.764 84
497.319 105.533 60.765 92
496.292 108.940 61.387 125
496.296 108.944 61.387 175
496.301 108.942 61.387 193
496.305 108.942 61.387 198
496.310 108.942 61.386 203
496.315 108.941 61.386 207
496.319 108.943 61.386 206
496.325 108.941 61.386 198
496.329 108.941 61.385 205
496.333 108.942 61.385 192
496.339 108.941 61.385 184
496.342 108.942 61.385 189
496.348 108.941 61.384 176
496.352 108.943 61.384 174
496.356 108.944 61.384 174
496.361 108.944 61.384 166
496.366 108.943 61.384 166
496.368 108.950 61.385 155
496.371 108.956 61.386 154
496.373 108.966 61.387 152
496.174 109.662 61.514 151
496.171 109.690 61.519 148
495.976 110.378 61.644 149
496.187 109.671 61.515 151
496.397 108.964 61.386 152
496.406 108.949 61.383 156
496.412 108.943 61.381 156
496.223 109.614 61.503 152
496.048 110.238 61.616 139
497.862 103.951 60.473 147
497.684 104.576 60.587 252
497.689 104.566 60.585 254
497.689 104.609 60.592 254
497.683 104.639 60.597 253
497.724 104.649 60.597 253
497.756 104.561 60.581 253
497.791 104.439 60.559 125
497.818 104.349 60.542 126
497.822 104.342 60.541 127
497.827 104.335 60.539 126
497.829 104.333 60.539 129
497.832 104.334 60.539 128
497.836 104.327 60.538 128
497.838 104.326 60.537 128
497.840 104.328 60.538 127
497.843 104.325 60.537 130
497.845 104.326 60.537 134
497.848 104.322 60.536 136
497.850 104.326 60.537 139
497.852 104.324 60.536 142
497.854 104.326 60.537 145
497.856 104.328 60.537 150
497.857 104.332 60.537 149
497.859 104.332 60.537 148
497.861 104.335 60.538 145
497.861 104.342 60.539 146
497.862 104.347 60.540 141
497.861 104.359 60.542 126
496.538 109.429 61.458 116
496.711 108.786 61.341 149
496.714 108.793 61.342 180
496.718 108.793 61.342 190
496.722 108.795 61.342 189
496.724 108.803 61.344 154
496.727 108.812 61.345 200
496.731 108.812 61.345 201
496.734 108.819 61.346 164
496.737 108.824 61.347 179
496.741 108.827 61.347 222
496.745 108.829 61.347 225
496.749 108.829 61.347 219
496.753 108.831 61.347 231
496.757 108.834 61.347 209
496.762 108.834 61.347 192
496.765 108.839 61.348 176
496.768 108.844 61.349 185
496.772 108.847 61.349 212
496.776 108.848 61.349 218
496.780 108.850 61.349 212
496.784 108.851 61.349 214
496.790 108.847 61.348 186
496.794 108.850 61.348 181
496.799 108.847 61.348 189
496.803 108.847 61.348 199
496.807 108.849 61.348 202
496.811 108.852 61.348 189
496.815 108.856 61.349 210
496.819 108.857 61.349 234
496.823 108.858 61.349 195
496.825 108.868 61.350 193
496.829 108.870 61.350 208
496.831 108.881 61.352 194
496.835 108.883 61.352 248
496.839 108.883 61.352 239
496.844 108.882 61.352 239
496.848 108.883 61.352 220
496.851 108.891 61.353 162
496.853 108.902 61.355 161
496.856 108.908 61.356 179
496.860 108.910 61.356 212
496.864 108.912 61.356 233
496.868 108.915 61.356 231
496.872 108.916 61.356 247
496.876 108.917 61.356 239
496.881 108.918 61.356 237
496.885 108.919 61.356 226
496.890 108.919 61.356 230
496.894 108.917 61.356 228
496.899 108.918 61.356 224
496.903 108.920 61.356 219
496.907 108.919 61.356 225
496.912 108.918 61.355 218
496.917 108.919 61.355 225
496.921 108.918 61.355 218
496.926 108.917 61.354 220
496.930 108.920 61.355 224
496.932 108.928 61.356 165
496.934 108.942 61.358 220
496.938 108.940 61.358 214
496.944 108.936 61.357 184
496.949 108.934 61.356 156
496.953 108.938 61.357 139
497.977 104.518 60.564 92
497.978 104.522 60.565 99
497.978 104.533 60.566 81
497.997 104.499 60.560 83
497.998 104.508 60.562 97
497.999 104.511 60.562 84
498.002 104.509 60.561 81
498.011 104.513 60.562 96
498.013 104.513 60.562 84
496.969 109.270 61.413 112
496.971 109.285 61.415 129
496.970 109.309 61.420 136
496.970 109.332 61.424 141
496.970 109.354 61.427 145
496.969 109.376 61.431 150
496.972 109.384 61.432 191
496.977 109.386 61.432 217
496.981 109.387 61.432 222
496.985 109.387 61.432 226
496.990 109.387 61.432 216
496.995 109.389 61.432 213
497.000 109.389 61.432 213
497.005 109.388 61.432 213
497.009 109.387 61.431 200
497.014 109.387 61.431 204
497.018 109.388 61.431 208
497.023 109.388 61.431 200
496.147 108.939 61.390 210
496.152 108.939 61.389 207
496.156 108.941 61.389 210
496.161 108.937 61.389 199
496.166 108.939 61.389 207
496.171 108.938 61.388 205
496.175 108.941 61.389 218
496.179 108.941 61.388 208
496.184 108.942 61.388 211
496.189 108.940 61.388 200
496.194 108.940 61.387 203
496.198 108.942 61.387 206
496.203 108.941 61.387 197
496.208 108.939 61.386 170
496.214 108.937 61.386 143
497.281 105.512 60.761 114
497.283 105.515 60.761 112
497.286 105.516 60.761 111
497.292 105.507 60.759 109
497.294 105.510 60.760 108
497.296 105.512 60.760 109
497.300 105.510 60.759 110
497.301 105.514 60.760 111
497.306 105.510 60.759 111
497.309 105.507 60.758 108
497.311 105.510 60.759 109
497.314 105.511 60.759 113
497.317 105.511 60.759 111
497.317 105.520 60.760 95
497.319 105.524 60.761 87
497.317 105.539 60.763 92
496.292 108.941 61.383 126
496.296 108.943 61.383 178
496.300 108.944 61.383 191
496.304 108.944 61.382 202
496.310 108.942 61.382 201
496.315 108.942 61.382 208
496.319 108.942 61.381 204
496.324 108.942 61.381 199
496.329 108.941 61.381 188
496.333 108.942 61.381 184
496.338 108.941 61.380 168
496.342 108.945 61.381 165
496.344 108.953 61.382 156
496.343 108.971 61.385 150
496.144 109.664 61.511 148
496.144 109.679 61.513 146
495.943 110.380 61.640 145
497.728 104.318 60.539 151
497.729 104.324 60.540 154
497.729 104.331 60.541 157
497.730 104.335 60.542 163
497.729 104.348 60.544 172
497.732 104.345 60.543 176
497.734 104.345 60.543 166
497.737 104.344 60.543 150
497.744 104.327 60.540 143
497.965 103.570 60.402 138
496.011 110.350 61.632 142
497.964 103.587 60.405 115
497.698 104.521 60.574 137
497.691 104.551 60.580 252
497.695 104.547 60.579 253
497.489 105.335 60.721 148
497.717 104.667 60.598 191
497.736 104.607 60.587 254
497.751 104.571 60.580 254
497.756 104.561 60.578 252
497.803 104.397 60.549 124
497.814 104.366 60.543 126
497.818 104.357 60.541 126
497.822 104.352 60.540 127
497.824 104.351 60.540 129
497.826 104.353 60.540 128
497.830 104.347 60.539 128
497.833 104.345 60.539 129
497.835 104.347 60.539 130
497.837 104.346 60.538 131
497.840 104.344 60.538 131
497.842 104.345 60.538 129
497.844 104.349 60.539 129
497.848 104.342 60.537 129
497.849 104.345 60.538 130
497.851 104.345 60.538 133
497.854 104.343 60.537 136
497.856 104.344 60.537 140
497.859 104.344 60.537 143
497.859 104.348 60.538 141
497.861 104.352 60.538 144
497.863 104.354 60.539 148
497.864 104.359 60.540 149
497.863 104.369 60.541 144
498.037 103.710 60.422 130
498.178 103.177 60.326 114
496.552 109.452 61.456 137
496.553 109.467 61.459 132
496.728 108.808 61.340 161
496.731 108.812 61.340 177
496.735 108.816 61.341 155
496.737 108.823 61.342 164
496.741 108.828 61.342 189
496.745 108.828 61.342 185
496.749 108.830 61.342 184
496.753 108.832 61.343 208
496.758 108.832 61.342 206
496.762 108.834 61.343 205
496.766 108.834 61.342 198
496.770 108.837 61.343 184
496.774 108.837 61.343 183
496.778 108.839 61.343 170
496.782 108.841 61.343 173
496.787 108.840 61.343 181
496.791 108.841 61.342 203
496.796 108.840 61.342 203
496.800 108.841 61.342 210
496.804 108.843 61.342 208
496.808 108.845 61.342 209
496.812 108.846 61.342 185
496.815 108.853 61.344 168
496.819 108.857 61.344 225
496.823 108.856 61.344 194
496.825 108.866 61.345 197
496.829 108.870 61.346 209
496.831 108.883 61.348 194
496.835 108.882 61.348 249
496.839 108.884 61.348 247
496.844 108.883 61.347 241
496.848 108.884 61.347 227
496.851 108.890 61.348 161
496.853 108.900 61.350 162
496.856 108.907 61.351 183
496.859 108.911 61.352 215
496.864 108.911 61.351 228
496.868 108.913 61.352 241
496.872 108.916 61.352 238
496.876 108.917 61.352 238
496.881 108.916 61.352 233
496.885 108.918 61.352 228
496.890 108.918 61.352 234
496.894 108.919 61.352 232
496.899 108.919 61.351 225
496.903 108.919 61.351 227
496.908 108.918 61.351 223
496.912 108.918 61.351 217
496.916 108.920 61.351 227
496.921 108.919 61.350 228
496.925 108.920 61.350 225
496.929 108.921 61.350 224
496.932 108.930 61.352 162
496.933 108.944 61.354 219
496.937 108.947 61.354 252
496.943 108.942 61.353 189
496.948 108.939 61.353 156
496.952 108.941 61.353 145
497.977 104.519 60.562 90
497.979 104.520 60.562 100
497.980 104.527 60.563 83
497.996 104.505 60.559 83
497.998 104.509 60.559 102
497.999 104.511 60.560 88
498.010 104.517 60.560 100
498.014 104.506 60.558 88
496.969 109.272 61.409 112
496.970 109.287 61.411 130
496.970 109.310 61.415 137
496.969 109.333 61.419 141
496.970 109.354 61.422 144
496.969 109.375 61.426 150
496.972 109.386 61.428 188
496.976 109.387 61.428 221
496.981 109.387 61.428 218
496.985 109.387 61.428 221
496.990 109.387 61.427 218
496.995 109.388 61.427 214
497.000 109.388 61.427 213
497.004 109.388 61.427 209
497.009 109.389 61.427 202
497.013 109.389 61.427 205
497.018 109.389 61.427 199
497.023 109.389 61.426 202
496.147 108.939 61.385 210
496.152 108.939 61.385 206
496.157 108.939 61.384 203
496.161 108.939 61.384 200
496.165 108.941 61.384 205
496.171 108.940 61.384 210
496.175 108.940 61.384 207
496.180 108.940 61.383 195
496.185 108.940 61.383 202
496.189 108.940 61.383 206
496.194 108.940 61.383 207
496.198 108.942 61.383 201
496.203 108.941 61.382 191
496.208 108.941 61.382 167
496.213 108.940 61.382 144
497.278 105.524 60.760 113
497.284 105.513 60.758 108
497.287 105.513 60.758 111
497.290 105.512 60.757 111
497.291 105.518 60.758 109
497.297 105.507 60.756 109
497.297 105.518 60.758 109
497.302 105.511 60.756 111
497.305 105.512 60.756 112
497.309 105.509 60.756 110
497.311 105.510 60.756 112
497.314 105.512 60.756 110
497.316 105.513 60.756 110
497.318 105.518 60.757 97
497.319 105.524 60.758 85
497.318 105.535 60.760 95
496.292 108.940 61.378 126
496.296 108.942 61.378 172
496.300 108.943 61.378 194
496.305 108.942 61.377 202
496.310 108.941 61.377 201
496.315 108.943 61.377 200
496.319 108.943 61.377 203
496.324 108.942 61.376 186
496.329 108.943 61.376 184
496.333 108.944 61.376 169
496.332 108.963 61.379 152
497.929 103.594 60.406 146
497.715 104.323 60.538 152
497.714 104.334 60.540 156
497.716 104.338 60.540 158
497.718 104.339 60.541 161
497.720 104.337 60.540 162
497.722 104.340 60.541 166
497.724 104.340 60.540 172
497.727 104.339 60.540 180
497.728 104.341 60.540 184
497.728 104.352 60.542 188
497.731 104.349 60.542 195
497.733 104.349 60.541 200
497.736 104.348 60.541 191
497.739 104.346 60.541 188
497.741 104.345 60.540 179
497.744 104.345 60.540 164
497.739 104.369 60.545 152
497.725 104.425 60.554 151
497.704 104.506 60.569 202
497.699 104.533 60.574 252
497.698 104.547 60.576 253
497.698 104.555 60.578 254
497.683 104.657 60.595 153
497.716 104.663 60.595 156
497.731 104.615 60.586 254
497.752 104.568 60.577 253
497.767 104.519 60.568 146
497.806 104.386 60.544 126
497.811 104.377 60.543 128
497.814 104.373 60.542 127
497.817 104.370 60.541 131
497.821 104.364 60.540 129
497.823 104.365 60.540 128
497.825 104.367 60.540 130
497.828 104.362 60.539 131
497.831 104.363 60.539 130
497.833 104.361 60.539 131
497.836 104.359 60.538 131
497.838 104.360 60.538 130
497.840 104.364 60.539 130
497.842 104.361 60.538 132
497.844 104.364 60.539 130
497.847 104.360 60.538 129
497.849 104.365 60.539 131
497.851 104.362 60.538 130
497.854 104.362 60.538 131
497.855 104.366 60.539 130
497.856 104.370 60.539 131
497.859 104.368 60.539 133
497.862 104.366 60.538 135
497.864 104.367 60.539 138
497.866 104.369 60.539 142
497.868 104.369 60.539 146
497.869 104.375 60.540 150
497.870 104.379 60.540 148
497.869 104.392 60.542 141
498.039 103.740 60.425 128
498.199 103.126 60.315 108
496.568 109.483 61.456 133
496.743 108.816 61.336 151
496.747 108.819 61.336 157
496.750 108.825 61.337 160
496.754 108.830 61.338 184
496.757 108.832 61.338 202
496.762 108.832 61.338 196
496.766 108.834 61.338 210
496.771 108.833 61.338 211
496.775 108.835 61.338 209
496.779 108.836 61.338 206
496.784 108.834 61.337 211
496.788 108.837 61.337 203
496.792 108.838 61.338 199
496.796 108.840 61.338 205
496.800 108.841 61.338 203
496.805 108.840 61.337 188
496.808 108.844 61.338 193
496.812 108.847 61.338 208
496.816 108.852 61.339 172
496.819 108.856 61.339 211
496.824 108.856 61.339 190
496.825 108.869 61.341 198
496.829 108.871 61.341 213
496.831 108.882 61.343 199
496.835 108.882 61.343 242
496.839 108.883 61.343 241
496.844 108.883 61.343 241
496.848 108.885 61.343 223
496.850 108.893 61.344 160
496.853 108.901 61.346 161
496.856 108.906 61.346 181
496.860 108.909 61.347 213
496.864 108.912 61.347 232
496.869 108.913 61.347 228
496.872 108.917 61.347 239
496.876 108.918 61.348 244
496.881 108.918 61.347 244
496.885 108.917 61.347 232
496.890 108.918 61.347 228
496.894 108.919 61.347 225
496.899 108.918 61.347 220
496.903 108.918 61.346 219
496.908 108.917 61.346 222
496.912 108.918 61.346 229
496.916 108.919 61.346 221
496.921 108.919 61.346 229
496.926 108.918 61.345 227
496.930 108.920 61.346 222
496.933 108.927 61.347 163
496.933 108.942 61.349 212
496.939 108.937 61.348 196
496.945 108.931 61.347 172
496.950 108.932 61.347 152
496.953 108.936 61.348 134
497.976 104.520 60.560 94
497.980 104.516 60.559 100
497.995 104.508 60.557 86
497.997 104.513 60.558 100
498.000 104.508 60.557 92
498.001 104.514 60.558 83
498.012 104.508 60.556 98
498.016 104.499 60.555 83
496.969 109.269 61.403 113
496.970 109.286 61.406 129
496.970 109.308 61.410 137
496.969 109.334 61.414 141
496.969 109.355 61.418 144
496.969 109.375 61.421 150
496.972 109.385 61.423 193
496.976 109.386 61.423 220
496.982 109.384 61.422 222
496.985 109.388 61.423 221
496.990 109.387 61.423 215
496.995 109.388 61.423 213
497.000 109.387 61.422 215
497.005 109.387 61.422 214
497.009 109.389 61.422 209
497.014 109.388 61.422 201
497.018 109.388 61.422 199
497.023 109.388 61.422 192
496.147 108.941 61.381 203
496.152 108.938 61.380 205
496.156 108.940 61.380 210
496.161 108.940 61.380 204
496.166 108.939 61.379 205
496.171 108.940 61.379 200
496.175 108.940 61.379 201
496.179 108.941 61.379 200
496.185 108.940 61.378 205
496.189 108.940 61.378 207
496.194 108.941 61.378 213
496.198 108.942 61.378 206
496.203 108.942 61.378 193
496.208 108.940 61.377 165
496.213 108.940 61.377 144
497.279 105.518 60.756 113
497.284 105.513 60.755 111
497.287 105.512 60.755 112
497.290 105.514 60.755 110
497.293 105.513 60.754 109
497.297 105.509 60.753 109
497.299 105.513 60.754 110
497.302 105.512 60.754 111
497.306 105.509 60.753 113
497.307 105.514 60.754 111
497.311 105.510 60.753 111
497.314 105.510 60.753 112
497.315 105.518 60.754 109
497.319 105.512 60.753 98
497.320 105.520 60.754 80
497.317 105.538 60.757 96
496.292 108.941 61.373 125
496.297 108.942 61.373 168
496.300 108.943 61.373 199
496.305 108.943 61.373 202
496.310 108.942 61.373 201
496.315 108.943 61.372 200
496.319 108.942 61.372 189
496.324 108.943 61.372 170
496.328 108.944 61.372 163
496.120 109.657 61.501 150
497.710 104.324 60.536 152
497.707 104.343 60.540 162
497.709 104.343 60.539 166
497.711 104.344 60.539 168
497.714 104.343 60.539 169
497.717 104.341 60.539 173
497.719 104.342 60.539 171
497.722 104.340 60.538 172
497.724 104.340 60.538 178
497.726 104.341 60.538 182
497.728 104.343 60.538 186
497.727 104.353 60.540 189
497.730 104.351 60.540 192
497.732 104.352 60.540 192
497.734 104.354 60.540 176
497.735 104.360 60.541 155
497.735 104.365 60.542 146
497.732 104.386 60.545 138
497.727 104.409 60.549 135
497.714 104.464 60.559 136
497.706 104.501 60.566 147
497.700 104.528 60.571 159
497.700 104.537 60.572 183
497.700 104.544 60.573 237
497.701 104.551 60.574 252
497.701 104.558 60.576 254
497.695 104.614 60.585 254
497.686 104.655 60.592 150
497.710 104.665 60.593 123
497.717 104.649 60.590 222
497.730 104.612 60.583 254
497.751 104.563 60.574 253
497.757 104.549 60.572 206
497.788 104.444 60.552 130
497.803 104.396 60.544 130
497.808 104.386 60.542 130
497.811 104.385 60.542 131
497.814 104.382 60.541 131
497.816 104.381 60.541 131
497.819 104.379 60.540 131
497.821 104.380 60.540 131
497.823 104.382 60.541 134
497.826 104.381 60.540 134
497.830 104.375 60.539 131
497.830 104.381 60.540 131
497.834 104.378 60.539 131
497.836 104.377 60.539 133
497.838 104.377 60.539 133
497.840 104.378 60.539 132
497.842 104.379 60.539 131
497.844 104.382 60.540 133
497.847 104.377 60.539 133
497.849 104.381 60.539 133
497.849 104.387 60.540 133
497.852 104.387 60.540 131
497.854 104.386 60.540 131
497.856 104.388 60.540 132
497.858 104.388 60.540 131
497.861 104.387 60.540 131
497.863 104.390 60.540 130
497.866 104.387 60.539 134
497.868 104.387 60.539 136
497.870 104.386 60.539 139
497.872 104.390 60.540 143
497.874 104.391 60.540 146
497.875 104.395 60.540 148
497.875 104.404 60.542 145
498.049 103.733 60.422 139
498.043 103.764 60.427 124
496.591 109.468 61.447 134
496.761 108.818 61.331 146
496.763 108.828 61.332 156
496.767 108.831 61.333 164
496.771 108.833 61.333 171
496.775 108.834 61.333 178
496.779 108.835 61.333 176
496.784 108.835 61.333 181
496.788 108.836 61.333 191
496.792 108.837 61.333 196
496.797 108.837 61.333 210
496.801 108.839 61.333 198
496.805 108.840 61.333 207
496.808 108.844 61.333 186
496.813 108.846 61.333 215
496.816 108.849 61.334 184
496.819 108.855 61.335 191
496.823 108.857 61.335 189
496.825 108.868 61.337 211
496.829 108.870 61.337 204
496.831 108.881 61.339 197
496.835 108.882 61.339 247
496.839 108.883 61.338 236
496.844 108.883 61.338 227
496.848 108.885 61.338 222
496.851 108.891 61.339 160
496.853 108.902 61.341 160
496.856 108.907 61.342 179
496.860 108.910 61.342 214
496.864 108.912 61.342 237
496.868 108.914 61.343 232
496.873 108.915 61.343 237
496.876 108.917 61.343 235
496.881 108.917 61.343 237
496.885 108.919 61.343 232
496.890 108.917 61.342 231
496.894 108.917 61.342 229
496.899 108.918 61.342 230
496.902 108.920 61.342 229
496.908 108.918 61.342 224
496.912 108.919 61.342 233
496.916 108.919 61.341 218
496.921 108.919 61.341 223
496.926 108.918 61.341 220
496.930 108.919 61.341 219
496.933 108.925 61.342 167
496.935 108.937 61.344 214
496.941 108.931 61.343 205
496.945 108.930 61.342 192
496.950 108.929 61.342 160
496.954 108.932 61.342 138
497.977 104.515 60.557 93
497.979 104.520 60.557 101
497.995 104.508 60.555 82
497.998 104.507 60.554 100
498.000 104.510 60.555 89
498.002 104.509 60.554 81
498.010 104.516 60.555 99
498.016 104.499 60.552 81
496.970 109.267 61.398 113
496.971 109.282 61.401 130
496.970 109.308 61.405 137
496.969 109.333 61.409 140
496.970 109.354 61.413 145
496.969 109.376 61.417 150
496.972 109.386 61.418 194
496.976 109.387 61.418 218
496.981 109.387 61.418 216
496.986 109.387 61.418 214
496.990 109.388 61.418 213
496.995 109.387 61.418 212
497.000 109.387 61.418 212
497.005 109.388 61.417 217
497.009 109.388 61.417 212
497.014 109.387 61.417 209
497.018 109.389 61.417 203
497.023 109.389 61.417 201
496.147 108.939 61.376 202
496.152 108.940 61.375 197
496.156 108.940 61.375 200
496.161 108.939 61.375 205
496.165 108.941 61.375 208
496.171 108.938 61.374 192
496.175 108.940 61.374 207
496.180 108.940 61.374 208
496.185 108.940 61.374 198
496.189 108.940 61.373 198
496.194 108.941 61.373 212
496.199 108.940 61.373 202
496.203 108.941 61.373 189
496.208 108.940 61.373 165
496.213 108.938 61.372 143
497.279 105.520 60.753 115
497.284 105.514 60.752 114
497.287 105.512 60.751 113
497.290 105.514 60.752 111
497.293 105.512 60.751 110
497.296 105.512 60.751 109
497.301 105.507 60.750 109
497.303 105.509 60.750 109
497.305 105.512 60.751 111
497.309 105.509 60.750 110
497.311 105.510 60.750 109
497.313 105.516 60.751 111
497.316 105.513 60.750 110
497.322 105.504 60.749 91
497.319 105.525 60.752 81
497.318 105.536 60.754 94
496.292 108.939 61.368 126
496.296 108.943 61.369 174
496.301 108.942 61.368 200
496.305 108.943 61.368 196
496.310 108.941 61.368 197
496.315 108.942 61.368 194
496.320 108.941 61.367 178
496.323 108.947 61.368 159
496.319 108.973 61.372 150
497.707 104.327 60.534 152
497.704 104.345 60.538 166
497.706 104.345 60.538 168
497.709 104.346 60.538 168
497.711 104.345 60.537 173
497.713 104.345 60.537 170
497.717 104.342 60.537 172
497.719 104.343 60.537 168
497.721 104.341 60.536 166
497.724 104.342 60.536 164
497.726 104.343 60.536 165
497.727 104.345 60.537 164
497.727 104.353 60.538 165
497.729 104.354 60.538 163
497.731 104.357 60.538 158
497.732 104.360 60.539 154
497.734 104.361 60.539 154
497.734 104.371 60.541 146
497.730 104.390 60.544 137
497.731 104.396 60.545 136
497.728 104.415 60.548 134
497.719 104.454 60.555 138
497.709 104.499 60.563 147
497.708 104.510 60.565 148
497.706 104.524 60.567 156
497.703 104.545 60.571 219
497.702 104.556 60.573 253
497.703 104.560 60.573 254
497.699 104.608 60.582 254
497.693 104.637 60.587 252
497.689 104.661 60.591 126
497.690 104.666 60.592 104
497.694 104.664 60.591 81
497.696 104.664 60.591 89
497.698 104.664 60.591 108
497.701 104.664 60.591 131
497.706 104.654 60.589 154
497.711 104.646 60.587 225
497.717 104.630 60.584 253
497.724 104.615 60.582 254
497.731 104.598 60.578 254
497.748 104.565 60.572 253
497.759 104.532 60.566 159
497.775 104.481 60.557 140
497.796 104.414 60.545 133
497.800 104.407 60.543 132
497.804 104.402 60.542 134
497.806 104.401 60.542 133
497.810 104.397 60.541 133
497.813 104.394 60.541 133
497.815 104.395 60.541 130
497.817 104.398 60.541 131
497.820 104.395 60.541 134
497.822 104.394 60.540 132
497.825 104.393 60.540 132
497.827 104.392 60.540 132
497.829 104.395 60.540 133
497.832 104.394 60.540 134
497.834 104.393 60.540 132
497.836 104.393 60.539 133
497.838 104.395 60.540 131
497.840 104.396 60.540 133
497.842 104.396 60.540 132
497.845 104.396 60.540 133
497.845 104.402 60.541 132
497.848 104.403 60.541 132
497.850 104.403 60.540 133
497.852 104.405 60.541 132
497.854 104.404 60.541 133
497.856 104.405 60.541 133
497.859 104.403 60.540 131
497.861 104.406 60.541 131
497.862 104.408 60.541 132
497.865 104.408 60.541 131
497.867 104.407 60.540 129
497.869 104.408 60.541 130
497.871 104.409 60.541 134
497.874 104.407 60.540 136
497.877 104.407 60.540 141
497.878 104.412 60.541 143
497.880 104.413 60.541 147
497.880 104.419 60.542 147
497.880 104.430 60.544 143
498.049 103.772 60.426 137
498.199 103.188 60.322 124
496.615 109.466 61.441 137
496.786 108.810 61.324 147
496.786 108.827 61.327 159
496.789 108.833 61.328 171
496.793 108.834 61.328 166
496.797 108.836 61.328 171
496.800 108.842 61.329 170
496.804 108.844 61.329 180
496.808 108.844 61.329 175
496.812 108.846 61.329 190
496.816 108.851 61.330 175
496.819 108.855 61.330 194
496.823 108.858 61.331 183
496.825 108.869 61.332 195
496.829 108.870 61.332 193
496.831 108.880 61.334 194
496.835 108.882 61.334 239
496.839 108.883 61.334 246
496.844 108.884 61.334 237
496.848 108.884 61.334 227
496.851 108.892 61.335 159
496.853 108.901 61.336 160
496.856 108.906 61.337 173
496.860 108.910 61.338 214
496.864 108.913 61.338 233
496.868 108.914 61.338 238
496.872 108.917 61.338 239
496.876 108.917 61.338 241
496.881 108.918 61.338 240
496.885 108.919 61.338 233
496.890 108.918 61.338 231
496.893 108.921 61.338 224
496.899 108.918 61.337 225
496.903 108.920 61.338 224
496.908 108.918 61.337 220
496.912 108.917 61.337 221
496.917 108.919 61.337 219
496.920 108.920 61.337 225
496.926 108.918 61.336 215
496.930 108.917 61.336 220
496.933 108.927 61.338 163
496.934 108.940 61.340 223
496.941 108.931 61.338 208
496.946 108.928 61.337 200
496.949 108.932 61.338 160
496.954 108.933 61.338 143
497.978 104.511 60.553 96
497.979 104.520 60.555 93
497.994 104.516 60.554 84
497.997 104.510 60.552 100
498.001 104.505 60.551 88
498.000 104.519 60.554 81
498.009 104.520 60.554 93
498.016 104.500 60.550 85
496.969 109.271 61.394 114
496.971 109.282 61.396 130
496.970 109.310 61.401 136
496.970 109.331 61.404 141
496.970 109.353 61.408 145
496.969 109.376 61.412 151
496.973 109.384 61.413 191
496.977 109.386 61.413 220
496.981 109.386 61.413 223
496.985 109.388 61.413 217
496.990 109.387 61.413 215
496.995 109.387 61.413 214
497.000 109.388 61.413 213
497.005 109.387 61.413 211
497.009 109.388 61.413 212
497.014 109.387 61.412 200
497.018 109.390 61.413 205
497.023 109.389 61.412 209
496.147 108.939 61.371 215
496.152 108.939 61.371 201
496.156 108.939 61.370 208
496.160 108.941 61.370 202
496.166 108.940 61.370 201
496.171 108.939 61.370 205
496.176 108.939 61.369 208
496.180 108.939 61.369 202
496.185 108.940 61.369 200
496.189 108.939 61.369 201
496.194 108.940 61.369 204
496.198 108.941 61.369 210
496.203 108.941 61.368 193
496.208 108.941 61.368 166
496.214 108.937 61.367 143
497.280 105.518 60.750 115
497.285 105.511 60.749 109
497.288 105.510 60.748 112
497.290 105.511 60.748 111
497.294 105.509 60.748 110
497.295 105.515 60.749 108
497.300 105.509 60.747 111
497.302 105.512 60.748 111
497.306 105.510 60.747 112
497.307 105.516 60.748 111
497.310 105.513 60.748 109
497.313 105.515 60.748 110
497.316 105.515 60.748 109
497.321 105.508 60.746 94
497.317 105.540 60.752 94
496.292 108.941 61.364 126
496.296 108.943 61.364 171
496.300 108.943 61.364 199
496.305 108.942 61.363 200
496.310 108.941 61.363 194
496.315 108.942 61.363 190
496.318 108.945 61.363 166
496.320 108.957 61.365 155
497.914 103.626 60.406 148
497.701 104.346 60.536 167
497.704 104.347 60.536 174
497.706 104.346 60.535 167
497.708 104.347 60.535 166
497.710 104.348 60.536 163
497.713 104.346 60.535 158
497.715 104.347 60.535 156
497.718 104.347 60.535 154
497.718 104.351 60.536 146
497.720 104.353 60.536 144
497.720 104.362 60.537 143
497.722 104.364 60.538 143
497.720 104.379 60.540 144
497.721 104.382 60.541 143
497.723 104.383 60.541 143
497.726 104.382 60.540 144
497.727 104.388 60.541 144
497.728 104.391 60.542 142
497.728 104.398 60.543 140
497.729 104.401 60.543 139
497.730 104.410 60.545 138
497.727 104.428 60.548 138
497.723 104.451 60.552 140
497.719 104.470 60.555 142
497.712 104.502 60.561 148
497.707 104.529 60.566 165
497.704 104.547 60.569 252
497.705 104.554 60.570 253
497.706 104.558 60.571 254
497.703 104.614 60.580 254
497.702 104.623 60.581 253
497.703 104.628 60.582 253
497.707 104.626 60.582 253
497.711 104.619 60.580 253
497.715 104.612 60.579 254
497.721 104.601 60.577 254
497.725 104.595 60.576 254
497.743 104.565 60.570 253
497.748 104.556 60.568 252
497.756 104.533 60.564 166
497.779 104.458 60.551 139
497.788 104.432 60.546 136
497.795 104.419 60.543 135
497.797 104.418 60.543 135
497.801 104.414 60.542 135
497.803 104.413 60.542 135
497.805 104.414 60.542 135
497.808 104.412 60.542 133
497.811 104.412 60.541 132
497.814 104.409 60.541 133
497.815 104.412 60.541 133
497.818 104.410 60.541 132
497.820 104.411 60.541 133
497.822 104.412 60.541 132
497.825 104.411 60.541 134
497.827 104.410 60.540 132
497.829 104.412 60.541 132
497.832 104.409 60.540 132
497.833 104.414 60.541 132
497.836 104.412 60.540 133
497.838 104.414 60.541 134
497.840 104.412 60.540 133
497.841 104.420 60.541 132
497.843 104.422 60.542 133
497.846 104.418 60.541 133
497.848 104.420 60.541 131
497.849 104.423 60.542 132
497.853 104.420 60.541 132
497.855 104.421 60.541 133
497.856 104.422 60.541 133
497.859 104.423 60.541 133
497.861 104.423 60.541 133
497.862 104.426 60.542 132
497.865 104.425 60.541 132
497.867 104.427 60.541 132
497.870 104.425 60.541 133
497.872 104.426 60.541 132
497.874 104.426 60.541 134
497.877 104.425 60.541 134
497.878 104.427 60.541 136
497.882 104.423 60.540 139
497.884 104.425 60.540 142
497.885 104.430 60.541 145
497.886 104.434 60.542 148
497.886 104.443 60.543 148
497.883 104.461 60.547 145
498.048 103.816 60.432 135
498.056 103.790 60.427 142
498.044 103.849 60.437 133
496.641 109.480 61.437 141
496.642 109.497 61.440 144
496.813 108.827 61.321 149
496.815 108.835 61.322 153
496.816 108.849 61.325 154
496.820 108.853 61.325 188
496.823 108.858 61.326 165
496.825 108.867 61.327 182
496.830 108.868 61.327 173
496.831 108.881 61.329 184
496.835 108.881 61.329 227
496.839 108.883 61.329 226
496.844 108.885 61.329 222
496.848 108.884 61.329 219
496.851 108.893 61.331 161
496.853 108.901 61.332 163
496.856 108.907 61.333 177
496.860 108.910 61.333 215
496.864 108.913 61.333 238
496.868 108.914 61.333 229
496.872 108.915 61.333 238
496.877 108.915 61.333 232
496.881 108.918 61.334 240
496.885 108.919 61.334 231
496.890 108.919 61.333 235
496.894 108.919 61.333 227
496.898 108.919 61.333 224
496.903 108.919 61.333 223
496.908 108.918 61.332 226
496.912 108.918 61.332 223
496.917 108.918 61.332 233
496.921 108.918 61.332 222
496.926 108.918 61.332 223
496.930 108.919 61.332 223
496.932 108.930 61.334 165
496.933 108.944 61.336 230
496.938 108.941 61.335 217
496.944 108.935 61.334 185
496.948 108.936 61.334 154
496.952 108.943 61.335 136
497.977 104.517 60.552 94
497.978 104.523 60.553 98
497.994 104.513 60.551 88
497.997 104.512 60.550 100
498.000 104.510 60.550 87
498.009 104.518 60.551 96
498.014 104.506 60.549 83
496.969 109.273 61.390 114
496.971 109.284 61.392 132
496.970 109.309 61.396 136
496.969 109.335 61.400 141
496.970 109.354 61.404 144
496.970 109.374 61.407 151
496.973 109.384 61.408 190
496.977 109.385 61.408 221
496.981 109.387 61.409 219
496.985 109.387 61.408 218
496.991 109.386 61.408 216
496.995 109.389 61.408 210
497.000 109.388 61.408 211
497.005 109.388 61.408 209
497.009 109.388 61.408 201
497.014 109.387 61.407 211
497.018 109.388 61.407 213
497.023 109.387 61.407 207
496.147 108.940 61.366 205
496.152 108.939 61.366 197
496.157 108.939 61.366 204
496.160 108.940 61.366 202
496.166 108.939 61.365 198
496.171 108.940 61.365 207
496.175 108.941 61.365 208
496.180 108.940 61.365 202
496.185 108.940 61.365 213
496.189 108.941 61.364 208
496.194 108.941 61.364 203
496.198 108.942 61.364 204
496.203 108.941 61.364 200
496.208 108.941 61.363 168
496.213 108.940 61.363 143
497.279 105.519 60.747 115
497.285 105.509 60.745 110
497.288 105.509 60.745 110
497.290 105.514 60.746 111
497.294 105.509 60.745 113
497.296 105.511 60.745 109
497.299 105.513 60.745 111
497.301 105.516 60.746 111
497.305 105.511 60.745 113
497.308 105.511 60.744 112
497.311 105.511 60.744 110
497.313 105.514 60.745 112
497.317 105.513 60.744 111
497.319 105.514 60.744 97
497.320 105.530 60.747 90
496.291 108.942 61.359 126
496.296 108.943 61.359 177
496.301 108.942 61.359 203
496.305 108.941 61.359 197
496.309 108.944 61.359 193
496.315 108.942 61.358 178
496.318 108.946 61.359 161
496.103 109.683 61.491 146
497.701 104.340 60.532 162
497.701 104.346 60.533 183
497.704 104.346 60.533 188
497.705 104.351 60.534 165
497.706 104.356 60.535 154
497.707 104.360 60.535 150
497.709 104.361 60.535 146
497.711 104.360 60.535 142
497.716 104.352 60.534 135
497.722 104.338 60.531 120
497.726 104.334 60.530 123
497.721 104.358 60.534 137
497.719 104.373 60.537 143
497.716 104.392 60.540 148
497.718 104.394 60.540 151
497.719 104.398 60.541 151
497.721 104.400 60.541 151
497.723 104.402 60.541 149
497.724 104.403 60.542 147
497.726 104.407 60.542 145
497.727 104.410 60.543 144
497.728 104.414 60.543 142
497.730 104.416 60.543 142
497.729 104.427 60.545 142
497.727 104.444 60.548 142
497.722 104.467 60.552 143
497.716 104.500 60.558 150
497.709 104.531 60.564 186
497.706 104.549 60.567 252
497.708 104.554 60.567 253
497.709 104.557 60.568 254
497.735 104.567 60.568 254
497.739 104.562 60.567 253
497.743 104.556 60.566 252
497.751 104.536 60.562 174
497.761 104.509 60.558 147
497.773 104.474 60.551 140
497.783 104.443 60.546 138
497.788 104.434 60.544 137
497.792 104.428 60.543 136
497.793 104.432 60.543 136
497.796 104.430 60.543 135
497.800 104.425 60.542 136
497.802 104.427 60.542 136
497.804 104.429 60.542 135
497.807 104.426 60.542 136
497.809 104.425 60.541 134
497.810 104.429 60.542 135
497.813 104.427 60.542 134
497.816 104.425 60.541 134
497.818 104.427 60.541 136
497.820 104.428 60.541 134
497.824 104.424 60.541 134
497.826 104.425 60.541 134
497.826 104.430 60.541 134
497.830 104.426 60.541 134
497.831 104.429 60.541 134
497.833 104.432 60.541 134
497.836 104.428 60.541 133
497.837 104.434 60.542 133
497.838 104.439 60.542 134
497.841 104.436 60.542 135
497.844 104.433 60.541 134
497.845 104.438 60.542 134
497.848 104.437 60.542 134
497.850 104.437 60.541 135
497.852 104.441 60.542 135
497.854 104.439 60.542 134
497.857 104.439 60.542 133
497.858 104.442 60.542 133
497.860 104.443 60.542 131
497.863 104.442 60.542 134
497.866 104.440 60.541 134
497.868 104.442 60.542 134
497.870 104.442 60.542 133
497.871 104.448 60.543 132
497.874 104.444 60.542 133
497.877 104.443 60.541 133
497.879 104.443 60.541 134
497.881 104.444 60.541 133
497.882 104.448 60.542 135
497.885 104.448 60.542 137
497.887 104.447 60.542 140
497.889 104.447 60.541 143
497.890 104.452 60.542 142
497.892 104.456 60.543 145
497.893 104.459 60.543 148
497.895 104.462 60.544 151
497.895 104.471 60.545 149
497.893 104.487 60.548 144
498.060 103.824 60.431 140
498.211 103.220 60.324 136
496.671 109.476 61.431 137
496.665 109.519 61.438 145
496.835 108.848 61.319 148
496.833 108.873 61.323 158
496.836 108.879 61.324 193
496.840 108.882 61.325 208
496.844 108.882 61.324 216
496.849 108.882 61.324 216
496.851 108.891 61.326 159
496.853 108.901 61.327 160
496.856 108.907 61.328 178
496.860 108.910 61.329 214
496.864 108.913 61.329 239
496.868 108.914 61.329 243
496.872 108.916 61.329 238
496.877 108.916 61.329 242
496.881 108.918 61.329 233
496.885 108.917 61.329 231
496.889 108.919 61.329 229
496.894 108.918 61.329 230
496.899 108.919 61.328 224
496.903 108.918 61.328 220
496.908 108.917 61.328 216
496.912 108.917 61.328 230
496.917 108.917 61.327 228
496.921 108.918 61.328 218
496.925 108.919 61.328 220
496.930 108.919 61.327 219
496.933 108.928 61.329 164
496.933 108.944 61.331 234
496.937 108.945 61.331 252
496.943 108.940 61.330 178
496.948 108.938 61.330 151
496.951 108.944 61.331 142
497.976 104.520 60.550 94
497.980 104.516 60.549 99
497.997 104.500 60.546 88
497.997 104.509 60.548 100
498.000 104.509 60.548 92
498.003 104.504 60.547 81
498.010 104.515 60.548 100
498.015 104.505 60.546 81
496.969 109.271 61.385 113
496.971 109.284 61.387 129
496.970 109.308 61.391 136
496.969 109.336 61.396 140
496.970 109.353 61.399 145
496.969 109.375 61.402 151
496.973 109.384 61.404 187
496.977 109.385 61.404 218
496.981 109.386 61.404 218
496.985 109.387 61.404 217
496.991 109.387 61.403 211
496.995 109.388 61.404 212
497.000 109.388 61.403 214
497.004 109.388 61.403 207
497.009 109.388 61.403 208
497.014 109.387 61.403 213
497.018 109.388 61.403 212
497.023 109.388 61.403 207
496.148 108.938 61.361 198
496.152 108.938 61.361 206
496.156 108.940 61.361 203
496.161 108.939 61.361 198
496.166 108.938 61.360 197
496.170 108.940 61.361 205
496.175 108.940 61.360 207
496.180 108.939 61.360 207
496.185 108.940 61.360 205
496.189 108.941 61.360 201
496.194 108.940 61.359 198
496.199 108.940 61.359 202
496.203 108.940 61.359 200
496.208 108.941 61.359 171
496.213 108.939 61.358 143
497.279 105.518 60.744 114
497.284 105.514 60.743 109
497.286 105.514 60.743 110
497.290 105.513 60.743 111
497.292 105.515 60.743 114
497.296 105.513 60.742 111
497.299 105.512 60.742 111
497.302 105.512 60.742 112
497.306 105.509 60.741 113
497.309 105.509 60.741 113
497.310 105.512 60.742 111
497.313 105.513 60.742 113
497.316 105.515 60.742 112
497.320 105.510 60.741 94
497.316 105.532 60.745 80
497.320 105.528 60.744 90
496.291 108.942 61.355 124
496.297 108.941 61.354 172
496.301 108.942 61.354 192
496.305 108.942 61.354 194
496.310 108.942 61.354 196
496.315 108.944 61.354 177
496.317 108.948 61.355 154
497.915 103.616 60.401 148
497.699 104.346 60.531 172
497.701 104.348 60.531 188
497.703 104.348 60.531 194
497.704 104.353 60.532 178
497.706 104.356 60.532 170
497.707 104.358 60.533 161
497.708 104.362 60.533 163
497.710 104.365 60.534 161
497.712 104.364 60.534 154
497.713 104.369 60.534 156
497.716 104.369 60.534 149
497.721 104.359 60.532 141
497.726 104.348 60.530 132
497.929 103.660 60.407 123
497.926 103.677 60.410 126
497.724 104.382 60.536 134
497.722 104.397 60.538 141
497.722 104.406 60.540 147
497.722 104.410 60.540 149
497.724 104.413 60.541 148
497.726 104.415 60.541 147
497.727 104.418 60.542 148
497.729 104.420 60.542 146
497.730 104.424 60.542 146
497.730 104.432 60.544 145
497.729 104.443 60.546 145
497.721 104.480 60.552 149
497.718 104.498 60.555 155
497.715 104.517 60.559 173
497.713 104.533 60.561 207
497.712 104.546 60.563 252
497.712 104.555 60.565 253
497.712 104.562 60.566 254
497.723 104.569 60.567 254
497.726 104.566 60.566 254
497.729 104.564 60.566 254
497.732 104.560 60.565 253
497.735 104.557 60.564 252
497.740 104.550 60.563 241
497.746 104.534 60.560 172
497.755 104.510 60.556 150
497.764 104.488 60.551 143
497.771 104.473 60.549 140
497.777 104.458 60.546 139
497.781 104.451 60.545 139
497.785 104.445 60.543 137
497.788 104.443 60.543 137
497.789 104.448 60.544 137
497.792 104.444 60.543 137
497.795 104.444 60.543 138
497.798 104.442 60.542 137
497.800 104.441 60.542 136
497.802 104.443 60.542 136
497.805 104.442 60.542 136
497.807 104.441 60.542 134
497.810 104.441 60.542 135
497.812 104.441 60.541 136
497.814 104.443 60.542 137
497.817 104.441 60.541 136
497.819 104.443 60.542 135
497.821 104.441 60.541 136
497.823 104.443 60.541 135
497.825 104.443 60.541 134
497.829 104.440 60.541 135
497.830 104.443 60.541 135
497.832 104.446 60.542 135
497.832 104.451 60.542 135
497.836 104.446 60.541 134
497.837 104.453 60.542 135
497.840 104.451 60.542 135
497.842 104.453 60.542 134
497.843 104.455 60.542 134
497.846 104.455 60.542 136
497.848 104.453 60.542 136
497.850 104.455 60.542 136
497.852 104.457 60.542 135
497.855 104.456 60.542 135
497.857 104.457 60.542 135
497.859 104.458 60.542 134
497.861 104.457 60.542 135
497.863 104.459 60.542 134
497.865 104.460 60.542 135
497.868 104.457 60.542 135
497.870 104.461 60.542 135
497.872 104.461 60.542 134
497.875 104.459 60.542 135
497.876 104.465 60.543 134
497.878 104.465 60.543 134
497.881 104.462 60.542 136
497.883 104.464 60.542 135
497.885 104.464 60.542 135
497.886 104.469 60.543 137
497.888 104.471 60.543 137
497.890 104.472 60.543 138
497.893 104.469 60.543 137
497.894 104.474 60.543 141
497.897 104.471 60.543 144
497.899 104.473 60.543 149
497.900 104.477 60.544 152
497.902 104.481 60.544 154
497.903 104.487 60.545 153
497.902 104.498 60.547 150
497.898 104.525 60.552 144
498.057 103.886 60.439 141
496.684 109.519 61.432 151
496.845 108.881 61.320 207
496.849 108.883 61.320 214
496.850 108.894 61.322 159
496.853 108.901 61.323 160
496.856 108.907 61.324 177
496.860 108.910 61.324 210
496.864 108.912 61.324 233
496.868 108.914 61.324 238
496.873 108.915 61.324 236
496.876 108.917 61.325 247
496.881 108.916 61.324 236
496.885 108.920 61.325 229
496.890 108.918 61.324 228
496.894 108.918 61.324 233
496.899 108.917 61.324 220
496.903 108.918 61.324 218
496.908 108.918 61.323 221
496.912 108.919 61.323 231
496.917 108.917 61.323 222
496.921 108.918 61.323 218
496.925 108.920 61.323 216
496.930 108.919 61.323 214
496.933 108.928 61.324 163
496.933 108.944 61.327 222
496.939 108.936 61.325 188
496.946 108.929 61.324 180
496.950 108.931 61.324 155
496.954 108.933 61.324 133
497.977 104.517 60.547 95
497.979 104.519 60.548 99
497.995 104.509 60.545 87
497.998 104.506 60.545 100
498.001 104.502 60.544 86
498.011 104.513 60.545 99
498.013 104.510 60.545 83
496.970 109.267 61.379 114
496.970 109.286 61.382 129
496.970 109.311 61.387 136
496.970 109.330 61.390 141
496.970 109.351 61.393 144
496.969 109.376 61.398 151
496.973 109.384 61.399 187
496.977 109.386 61.399 218
496.981 109.387 61.399 217
496.985 109.388 61.399 218
496.990 109.387 61.399 212
496.995 109.389 61.399 216
497.000 109.389 61.399 217
497.005 109.388 61.398 205
497.009 109.390 61.399 201
497.014 109.387 61.398 208
497.018 109.389 61.398 198
497.023 109.388 61.398 202
496.148 108.938 61.357 207
496.152 108.939 61.357 206
496.157 108.938 61.356 196
496.161 108.940 61.356 199
496.166 108.939 61.356 209
496.171 108.940 61.356 204
496.175 108.940 61.356 206
496.180 108.940 61.355 205
496.185 108.940 61.355 202
496.189 108.940 61.355 204
496.194 108.940 61.355 203
496.199 108.939 61.354 197
496.203 108.940 61.354 193
496.208 108.941 61.354 174
496.213 108.939 61.353 145
497.277 105.525 60.742 112
497.284 105.513 60.740 111
497.286 105.514 60.740 113
497.289 105.516 60.741 109
497.293 105.512 60.740 110
497.296 105.513 60.740 110
497.298 105.516 60.740 111
497.301 105.515 60.740 111
497.305 105.512 60.739 113
497.308 105.512 60.739 110
497.310 105.512 60.739 109
497.314 105.511 60.738 110
497.316 105.514 60.739 110
497.317 105.521 60.740 97
497.322 105.515 60.739 82
497.319 105.533 60.742 90
496.292 108.941 61.350 123
496.296 108.944 61.350 168
496.301 108.941 61.350 191
496.305 108.942 61.349 193
496.310 108.943 61.349 187
496.314 108.945 61.349 164
496.315 108.956 61.351 151
497.705 104.321 60.524 153
497.699 104.346 60.529 176
497.701 104.348 60.529 187
497.703 104.348 60.529 189
497.704 104.354 60.530 169
497.706 104.356 60.530 165
497.706 104.361 60.531 164
497.708 104.363 60.531 185
497.710 104.366 60.532 183
497.711 104.369 60.532 178
497.712 104.373 60.533 183
497.713 104.377 60.533 187
497.714 104.382 60.534 188
497.716 104.385 60.534 184
497.715 104.396 60.536 172
497.717 104.396 60.536 157
497.720 104.395 60.536 149
497.724 104.389 60.535 139
497.732 104.369 60.531 124
497.934 103.676 60.408 118
497.730 104.393 60.535 124
497.727 104.408 60.538 132
497.728 104.417 60.539 141
497.726 104.429 60.541 145
497.728 104.431 60.541 148
497.730 104.434 60.542 148
497.731 104.439 60.543 148
497.730 104.448 60.544 148
497.726 104.473 60.548 153
497.726 104.480 60.550 157
497.725 104.491 60.551 160
497.721 104.513 60.555 176
497.719 104.531 60.558 215
497.716 104.550 60.562 252
497.718 104.548 60.561 252
497.721 104.549 60.561 252
497.723 104.550 60.561 253
497.724 104.555 60.562 253
497.727 104.553 60.561 252
497.731 104.548 60.560 252
497.736 104.539 60.559 215
497.740 104.533 60.558 187
497.745 104.524 60.556 159
497.750 104.512 60.554 151
497.757 104.494 60.550 146
497.763 104.483 60.548 142
497.767 104.476 60.547 141
497.772 104.469 60.546 141
497.776 104.463 60.544 139
497.778 104.462 60.544 140
497.782 104.457 60.543 140
497.785 104.454 60.543 139
497.785 104.462 60.544 140
497.789 104.458 60.543 139
497.791 104.458 60.543 139
497.793 104.458 60.543 138
497.796 104.457 60.543 136
497.798 104.459 60.543 137
497.800 104.459 60.543 137
497.803 104.458 60.542 137
497.806 104.455 60.542 136
497.808 104.455 60.542 136
497.809 104.459 60.542 136
497.812 104.458 60.542 136
497.815 104.457 60.542 136
497.817 104.458 60.542 137
497.819 104.457 60.542 136
497.820 104.464 60.543 136
497.824 104.458 60.541 136
497.826 104.458 60.541 137
497.828 104.460 60.542 136
497.829 104.466 60.543 137
497.832 104.464 60.542 136
497.832 104.472 60.543 137
497.835 104.467 60.543 136
497.838 104.467 60.542 136
497.840 104.469 60.543 136
497.842 104.470 60.543 136
497.843 104.474 60.543 137
497.847 104.469 60.542 137
497.848 104.471 60.543 136
497.851 104.472 60.543 136
497.852 104.474 60.543 137
497.855 104.474 60.543 138
497.857 104.473 60.543 138
497.859 104.476 60.543 138
497.861 104.477 60.543 139
497.863 104.476 60.543 139
497.866 104.476 60.543 140
497.868 104.478 60.543 140
497.870 104.479 60.543 141
497.872 104.481 60.543 142
497.874 104.480 60.543 142
497.876 104.483 60.543 144
497.878 104.483 60.543 145
497.880 104.484 60.543 145
497.881 104.488 60.544 154
497.885 104.485 60.543 151
497.886 104.489 60.544 146
497.888 104.490 60.544 142
497.891 104.489 60.544 140
497.894 104.486 60.543 139
497.895 104.488 60.543 138
497.898 104.488 60.543 138
497.901 104.485 60.543 141
497.902 104.490 60.543 142
497.904 104.492 60.544 147
497.905 104.496 60.544 151
497.906 104.502 60.545 153
498.071 103.837 60.428 155
496.849 108.864 61.312 178
496.849 108.883 61.315 209
496.851 108.892 61.317 159
496.853 108.900 61.318 160
496.856 108.907 61.319 179
496.860 108.911 61.320 210
496.864 108.913 61.320 235
496.868 108.914 61.320 237
496.872 108.916 61.320 239
496.876 108.918 61.320 236
496.881 108.916 61.320 226
496.885 108.919 61.320 232
496.890 108.918 61.320 231
496.894 108.918 61.319 220
496.899 108.918 61.319 224
496.903 108.918 61.319 225
496.908 108.918 61.319 221
496.912 108.919 61.319 226
496.916 108.919 61.319 226
496.921 108.919 61.318 224
496.926 108.919 61.318 226
496.929 108.921 61.318 219
496.932 108.929 61.320 163
496.934 108.942 61.322 216
496.940 108.932 61.320 199
496.946 108.929 61.319 191
496.950 108.931 61.319 159
496.954 108.934 61.320 139
497.976 104.523 60.546 96
497.977 104.526 60.546 97
497.996 104.504 60.542 88
497.997 104.510 60.543 101
498.001 104.506 60.542 91
498.010 104.513 60.543 99
498.014 104.507 60.542 80
496.970 109.267 61.375 112
496.970 109.289 61.378 128
496.971 109.307 61.381 136
496.969 109.333 61.386 141
496.969 109.357 61.390 145
496.969 109.375 61.393 151
496.972 109.385 61.394 189
496.976 109.386 61.394 224
496.981 109.387 61.394 223
496.985 109.388 61.394 218
496.990 109.388 61.394 216
496.995 109.387 61.394 214
497.000 109.388 61.394 216
497.004 109.388 61.394 205
497.009 109.388 61.393 205
497.014 109.386 61.393 204
497.018 109.388 61.393 201
497.023 109.389 61.393 204
496.148 108.938 61.352 204
496.152 108.938 61.352 199
496.157 108.938 61.352 210
496.161 108.939 61.352 204
496.166 108.939 61.351 208
496.171 108.939 61.351 209
496.175 108.940 61.351 201
496.180 108.940 61.351 202
496.185 108.940 61.351 206
496.189 108.941 61.350 208
496.194 108.940 61.350 200
496.198 108.940 61.350 197
496.203 108.940 61.350 199
496.208 108.940 61.349 165
496.213 108.940 61.349 145
497.279 105.519 60.739 113
497.284 105.514 60.738 112
497.286 105.514 60.737 114
497.289 105.515 60.737 109
497.295 105.506 60.736 111
497.297 105.509 60.736 111
497.299 105.513 60.737 111
497.301 105.514 60.737 111
497.306 105.510 60.736 111
497.307 105.515 60.737 110
497.310 105.514 60.736 110
497.313 105.514 60.736 111
497.316 105.515 60.736 110
497.319 105.512 60.735 101
497.319 105.523 60.737 83
497.521 104.866 60.620 91
496.292 108.941 61.345 126
496.296 108.943 61.345 177
496.301 108.941 61.345 199
496.305 108.942 61.345 200
496.310 108.942 61.345 183
496.314 108.944 61.345 163
496.314 108.958 61.347 150
497.702 104.328 60.523 154
497.699 104.348 60.527 180
497.701 104.348 60.527 186
497.703 104.348 60.527 186
497.704 104.353 60.527 167
497.705 104.358 60.528 162
497.706 104.361 60.529 163
497.707 104.365 60.529 183
497.709 104.368 60.530 185
497.711 104.371 60.530 189
497.712 104.374 60.531 187
497.713 104.376 60.531 186
497.714 104.383 60.532 192
497.715 104.387 60.532 195
497.713 104.401 60.535 204
497.715 104.403 60.535 202
497.716 104.407 60.536 195
497.718 104.411 60.536 192
497.719 104.415 60.537 181
497.721 104.413 60.536 162
497.723 104.415 60.537 150
497.726 104.413 60.536 143
497.731 104.406 60.535 129
497.737 104.391 60.532 115
497.734 104.411 60.535 116
497.734 104.420 60.537 125
497.731 104.437 60.540 136
497.731 104.446 60.541 144
497.731 104.454 60.543 149
497.729 104.469 60.545 156
497.729 104.477 60.546 157
497.729 104.487 60.548 161
497.728 104.497 60.550 164
497.727 104.510 60.552 181
497.727 104.517 60.553 204
497.729 104.521 60.554 191
497.730 104.524 60.554 184
497.733 104.523 60.554 174
497.738 104.513 60.552 163
497.743 104.505 60.550 156
497.747 104.499 60.549 153
497.751 104.493 60.548 149
497.754 104.491 60.548 147
497.757 104.487 60.547 145
497.761 104.482 60.546 145
497.764 104.479 60.545 143
497.767 104.476 60.545 142
497.769 104.478 60.545 141
497.773 104.472 60.544 141
497.775 104.476 60.544 142
497.778 104.471 60.543 141
497.781 104.471 60.543 141
497.781 104.476 60.544 141
497.785 104.473 60.543 140
497.787 104.472 60.543 141
497.789 104.473 60.543 139
497.791 104.474 60.543 139
497.794 104.474 60.543 140
497.796 104.473 60.543 139
497.799 104.471 60.542 138
497.802 104.471 60.542 138
497.804 104.472 60.542 138
497.806 104.472 60.542 137
497.809 104.472 60.542 138
497.811 104.472 60.542 136
497.813 104.471 60.542 137
497.815 104.474 60.542 137
497.817 104.474 60.542 138
497.819 104.475 60.542 137
497.821 104.476 60.542 137
497.824 104.475 60.542 138
497.825 104.481 60.543 139
497.827 104.483 60.543 140
497.828 104.486 60.544 140
497.831 104.482 60.543 139
497.833 104.485 60.543 140
497.836 104.483 60.543 139
497.838 104.483 60.543 140
497.840 104.486 60.543 141
497.842 104.487 60.543 142
497.844 104.489 60.543 142
497.846 104.490 60.543 143
497.848 104.490 60.543 144
497.850 104.492 60.544 147
497.852 104.492 60.543 148
497.854 104.496 60.544 150
497.856 104.495 60.544 152
497.859 104.494 60.544 153
497.861 104.495 60.544 157
497.864 104.493 60.543 159
497.866 104.494 60.543 163
497.869 104.493 60.543 168
497.871 104.492 60.543 173
497.873 104.493 60.543 182
497.876 104.490 60.542 182
497.879 104.490 60.542 183
497.882 104.488 60.542 177
497.884 104.488 60.541 166
497.885 104.494 60.543 154
497.887 104.496 60.543 153
497.887 104.501 60.544 151
497.890 104.502 60.544 148
497.892 104.503 60.544 146
497.894 104.505 60.544 144
497.893 104.516 60.546 139
496.511 110.144 61.533 123
496.676 109.494 61.419 128
496.675 109.519 61.423 137
496.841 108.858 61.307 151
496.844 108.863 61.308 162
496.845 108.880 61.311 205
496.848 108.885 61.311 213
496.850 108.894 61.313 159
496.853 108.901 61.314 162
496.856 108.908 61.315 177
496.859 108.911 61.315 215
496.864 108.912 61.315 237
496.868 108.914 61.315 239
496.872 108.916 61.315 231
496.876 108.918 61.316 240
496.881 108.918 61.315 235
496.885 108.919 61.315 238
496.890 108.919 61.315 236
496.894 108.917 61.315 220
496.899 108.918 61.315 229
496.903 108.918 61.314 229
496.908 108.918 61.314 229
496.912 108.919 61.314 229
496.917 108.918 61.314 217
496.921 108.917 61.314 226
496.926 108.919 61.314 222
496.930 108.920 61.314 213
496.932 108.931 61.315 165
496.934 108.941 61.317 222
496.940 108.934 61.316 199
496.945 108.934 61.316 188
496.949 108.934 61.315 158
496.953 108.935 61.315 139
497.977 104.516 60.542 94
497.979 104.517 60.543 98
497.994 104.514 60.541 83
497.997 104.511 60.541 100
498.001 104.506 60.540 89
498.002 104.510 60.540 81
498.009 104.520 60.542 102
496.970 109.267 61.370 113
496.970 109.289 61.374 129
496.970 109.310 61.377 137
496.969 109.337 61.382 140
496.970 109.353 61.384 145
496.969 109.377 61.388 151
496.972 109.387 61.390 190
496.977 109.385 61.389 220
496.981 109.387 61.390 217
496.986 109.387 61.389 217
496.991 109.386 61.389 220
496.996 109.386 61.389 216
497.000 109.387 61.389 216
497.004 109.388 61.389 210
497.009 109.388 61.389 199
497.014 109.389 61.389 203
497.019 109.387 61.388 200
497.023 109.389 61.388 211
496.148 108.937 61.347 208
496.152 108.939 61.347 206
496.157 108.938 61.347 209
496.161 108.939 61.347 200
496.166 108.939 61.347 206
496.171 108.939 61.346 209
496.175 108.940 61.346 203
496.179 108.941 61.346 205
496.185 108.940 61.346 199
496.189 108.940 61.346 201
496.194 108.940 61.345 208
496.199 108.940 61.345 197
496.203 108.941 61.345 200
496.208 108.940 61.345 170
496.213 108.938 61.344 144
497.280 105.517 60.735 114
497.284 105.513 60.734 113
497.287 105.512 60.734 112
497.291 105.509 60.733 113
497.293 105.513 60.734 110
497.297 105.509 60.733 112
497.299 105.513 60.734 111
497.303 105.509 60.733 111
497.305 105.512 60.733 110
497.308 105.512 60.733 111
497.310 105.514 60.733 109
497.314 105.510 60.732 115
497.316 105.514 60.733 110
497.317 105.519 60.734 100
497.319 105.532 60.736 93
496.291 108.943 61.341 124
496.296 108.942 61.341 176
496.301 108.942 61.340 198
496.305 108.941 61.340 194
496.310 108.943 61.340 186
496.314 108.945 61.340 162
496.314 108.960 61.343 149
497.702 104.331 60.522 155
497.699 104.348 60.524 179
497.701 104.347 60.524 189
497.703 104.349 60.525 188
497.704 104.353 60.525 167
497.705 104.359 60.526 163
497.707 104.360 60.526 162
497.708 104.363 60.527 181
497.709 104.367 60.527 185
497.711 104.370 60.528 184
497.711 104.375 60.528 181
497.713 104.377 60.528 190
497.714 104.383 60.530 191
497.715 104.388 60.530 192
497.713 104.401 60.533 201
497.715 104.404 60.533 197
497.715 104.410 60.534 200
497.717 104.412 60.534 199
497.719 104.415 60.534 194
497.720 104.418 60.535 190
497.722 104.421 60.535 187
497.723 104.424 60.536 182
497.724 104.428 60.536 177
497.726 104.431 60.537 163
497.727 104.435 60.537 155
497.729 104.437 60.538 146
497.731 104.437 60.537 137
497.732 104.441 60.538 122
497.732 104.452 60.540 121
497.726 104.478 60.544 138
497.714 104.531 60.554 252
497.716 104.533 60.554 253
497.723 104.516 60.551 187
497.729 104.502 60.548 157
497.732 104.500 60.548 166
497.734 104.500 60.548 162
497.734 104.510 60.549 161
497.737 104.509 60.549 158
497.744 104.493 60.546 155
497.749 104.483 60.544 154
497.750 104.486 60.545 152
497.753 104.485 60.544 151
497.756 104.482 60.544 149
497.758 104.484 60.544 148
497.760 104.483 60.544 147
497.763 104.482 60.543 145
497.766 104.482 60.543 145
497.768 104.483 60.543 145
497.770 104.484 60.543 144
497.771 104.488 60.544 145
497.774 104.487 60.544 142
497.777 104.486 60.543 143
497.778 104.489 60.544 143
497.780 104.489 60.544 142
497.783 104.486 60.543 142
497.785 104.489 60.543 141
497.788 104.487 60.543 140
497.790 104.488 60.543 140
497.793 104.487 60.543 140
497.795 104.488 60.543 139
497.797 104.488 60.543 138
497.799 104.489 60.543 139
497.801 104.489 60.543 139
497.804 104.488 60.543 139
497.806 104.489 60.543 139
497.809 104.488 60.542 139
497.810 104.491 60.543 139
497.813 104.489 60.542 140
497.815 104.491 60.543 140
497.817 104.492 60.543 140
497.819 104.495 60.543 140
497.820 104.498 60.543 144
497.822 104.500 60.544 145
497.825 104.499 60.543 147
497.826 104.501 60.544 148
497.829 104.501 60.544 150
497.831 104.502 60.544 152
497.833 104.503 60.544 154
497.835 104.503 60.544 157
497.838 104.503 60.544 165
497.840 104.503 60.544 169
497.843 104.501 60.543 173
497.845 104.502 60.543 180
497.848 104.500 60.543 185
497.851 104.499 60.542 185
497.853 104.500 60.542 188
497.855 104.498 60.542 189
497.858 104.497 60.542 185
497.861 104.496 60.541 186
497.864 104.494 60.541 184
497.866 104.494 60.541 180
497.869 104.492 60.540 174
497.871 104.492 60.540 170
497.873 104.492 60.540 165
497.876 104.493 60.540 160
497.878 104.491 60.540 156
497.880 104.494 60.540 144
497.882 104.495 60.540 143
497.884 104.497 60.541 144
497.886 104.499 60.541 148
497.887 104.503 60.541 151
497.889 104.506 60.542 152
497.890 104.511 60.543 155
497.891 104.514 60.543 152
498.052 103.871 60.430 137
496.826 108.863 61.304 155
496.830 108.869 61.305 153
496.831 108.880 61.307 162
496.835 108.882 61.307 201
496.839 108.883 61.307 212
496.844 108.882 61.306 217
496.848 108.884 61.306 216
496.851 108.893 61.308 160
496.853 108.899 61.309 161
496.856 108.906 61.310 174
496.860 108.909 61.310 214
496.864 108.912 61.310 233
496.868 108.914 61.311 237
496.872 108.917 61.311 240
496.877 108.916 61.311 239
496.881 108.917 61.311 226
496.885 108.917 61.311 241
496.890 108.918 61.311 226
496.894 108.918 61.310 223
496.899 108.919 61.310 224
496.903 108.919 61.310 221
496.907 108.919 61.310 222
496.912 108.918 61.310 225
496.917 108.918 61.309 228
496.921 108.917 61.309 228
496.926 108.919 61.309 222
496.930 108.919 61.309 215
496.932 108.932 61.311 164
496.933 108.943 61.313 242
496.938 108.944 61.313 234
496.943 108.938 61.312 191
496.948 108.938 61.311 156
496.952 108.940 61.312 139
497.975 104.528 60.542 94
497.979 104.519 60.541 98
497.995 104.511 60.539 82
497.997 104.510 60.538 99
498.000 104.508 60.538 87
498.002 104.509 60.538 83
498.010 104.516 60.539 99
496.969 109.270 61.366 113
496.970 109.290 61.369 127
496.969 109.312 61.373 137
496.969 109.333 61.376 141
496.970 109.353 61.380 144
496.969 109.376 61.383 151
496.972 109.386 61.385 194
496.977 109.385 61.385 226
496.981 109.387 61.385 216
496.985 109.387 61.385 216
496.991 109.387 61.384 213
496.995 109.388 61.384 215
497.000 109.386 61.384 209
497.005 109.386 61.384 208
497.009 109.386 61.384 210
497.014 109.387 61.384 204
497.019 109.387 61.384 209
497.023 109.388 61.383 196
496.147 108.939 61.343 203
496.152 108.939 61.343 198
496.157 108.938 61.342 201
496.161 108.939 61.342 201
496.166 108.938 61.342 200
496.171 108.939 61.342 198
496.175 108.941 61.342 205
496.180 108.940 61.342 202
496.185 108.940 61.341 198
496.189 108.939 61.341 196
496.194 108.940 61.341 208
496.199 108.940 61.340 203
496.203 108.942 61.341 195
496.208 108.940 61.340 169
496.213 108.940 61.340 144
497.279 105.521 60.733 112
497.285 105.509 60.731 112
497.288 105.510 60.731 113
497.291 105.510 60.731 110
497.293 105.513 60.731 109
497.297 105.509 60.730 110
497.299 105.513 60.731 111
497.302 105.511 60.730 110
497.305 105.511 60.730 110
497.307 105.513 60.730 109
497.310 105.514 60.730 109
497.314 105.510 60.730 112
497.316 105.516 60.730 110
497.320 105.510 60.729 95
497.317 105.538 60.734 91
496.291 108.943 61.336 124
496.296 108.943 61.336 170
496.301 108.942 61.336 197
496.305 108.942 61.335 202
496.310 108.942 61.335 184
496.314 108.945 61.336 162
496.314 108.961 61.338 149
497.701 104.332 60.520 155
497.699 104.347 60.522 178
497.701 104.348 60.522 187
497.703 104.348 60.522 189
497.704 104.353 60.523 166
497.705 104.358 60.523 163
497.707 104.358 60.523 161
497.708 104.362 60.524 181
497.709 104.367 60.525 184
497.710 104.371 60.525 185
497.712 104.374 60.526 185
497.713 104.378 60.526 187
497.714 104.383 60.527 192
497.714 104.389 60.528 194
497.713 104.401 60.530 209
497.715 104.404 60.531 202
497.715 104.411 60.532 205
497.717 104.413 60.532 198
497.719 104.416 60.532 191
497.720 104.419 60.533 191
497.722 104.421 60.533 190
497.723 104.425 60.534 188
497.724 104.429 60.534 185
497.725 104.433 60.535 184
497.726 104.439 60.536 185
497.727 104.442 60.536 181
497.728 104.447 60.537 181
497.730 104.449 60.537 173
497.731 104.454 60.538 168
497.730 104.466 60.540 184
497.722 104.504 60.547 251
497.720 104.519 60.549 252
497.723 104.516 60.548 187
497.726 104.513 60.548 149
497.725 104.524 60.550 158
497.730 104.517 60.548 144
497.730 104.524 60.549 146
497.734 104.518 60.548 151
497.744 104.492 60.544 153
497.748 104.486 60.542 154
497.750 104.487 60.543 154
497.752 104.490 60.543 155
497.754 104.492 60.543 153
497.756 104.490 60.543 153
497.758 104.492 60.543 152
497.760 104.495 60.543 150
497.762 104.496 60.543 149
497.764 104.496 60.543 148
497.766 104.496 60.543 148
497.767 104.505 60.545 148
497.770 104.498 60.543 146
497.773 104.500 60.544 146
497.774 104.503 60.544 145
497.776 104.504 60.544 145
497.779 104.503 60.544 144
497.781 104.502 60.544 145
497.784 104.501 60.543 143
497.786 104.501 60.543 143
497.789 104.500 60.543 142
497.791 104.501 60.543 141
497.793 104.502 60.543 141
497.796 104.502 60.543 142
497.797 104.505 60.543 142
497.800 104.503 60.543 143
497.802 104.504 60.543 144
497.804 104.506 60.543 145
497.806 104.506 60.543 147
497.808 104.507 60.543 148
497.811 104.506 60.543 151
497.814 104.505 60.543 153
497.815 104.508 60.543 155
497.817 104.511 60.543 169
497.820 104.508 60.543 161
497.822 104.509 60.543 184
497.825 104.509 60.543 185
497.827 104.507 60.542 187
497.830 104.505 60.542 186
497.833 104.505 60.542 186
497.835 104.506 60.542 186
497.838 104.504 60.541 186
497.840 104.503 60.541 184
497.843 104.502 60.541 177
497.846 104.501 60.540 173
497.849 104.498 60.540 164
497.850 104.500 60.540 159
497.853 104.500 60.540 156
497.855 104.501 60.540 154
497.857 104.501 60.540 152
497.860 104.500 60.540 146
497.862 104.500 60.540 144
497.865 104.498 60.539 142
497.867 104.500 60.539 139
497.869 104.502 60.540 136
497.870 104.505 60.540 134
497.872 104.507 60.540 130
497.874 104.509 60.541 127
497.874 104.517 60.542 123
497.875 104.522 60.543 123
497.878 104.520 60.542 125
497.880 104.524 60.543 126
497.882 104.523 60.543 133
497.883 104.528 60.543 136
497.883 104.537 60.545 139
498.214 103.209 60.313 138
496.828 108.839 61.295 144
496.825 108.868 61.300 180
496.829 108.870 61.300 163
496.831 108.880 61.302 182
496.835 108.882 61.302 220
496.839 108.884 61.302 220
496.844 108.883 61.302 226
496.848 108.883 61.302 216
496.851 108.892 61.303 160
496.853 108.902 61.305 159
496.856 108.908 61.306 174
496.860 108.910 61.306 213
496.864 108.911 61.306 227
496.868 108.914 61.306 238
496.872 108.915 61.306 237
496.876 108.917 61.306 245
496.881 108.918 61.306 234
496.885 108.918 61.306 236
496.890 108.917 61.306 232
496.894 108.918 61.306 226
496.899 108.919 61.306 228
496.903 108.919 61.306 226
496.908 108.918 61.305 225
496.912 108.918 61.305 220
496.917 108.918 61.305 220
496.921 108.919 61.305 221
496.926 108.918 61.305 233
496.930 108.920 61.305 226
496.932 108.932 61.307 166
496.933 108.945 61.309 226
496.938 108.940 61.308 215
496.944 108.934 61.306 167
496.949 108.935 61.306 148
496.952 108.939 61.307 133
497.976 104.523 60.539 97
497.980 104.516 60.538 101
497.980 104.523 60.539 80
497.997 104.500 60.534 85
497.998 104.508 60.536 102
498.000 104.509 60.536 88
498.003 104.507 60.535 81
498.010 104.515 60.536 99
496.969 109.269 61.361 113
496.970 109.288 61.364 128
496.969 109.314 61.368 137
496.970 109.333 61.371 141
496.970 109.352 61.375 146
496.969 109.375 61.378 151
496.973 109.384 61.380 191
496.977 109.386 61.380 216
496.981 109.388 61.380 219
496.985 109.389 61.380 213
496.991 109.386 61.379 213
496.995 109.387 61.380 208
497.000 109.387 61.379 216
497.005 109.388 61.379 214
497.009 109.389 61.379 210
497.014 109.388 61.379 207
497.018 109.388 61.379 201
497.023 109.389 61.379 206
496.148 108.937 61.338 204
496.152 108.938 61.338 199
496.157 108.938 61.338 204
496.161 108.939 61.338 205
496.166 108.940 61.337 199
496.170 108.940 61.337 201
496.175 108.939 61.337 197
496.180 108.939 61.337 206
496.184 108.941 61.337 203
496.189 108.941 61.337 194
496.194 108.940 61.336 202
496.198 108.940 61.336 195
496.203 108.940 61.336 197
496.208 108.940 61.335 168
496.213 108.940 61.335 146
497.278 105.521 60.730 115
497.284 105.512 60.728 111
497.288 105.509 60.728 113
497.292 105.506 60.727 111
497.291 105.520 60.729 110
497.295 105.514 60.728 108
497.299 105.513 60.728 110
497.301 105.515 60.728 109
497.305 105.512 60.727 110
497.308 105.512 60.727 110
497.311 105.511 60.727 109
497.315 105.509 60.726 112
497.317 105.512 60.727 110
497.319 105.513 60.727 94
497.319 105.524 60.729 85
497.317 105.540 60.731 92
496.290 108.946 61.332 126
496.297 108.941 61.331 174
496.300 108.942 61.331 193
496.305 108.942 61.331 205
496.309 108.944 61.331 183
496.314 108.946 61.331 161
496.313 108.962 61.334 150
497.701 104.334 60.517 155
497.698 104.349 60.520 179
497.700 104.349 60.520 187
497.703 104.348 60.520 186
497.704 104.353 60.520 165
497.705 104.357 60.521 161
497.707 104.359 60.521 160
497.708 104.362 60.522 175
497.710 104.366 60.522 187
497.710 104.371 60.523 182
497.712 104.374 60.523 179
497.713 104.377 60.524 187
497.714 104.382 60.525 198
497.715 104.388 60.526 201
497.713 104.403 60.528 199
497.714 104.405 60.528 197
497.716 104.408 60.529 199
497.717 104.413 60.530 194
497.719 104.416 60.530 190
497.720 104.418 60.530 190
497.721 104.422 60.531 186
497.722 104.426 60.531 184
497.724 104.430 60.532 185
497.725 104.433 60.532 183
497.726 104.437 60.533 184
497.727 104.442 60.534 182
497.729 104.445 60.534 182
497.730 104.450 60.535 185
497.731 104.455 60.536 192
497.731 104.462 60.537 197
497.732 104.466 60.538 208
497.731 104.479 60.540 218
497.734 104.477 60.539 205
497.734 104.484 60.540 209
497.737 104.484 60.540 205
497.738 104.489 60.541 161
497.731 104.522 60.547 153
497.731 104.529 60.548 145
497.743 104.497 60.542 137
497.745 104.496 60.542 135
497.748 104.493 60.541 141
497.750 104.497 60.542 145
497.752 104.498 60.542 152
497.754 104.499 60.542 155
497.755 104.502 60.542 156
497.757 104.503 60.542 156
497.759 104.506 60.543 156
497.761 104.508 60.543 155
497.763 104.510 60.543 154
497.764 104.515 60.544 156
497.766 104.513 60.544 153
497.769 104.513 60.543 152
497.770 104.517 60.544 154
497.772 104.518 60.544 154
497.775 104.518 60.544 152
497.777 104.517 60.544 152
497.780 104.518 60.544 151
497.782 104.517 60.544 152
497.785 104.517 60.543 152
497.786 104.518 60.544 153
497.790 104.515 60.543 154
497.791 104.519 60.543 157
497.794 104.516 60.543 161
497.796 104.518 60.543 167
497.799 104.516 60.543 173
497.801 104.516 60.542 178
497.804 104.515 60.542 185
497.806 104.514 60.542 187
497.809 104.515 60.542 189
497.812 104.513 60.542 189
497.814 104.512 60.541 189
497.817 104.510 60.541 180
497.820 104.508 60.540 186
497.822 104.510 60.541 164
497.825 104.507 60.540 163
497.827 104.508 60.540 158
497.830 104.507 60.540 154
497.832 104.507 60.540 150
497.834 104.508 60.540 148
497.836 104.509 60.540 144
497.838 104.511 60.540 141
497.840 104.511 60.540 140
497.843 104.511 60.540 137
497.845 104.513 60.540 133
497.847 104.514 60.540 129
497.849 104.514 60.540 129
497.850 104.519 60.541 127
497.854 104.515 60.540 126
497.855 104.520 60.541 123
497.857 104.519 60.541 122
497.858 104.524 60.541 123
497.860 104.526 60.542 121
497.861 104.531 60.542 121
497.861 104.540 60.544 120
498.032 103.872 60.428 119
498.200 103.208 60.312 118
496.802 108.797 61.285 136
496.804 108.809 61.287 139
496.807 108.815 61.288 141
496.809 108.824 61.289 144
496.812 108.829 61.290 143
496.815 108.836 61.291 143
496.818 108.844 61.292 149
496.820 108.852 61.293 168
496.823 108.859 61.294 161
496.825 108.866 61.295 208
496.829 108.872 61.296 182
496.831 108.880 61.297 200
496.835 108.882 61.298 246
496.840 108.882 61.297 238
496.844 108.882 61.297 231
496.848 108.884 61.297 219
496.851 108.892 61.299 161
496.853 108.902 61.300 163
496.856 108.906 61.301 170
496.860 108.910 61.301 214
496.864 108.912 61.301 241
496.868 108.915 61.302 236
496.872 108.915 61.302 237
496.876 108.916 61.302 243
496.881 108.918 61.302 233
496.885 108.918 61.302 235
496.890 108.919 61.301 235
496.894 108.919 61.301 228
496.899 108.919 61.301 220
496.903 108.918 61.301 220
496.908 108.917 61.301 220
496.912 108.919 61.301 222
496.916 108.919 61.301 232
496.921 108.918 61.300 231
496.925 108.920 61.300 228
496.929 108.920 61.300 215
496.931 108.934 61.302 163
496.933 108.942 61.304 216
496.940 108.932 61.302 193
496.946 108.929 61.301 194
496.950 108.931 61.301 158
496.954 108.933 61.301 135
497.975 104.526 60.537 98
497.980 104.515 60.535 104
497.995 104.510 60.534 83
497.997 104.513 60.534 101
498.001 104.506 60.533 89
498.003 104.507 60.533 84
498.010 104.513 60.534 101
496.969 109.271 61.357 112
496.970 109.287 61.359 128
496.970 109.311 61.363 138
496.969 109.333 61.367 142
496.970 109.354 61.370 146
496.970 109.375 61.374 151
496.973 109.384 61.375 190
496.976 109.387 61.375 219
496.981 109.387 61.375 223
496.985 109.388 61.375 213
496.991 109.387 61.375 210
496.995 109.387 61.375 208
497.000 109.387 61.375 210
497.004 109.388 61.375 211
497.009 109.386 61.374 205
497.014 109.387 61.374 208
497.018 109.389 61.374 208
497.023 109.387 61.374 208
496.148 108.938 61.333 209
496.152 108.939 61.333 204
496.157 108.939 61.333 210
496.161 108.939 61.333 208
496.166 108.939 61.333 194
496.170 108.940 61.333 204
496.176 108.939 61.332 208
496.180 108.940 61.332 207
496.185 108.940 61.332 206
496.189 108.940 61.332 196
496.194 108.941 61.332 208
496.199 108.939 61.331 203
496.204 108.939 61.331 198
496.208 108.941 61.331 166
496.213 108.941 61.331 144
497.279 105.521 60.727 115
497.284 105.513 60.726 114
497.287 105.514 60.726 113
497.289 105.514 60.726 110
497.293 105.511 60.725 112
497.296 105.512 60.725 111
497.299 105.514 60.725 110
497.300 105.517 60.725 112
497.305 105.512 60.724 114
497.307 105.514 60.725 111
497.310 105.513 60.724 112
497.315 105.509 60.724 112
497.316 105.516 60.725 113
497.318 105.516 60.725 99
497.322 105.515 60.724 82
497.318 105.536 60.728 93
496.291 108.943 61.327 125
496.296 108.942 61.327 177
496.300 108.943 61.327 198
496.305 108.943 61.326 202
496.310 108.943 61.326 185
496.314 108.945 61.326 160
496.315 108.958 61.328 150
497.701 104.331 60.515 155
497.698 104.349 60.518 180
497.701 104.348 60.517 186
497.703 104.349 60.517 185
497.704 104.354 60.518 165
497.705 104.360 60.519 160
497.707 104.359 60.519 160
497.708 104.364 60.520 179
497.710 104.366 60.520 183
497.711 104.370 60.521 180
497.712 104.375 60.521 181
497.713 104.378 60.522 187
497.714 104.382 60.522 192
497.715 104.387 60.523 194
497.713 104.402 60.526 202
497.715 104.405 60.526 194
497.715 104.412 60.527 193
497.717 104.414 60.527 193
497.718 104.417 60.528 191
497.719 104.420 60.528 187
497.721 104.423 60.529 183
497.722 104.426 60.529 183
497.724 104.430 60.530 180
497.725 104.434 60.530 180
497.726 104.439 60.531 178
497.727 104.443 60.532 183
497.728 104.447 60.532 182
497.730 104.450 60.533 189
497.731 104.455 60.533 190
497.732 104.460 60.534 197
497.732 104.466 60.535 206
497.734 104.468 60.535 209
497.735 104.474 60.536 210
497.736 104.479 60.537 215
497.740 104.473 60.536 212
497.742 104.475 60.536 200
497.742 104.482 60.537 196
497.744 104.482 60.537 193
497.746 104.485 60.538 189
497.747 104.489 60.538 168
497.748 104.493 60.539 156
497.749 104.499 60.540 146
497.751 104.502 60.540 141
497.752 104.507 60.541 138
497.753 104.509 60.541 141
497.755 104.512 60.542 148
497.757 104.515 60.542 155
497.758 104.518 60.542 162
497.759 104.522 60.543 166
497.761 104.525 60.543 177
497.764 104.523 60.543 170
497.765 104.526 60.543 177
497.767 104.530 60.544 194
497.769 104.529 60.544 196
497.772 104.528 60.543 194
497.774 104.528 60.543 198
497.777 104.526 60.543 199
497.780 104.525 60.543 201
497.783 104.523 60.542 196
497.786 104.521 60.542 192
497.788 104.520 60.541 191
497.791 104.519 60.541 191
497.793 104.519 60.541 189
497.796 104.518 60.541 185
497.799 104.517 60.540 181
497.802 104.515 60.540 175
497.804 104.516 60.540 167
497.807 104.513 60.539 163
497.809 104.514 60.540 158
497.812 104.513 60.539 157
497.814 104.514 60.539 152
497.815 104.517 60.540 141
497.818 104.516 60.539 145
497.819 104.523 60.541 134
497.822 104.518 60.540 134
497.822 104.527 60.541 129
497.825 104.525 60.541 128
497.828 104.524 60.540 126
497.830 104.523 60.540 125
497.832 104.527 60.541 125
497.834 104.528 60.541 125
497.835 104.534 60.542 123
497.837 104.532 60.541 123
497.837 104.543 60.543 121
497.837 104.551 60.544 120
498.012 103.879 60.427 120
498.009 103.896 60.430 119
498.185 103.217 60.312 121
496.601 109.447 61.395 122
496.603 109.459 61.397 126
496.776 108.796 61.281 135
496.777 108.810 61.284 142
496.780 108.815 61.284 143
496.782 108.824 61.286 144
496.785 108.830 61.287 147
496.788 108.835 61.287 153
496.792 108.839 61.288 160
496.797 108.838 61.288 164
496.800 108.843 61.288 166
496.805 108.842 61.288 164
496.808 108.845 61.288 159
496.811 108.851 61.289 161
496.815 108.854 61.289 181
496.819 108.856 61.289 204
496.823 108.858 61.290 169
496.825 108.868 61.291 219
496.829 108.871 61.291 187
496.831 108.880 61.293 206
496.835 108.883 61.293 250
496.840 108.880 61.293 224
496.844 108.882 61.293 232
496.848 108.885 61.293 219
496.851 108.892 61.294 162
496.853 108.900 61.295 161
496.856 108.907 61.296 176
496.860 108.909 61.297 208
496.864 108.913 61.297 238
496.868 108.914 61.297 231
496.872 108.916 61.297 247
496.877 108.915 61.297 243
496.881 108.917 61.297 231
496.885 108.918 61.297 233
496.890 108.917 61.297 236
496.894 108.918 61.297 220
496.899 108.917 61.296 226
496.903 108.918 61.296 220
496.908 108.917 61.296 224
496.912 108.919 61.296 228
496.917 108.918 61.296 228
496.921 108.918 61.296 232
496.925 108.920 61.296 223
496.929 108.921 61.296 217
496.931 108.936 61.298 167
496.933 108.943 61.299 232
496.940 108.932 61.297 206
496.945 108.930 61.297 203
496.950 108.932 61.297 160
496.954 108.934 61.297 136
497.977 104.519 60.534 97
497.977 104.526 60.535 99
497.996 104.506 60.531 84
497.997 104.513 60.532 101
497.999 104.512 60.532 91
498.001 104.513 60.532 81
498.011 104.512 60.531 99
496.970 109.265 61.351 113
496.970 109.290 61.355 129
496.970 109.308 61.358 138
496.970 109.332 61.362 141
496.970 109.354 61.365 146
496.970 109.374 61.369 152
496.973 109.384 61.370 192
496.976 109.387 61.371 226
496.981 109.387 61.371 217
496.986 109.386 61.370 216
496.991 109.387 61.370 213
496.995 109.387 61.370 212
497.000 109.387 61.370 210
497.005 109.387 61.370 211
497.009 109.386 61.369 203
497.013 109.389 61.370 211
497.019 109.387 61.369 204
497.023 109.389 61.369 207
496.147 108.939 61.329 194
496.153 108.936 61.328 203
496.157 108.939 61.328 206
496.161 108.938 61.328 201
496.166 108.938 61.328 202
496.171 108.940 61.328 210
496.176 108.938 61.327 202
496.179 108.940 61.328 202
496.185 108.939 61.327 196
496.190 108.939 61.327 201
496.194 108.940 61.327 205
496.199 108.940 61.327 207
496.204 108.939 61.326 198
496.207 108.942 61.326 167
496.213 108.939 61.326 144
497.279 105.519 60.724 115
497.285 105.511 60.722 112
497.286 105.515 60.723 113
497.290 105.512 60.722 110
497.293 105.513 60.722 113
497.296 105.513 60.722 111
497.301 105.507 60.721 111
497.301 105.514 60.722 110
497.304 105.514 60.722 112
497.307 105.514 60.722 110
497.310 105.514 60.722 110
497.313 105.514 60.722 112
497.316 105.515 60.721 114
497.320 105.511 60.721 103
497.319 105.523 60.723 84
497.319 105.532 60.724 90
496.291 108.943 61.323 124
496.296 108.943 61.322 173
496.300 108.943 61.322 192
496.305 108.942 61.322 198
496.310 108.943 61.322 182
496.315 108.943 61.321 161
496.314 108.960 61.324 148
497.701 104.332 60.513 156
497.698 104.349 60.515 179
497.700 104.351 60.516 186
497.703 104.349 60.515 185
497.704 104.352 60.516 165
497.706 104.356 60.516 159
497.707 104.360 60.517 159
497.708 104.363 60.517 177
497.709 104.368 60.518 184
497.710 104.371 60.518 178
497.712 104.374 60.519 176
497.713 104.377 60.519 185
497.714 104.382 60.520 185
497.715 104.389 60.521 187
497.713 104.403 60.524 193
497.714 104.407 60.524 190
497.715 104.410 60.525 193
497.716 104.415 60.525 191
497.718 104.418 60.526 190
497.719 104.420 60.526 188
497.721 104.424 60.527 182
497.722 104.427 60.527 182
497.724 104.431 60.527 177
497.725 104.434 60.528 177
497.726 104.440 60.529 181
497.727 104.443 60.529 182
497.729 104.446 60.530 179
497.730 104.451 60.530 185
497.731 104.455 60.531 188
497.732 104.461 60.532 194
497.733 104.465 60.533 204
497.733 104.472 60.534 209
497.734 104.475 60.534 207
497.736 104.479 60.535 215
497.740 104.472 60.533 211
497.742 104.473 60.533 204
497.744 104.477 60.534 199
497.745 104.481 60.535 201
497.746 104.485 60.535 206
497.747 104.490 60.536 207
497.749 104.492 60.536 198
497.750 104.497 60.537 199
497.751 104.502 60.538 196
497.752 104.504 60.538 191
497.754 104.508 60.539 182
497.754 104.515 60.540 157
497.756 104.518 60.540 149
497.756 104.525 60.541 146
497.758 104.527 60.541 146
497.759 104.533 60.542 149
497.761 104.533 60.542 186
497.764 104.533 60.542 228
497.766 104.532 60.542 243
497.769 104.532 60.542 237
497.771 104.531 60.542 231
497.774 104.529 60.541 224
497.777 104.527 60.541 216
497.780 104.524 60.540 204
497.783 104.523 60.540 187
497.785 104.523 60.540 168
497.788 104.523 60.540 157
497.790 104.524 60.540 153
497.792 104.525 60.540 149
497.794 104.525 60.540 145
497.796 104.528 60.540 142
497.799 104.526 60.540 139
497.801 104.527 60.540 136
497.802 104.529 60.540 134
497.805 104.531 60.540 131
497.807 104.529 60.540 130
497.810 104.529 60.539 128
497.811 104.534 60.540 124
497.815 104.529 60.539 125
497.814 104.540 60.541 123
497.816 104.540 60.541 124
497.815 104.556 60.544 123
497.991 103.887 60.427 126
496.379 110.100 61.506 128
496.559 109.423 61.388 132
496.562 109.430 61.389 125
496.736 108.777 61.276 140
496.738 108.786 61.277 141
496.742 108.787 61.277 134
496.741 108.808 61.280 141
496.743 108.817 61.282 145
496.746 108.824 61.283 149
496.750 108.826 61.283 147
496.755 108.825 61.283 155
496.759 108.827 61.283 154
496.763 108.831 61.283 157
496.767 108.831 61.283 165
496.772 108.830 61.283 169
496.775 108.832 61.283 168
496.780 108.832 61.283 165
496.784 108.834 61.283 163
496.788 108.834 61.283 159
496.793 108.835 61.283 166
496.797 108.837 61.283 167
496.800 108.841 61.283 171
496.804 108.843 61.283 170
496.808 108.845 61.284 166
496.812 108.848 61.284 174
496.816 108.851 61.284 174
496.819 108.854 61.285 215
496.823 108.859 61.285 175
496.825 108.867 61.286 220
496.829 108.870 61.287 188
496.831 108.881 61.288 203
496.835 108.881 61.288 246
496.839 108.883 61.288 235
496.844 108.882 61.288 235
496.848 108.883 61.288 215
496.851 108.893 61.290 162
496.853 108.900 61.291 160
496.856 108.908 61.292 176
496.860 108.909 61.292 212
496.864 108.911 61.292 242
496.868 108.913 61.292 236
496.872 108.916 61.293 239
496.877 108.916 61.292 239
496.881 108.916 61.292 227
496.885 108.920 61.293 233
496.890 108.917 61.292 227
496.894 108.919 61.292 220
496.899 108.918 61.292 230
496.903 108.918 61.292 224
496.908 108.917 61.291 220
496.912 108.919 61.291 227
496.917 108.918 61.291 224
496.921 108.919 61.291 233
496.926 108.918 61.291 227
496.930 108.920 61.291 218
496.931 108.936 61.294 166
496.933 108.943 61.295 251
496.939 108.939 61.294 210
496.945 108.934 61.293 188
496.949 108.934 61.293 154
496.953 108.937 61.293 138
497.976 104.522 60.532 98
497.978 104.524 60.532 100
497.996 104.507 60.529 85
497.997 104.510 60.529 102
498.001 104.505 60.528 91
498.002 104.510 60.529 83
498.010 104.514 60.529 99
496.969 109.272 61.347 110
496.971 109.285 61.349 125
496.969 109.313 61.354 135
496.970 109.332 61.357 139
496.970 109.352 61.360 145
496.970 109.374 61.364 151
496.972 109.385 61.366 191
496.977 109.385 61.366 222
496.981 109.387 61.366 217
496.985 109.387 61.366 215
496.990 109.388 61.365 215
496.995 109.387 61.365 210
497.000 109.387 61.365 210
497.004 109.388 61.365 212
497.009 109.387 61.365 206
497.014 109.387 61.365 212
497.019 109.386 61.364 209
497.023 109.387 61.364 204
496.148 108.938 61.324 201
496.152 108.939 61.324 211
496.157 108.939 61.324 209
496.161 108.939 61.324 200
496.166 108.940 61.324 208
496.171 108.939 61.323 203
496.175 108.939 61.323 206
496.180 108.940 61.323 206
496.185 108.939 61.322 203
496.190 108.939 61.322 202
496.194 108.940 61.322 204
496.198 108.941 61.322 204
496.203 108.940 61.322 194
496.208 108.941 61.322 170
496.213 108.939 61.321 146
497.278 105.521 60.721 114
497.285 105.511 60.719 112
497.286 105.516 60.720 111
497.290 105.513 60.720 113
497.294 105.508 60.719 112
497.296 105.511 60.719 113
497.299 105.511 60.719 110
497.301 105.515 60.719 110
497.305 105.511 60.718 110
497.308 105.511 60.718 111
497.309 105.515 60.719 111
497.314 105.510 60.718 111
497.317 105.511 60.718 112
497.319 105.513 60.718 100
497.318 105.526 60.720 88
497.315 105.546 60.724 90
496.292 108.942 61.318 123
496.297 108.942 61.317 170
496.301 108.942 61.317 190
496.305 108.943 61.317 196
496.309 108.945 61.317 185
496.314 108.945 61.317 160
496.314 108.961 61.320 149
497.702 104.330 60.510 154
497.698 104.350 60.513 180
497.701 104.348 60.513 186
497.703 104.347 60.513 187
497.704 104.352 60.513 165
497.706 104.356 60.514 160
497.707 104.359 60.514 159
497.708 104.363 60.515 175
497.709 104.367 60.515 182
497.711 104.370 60.516 176
497.712 104.374 60.517 182
497.713 104.378 60.517 185
497.714 104.383 60.518 184
497.715 104.389 60.519 181
497.712 104.405 60.521 190
497.714 104.408 60.522 190
497.715 104.410 60.522 195
497.717 104.414 60.523 190
497.718 104.416 60.523 186
497.719 104.421 60.524 184
497.721 104.423 60.524 178
497.722 104.428 60.525 179
497.724 104.431 60.525 174
497.724 104.435 60.526 175
497.726 104.438 60.526 182
497.728 104.441 60.527 180
497.729 104.445 60.527 181
497.730 104.451 60.528 182
497.731 104.455 60.529 189
497.731 104.461 60.530 193
497.732 104.466 60.530 194
497.734 104.470 60.531 206
497.735 104.473 60.531 205
497.735 104.480 60.533 211
497.740 104.472 60.531 209
497.742 104.472 60.531 203
497.743 104.477 60.532 194
497.745 104.480 60.532 197
497.746 104.484 60.533 196
497.747 104.489 60.534 205
497.748 104.495 60.534 206
497.749 104.498 60.535 206
497.751 104.501 60.535 216
497.752 104.506 60.536 218
497.753 104.510 60.537 220
497.754 104.516 60.538 227
497.755 104.519 60.538 228
497.757 104.523 60.539 228
497.758 104.527 60.539 211
497.759 104.532 60.540 231
497.761 104.533 60.540 233
497.764 104.532 60.540 250
497.766 104.531 60.539 247
497.769 104.531 60.539 242
497.771 104.530 60.539 230
497.774 104.528 60.539 216
497.777 104.526 60.538 195
497.779 104.528 60.538 164
497.781 104.532 60.539 152
497.782 104.535 60.539 147
497.784 104.538 60.540 143
497.786 104.538 60.540 140
497.788 104.540 60.540 138
497.790 104.541 60.540 135
497.792 104.543 60.540 132
497.795 104.540 60.539 129
497.796 104.544 60.540 125
497.799 104.543 60.540 121
497.801 104.545 60.540 119
497.803 104.544 60.540 119
497.805 104.546 60.540 118
497.808 104.543 60.539 109
497.810 104.548 60.540 103
497.801 104.591 60.548 105
496.715 108.754 61.268 127
496.713 108.781 61.273 144
496.715 108.788 61.274 157
496.719 108.791 61.274 156
496.722 108.794 61.274 158
496.725 108.802 61.276 144
496.728 108.808 61.276 166
496.732 108.811 61.277 156
496.735 108.816 61.277 148
496.737 108.825 61.279 157
496.742 108.823 61.278 157
496.746 108.825 61.278 153
496.750 108.826 61.278 160
496.754 108.829 61.279 183
496.758 108.830 61.279 189
496.763 108.831 61.279 188
496.767 108.831 61.279 192
496.771 108.834 61.279 202
496.775 108.832 61.278 206
496.780 108.834 61.278 197
496.784 108.835 61.278 210
496.788 108.835 61.278 205
496.793 108.835 61.278 220
496.797 108.836 61.278 207
496.801 108.838 61.278 208
496.805 108.839 61.278 187
496.808 108.844 61.279 185
496.812 108.849 61.280 190
496.815 108.853 61.280 217
496.819 108.854 61.280 237
496.823 108.860 61.281 176
496.825 108.868 61.282 229
496.829 108.871 61.282 200
496.831 108.882 61.284 204
496.835 108.882 61.284 244
496.839 108.883 61.284 245
496.844 108.883 61.284 233
496.849 108.883 61.284 214
496.851 108.892 61.285 162
496.853 108.900 61.286 159
496.856 108.907 61.287 179
496.860 108.910 61.288 218
496.864 108.913 61.288 244
496.868 108.913 61.288 241
496.873 108.915 61.288 242
496.876 108.916 61.288 238
496.880 108.919 61.288 231
496.885 108.919 61.288 233
496.890 108.918 61.288 236
496.894 108.918 61.287 216
496.899 108.919 61.287 236
496.903 108.918 61.287 215
496.908 108.916 61.287 218
496.912 108.919 61.287 235
496.917 108.917 61.286 222
496.921 108.919 61.287 223
496.926 108.918 61.286 220
496.930 108.919 61.286 214
496.930 108.937 61.289 164
496.933 108.945 61.291 250
496.938 108.944 61.290 246
496.943 108.939 61.289 185
496.948 108.940 61.289 153
496.952 108.942 61.289 146
496.960 108.927 61.286 84
497.978 104.513 60.528 94
497.978 104.523 60.530 99
497.995 104.508 60.526 84
497.998 104.509 60.526 102
497.999 104.512 60.527 91
498.011 104.510 60.526 98
498.012 104.515 60.527 85
496.968 109.275 61.343 108
496.970 109.289 61.345 120
496.968 109.317 61.350 128
496.969 109.335 61.353 137
496.970 109.354 61.356 143
496.969 109.375 61.359 150
496.973 109.384 61.361 179
496.977 109.386 61.361 215
496.981 109.387 61.361 215
496.985 109.387 61.361 215
496.990 109.389 61.361 217
496.995 109.389 61.361 210
497.000 109.386 61.360 206
497.005 109.386 61.360 206
497.009 109.388 61.360 209
497.014 109.386 61.360 204
497.018 109.388 61.360 198
497.023 109.388 61.360 203
496.147 108.939 61.320 205
496.152 108.938 61.319 205
496.157 108.939 61.319 200
496.161 108.939 61.319 206
496.166 108.939 61.319 206
496.170 108.940 61.319 202
496.176 108.938 61.318 202
496.180 108.940 61.318 209
496.185 108.941 61.318 197
496.189 108.940 61.318 207
496.194 108.940 61.318 211
496.199 108.940 61.317 197
496.203 108.940 61.317 193
496.208 108.941 61.317 169
496.213 108.939 61.316 145
497.280 105.517 60.718 116
497.283 105.515 60.717 114
497.286 105.517 60.718 113
497.291 105.511 60.716 112
497.293 105.511 60.716 109
497.295 105.515 60.717 110
497.299 105.512 60.716 110
497.303 105.508 60.715 111
497.305 105.512 60.716 109
497.308 105.511 60.715 112
497.311 105.511 60.715 111
497.313 105.514 60.716 112
497.317 105.512 60.715 113
497.318 105.516 60.716 100
497.320 105.521 60.717 81
497.319 105.533 60.718 91
496.292 108.942 61.313 123
496.297 108.942 61.313 173
496.301 108.942 61.313 198
496.305 108.942 61.312 197
496.310 108.943 61.312 185
496.314 108.945 61.312 161
496.315 108.958 61.315 150
497.702 104.328 60.507 154
497.698 104.349 60.511 179
497.701 104.348 60.511 187
497.703 104.347 60.510 187
497.704 104.353 60.511 165
497.705 104.357 60.512 160
497.707 104.360 60.512 159
497.708 104.362 60.512 177
497.709 104.366 60.513 180
497.711 104.370 60.514 183
497.712 104.373 60.514 182
497.713 104.377 60.515 181
497.714 104.382 60.515 180
497.715 104.388 60.516 187
497.713 104.403 60.519 190
497.714 104.408 60.520 192
497.715 104.411 60.520 188
497.716 104.416 60.521 189
497.718 104.418 60.521 187
497.719 104.421 60.521 182
497.721 104.425 60.522 178
497.722 104.426 60.522 175
497.723 104.432 60.523 171
497.725 104.434 60.523 174
497.726 104.438 60.524 180
497.727 104.443 60.525 179
497.728 104.448 60.525 181
497.729 104.452 60.526 182
497.731 104.454 60.526 186
497.731 104.461 60.527 192
497.732 104.466 60.528 197
497.733 104.471 60.529 204
497.735 104.474 60.529 201
497.735 104.480 60.530 205
497.739 104.474 60.529 203
497.742 104.473 60.529 192
497.743 104.477 60.529 192
497.745 104.481 60.530 192
497.746 104.485 60.531 196
497.747 104.490 60.531 200
497.748 104.494 60.532 203
497.749 104.498 60.532 203
497.750 104.503 60.533 213
497.752 104.506 60.534 216
497.753 104.511 60.534 218
497.754 104.515 60.535 229
497.755 104.520 60.536 247
497.757 104.524 60.536 251
497.758 104.528 60.537 252
497.760 104.530 60.537 252
497.761 104.532 60.537 252
497.764 104.532 60.537 251
497.766 104.532 60.537 248
497.769 104.530 60.537 238
497.772 104.529 60.536 219
497.774 104.530 60.536 190
497.776 104.532 60.537 160
497.777 104.538 60.538 152
497.778 104.540 60.538 149
497.781 104.540 60.538 147
497.783 104.542 60.538 145
497.785 104.542 60.538 143
497.786 104.546 60.539 141
497.788 104.547 60.539 137
497.790 104.550 60.539 125
497.790 104.559 60.540 108
497.593 105.310 60.670 83
497.741 104.759 60.575 80
497.553 105.481 60.699 95
497.554 105.489 60.701 98
497.559 105.479 60.699 92
496.871 108.143 61.158 98
496.708 108.781 61.268 136
496.710 108.790 61.270 155
496.714 108.794 61.270 185
496.718 108.793 61.270 186
496.722 108.796 61.270 185
496.725 108.802 61.271 152
496.727 108.810 61.272 201
496.732 108.811 61.272 178
496.734 108.819 61.273 159
496.738 108.823 61.274 190
496.741 108.825 61.274 177
496.747 108.823 61.274 161
496.750 108.826 61.274 172
496.754 108.828 61.274 205
496.759 108.828 61.274 215
496.763 108.830 61.274 215
496.767 108.831 61.274 212
496.771 108.833 61.274 220
496.775 108.835 61.274 218
496.779 108.835 61.274 218
496.784 108.835 61.274 227
496.788 108.836 61.274 226
496.792 108.838 61.274 228
496.796 108.839 61.274 218
496.800 108.839 61.274 215
496.805 108.841 61.274 201
496.808 108.846 61.275 196
496.812 108.849 61.275 185
496.815 108.852 61.275 186
496.819 108.854 61.276 226
496.823 108.859 61.276 182
496.825 108.867 61.277 219
496.829 108.871 61.278 193
496.831 108.881 61.280 212
496.835 108.882 61.279 248
496.839 108.883 61.279 243
496.844 108.882 61.279 232
496.848 108.883 61.279 221
496.851 108.891 61.280 163
496.853 108.900 61.282 159
496.856 108.906 61.283 177
496.860 108.909 61.283 217
496.864 108.911 61.283 247
496.868 108.913 61.283 247
496.872 108.915 61.283 237
496.877 108.915 61.283 233
496.881 108.917 61.283 241
496.885 108.917 61.283 228
496.890 108.917 61.283 230
496.894 108.917 61.283 220
496.899 108.918 61.283 227
496.903 108.918 61.283 220
496.908 108.918 61.282 222
496.912 108.918 61.282 221
496.917 108.919 61.282 220
496.921 108.918 61.282 219
496.926 108.918 61.282 222
496.930 108.919 61.282 217
496.931 108.936 61.285 167
496.933 108.943 61.286 222
496.940 108.935 61.284 187
496.945 108.930 61.283 167
496.949 108.935 61.284 150
496.953 108.936 61.284 134
497.975 104.528 60.528 96
497.979 104.519 60.526 99
497.996 104.507 60.524 86
497.997 104.513 60.525 103
498.001 104.506 60.524 87
498.003 104.508 60.524 80
498.012 104.496 60.521 101
498.015 104.495 60.521 112
498.018 104.491 60.520 113
498.022 104.483 60.519 110
498.180 103.775 60.398 110
496.812 110.006 61.463 107
496.968 109.320 61.346 110
496.969 109.335 61.348 122
496.969 109.355 61.351 138
496.969 109.376 61.355 147
496.972 109.384 61.356 181
496.977 109.386 61.356 216
496.981 109.387 61.356 214
496.986 109.387 61.356 215
496.991 109.385 61.355 216
496.995 109.386 61.356 208
497.000 109.387 61.356 214
497.005 109.386 61.355 210
497.009 109.387 61.355 209
497.014 109.386 61.355 207
497.018 109.388 61.355 203
497.023 109.387 61.355 206
496.148 108.936 61.315 198
496.152 108.939 61.315 202
496.157 108.938 61.314 200
496.161 108.940 61.315 203
496.166 108.939 61.314 208
496.171 108.938 61.314 205
496.175 108.940 61.314 210
496.180 108.940 61.314 206
496.185 108.939 61.313 206
496.189 108.941 61.313 211
496.194 108.941 61.313 201
496.199 108.939 61.312 197
496.203 108.940 61.312 196
496.208 108.940 61.312 165
496.212 108.942 61.312 145
497.280 105.518 60.715 114
497.283 105.517 60.715 113
497.288 105.509 60.713 114
497.290 105.513 60.714 112
497.293 105.513 60.714 109
497.295 105.514 60.714 110
497.299 105.513 60.713 111
497.301 105.514 60.713 112
497.306 105.510 60.712 109
497.307 105.515 60.713 111
497.311 105.509 60.712 110
497.312 105.518 60.713 114
497.317 105.511 60.712 113
497.318 105.517 60.713 99
497.318 105.528 60.715 83
497.318 105.535 60.716 92
496.291 108.943 61.309 126
496.296 108.942 61.308 173
496.301 108.941 61.308 196
496.305 108.942 61.308 197
496.310 108.943 61.308 186
496.314 108.945 61.308 164
496.315 108.958 61.310 150
497.703 104.326 60.505 153
497.698 104.349 60.508 178
497.701 104.348 60.508 186
497.703 104.348 60.508 188
497.704 104.352 60.509 166
497.706 104.356 60.509 160
497.707 104.360 60.510 158
497.708 104.363 60.510 169
497.710 104.366 60.511 176
497.710 104.371 60.512 177
497.712 104.374 60.512 177
497.713 104.377 60.512 180
497.714 104.383 60.513 182
497.715 104.388 60.514 184
497.713 104.403 60.517 188
497.714 104.407 60.517 190
497.715 104.412 60.518 191
497.716 104.414 60.518 189
497.718 104.418 60.519 183
497.719 104.421 60.519 175
497.721 104.424 60.519 171
497.722 104.427 60.520 171
497.723 104.433 60.521 174
497.725 104.434 60.521 180
497.726 104.440 60.522 181
497.727 104.442 60.522 171
497.728 104.447 60.523 176
497.729 104.452 60.523 183
497.730 104.456 60.524 186
497.732 104.460 60.525 195
497.732 104.466 60.526 193
497.733 104.472 60.527 202
497.734 104.475 60.527 206
497.736 104.479 60.528 197
497.740 104.473 60.526 207
497.742 104.472 60.526 192
497.744 104.476 60.527 189
497.745 104.481 60.528 192
497.746 104.486 60.528 195
497.747 104.488 60.529 195
497.748 104.493 60.529 194
497.749 104.498 60.530 199
497.750 104.503 60.531 213
497.752 104.507 60.531 213
497.753 104.511 60.532 217
497.754 104.516 60.533 227
497.755 104.519 60.533 246
497.756 104.525 60.534 251
497.758 104.528 60.534 252
497.759 104.531 60.535 252
497.761 104.533 60.535 252
497.764 104.532 60.535 250
497.766 104.531 60.535 245
497.769 104.530 60.534 224
497.772 104.528 60.534 192
497.773 104.535 60.535 161
497.774 104.539 60.536 155
497.775 104.542 60.536 153
497.778 104.543 60.536 151
497.779 104.545 60.536 149
497.781 104.546 60.536 148
497.784 104.547 60.536 145
497.785 104.551 60.537 137
497.769 104.621 60.549 98
497.537 105.500 60.700 103
497.536 105.512 60.702 105
497.539 105.512 60.702 106
497.541 105.516 60.703 107
497.544 105.517 60.703 108
497.547 105.515 60.702 111
497.549 105.519 60.703 108
497.555 105.507 60.701 80
497.559 105.503 60.700 80
496.874 108.131 61.152 104
496.709 108.779 61.263 141
496.710 108.791 61.265 172
496.714 108.793 61.266 215
496.718 108.793 61.265 214
496.722 108.796 61.266 203
496.725 108.803 61.267 156
496.727 108.810 61.268 224
496.732 108.811 61.268 196
496.734 108.818 61.269 175
496.737 108.824 61.269 217
496.742 108.822 61.269 197
496.747 108.820 61.268 193
496.750 108.827 61.269 188
496.755 108.826 61.269 217
496.758 108.831 61.270 224
496.763 108.829 61.269 215
496.767 108.831 61.269 216
496.771 108.832 61.269 218
496.775 108.833 61.269 211
496.779 108.834 61.269 215
496.784 108.835 61.269 215
496.788 108.836 61.269 213
496.793 108.833 61.269 216
496.797 108.835 61.269 218
496.801 108.837 61.269 217
496.805 108.839 61.269 214
496.809 108.842 61.270 206
496.812 108.848 61.270 186
496.815 108.854 61.271 199
496.819 108.854 61.271 229
496.822 108.862 61.272 182
496.825 108.867 61.273 235
496.829 108.871 61.273 193
496.831 108.881 61.275 210
496.835 108.881 61.275 242
496.839 108.883 61.275 248
496.844 108.882 61.275 235
496.849 108.882 61.274 214
496.851 108.892 61.276 162
496.853 108.900 61.277 160
496.856 108.907 61.278 179
496.860 108.910 61.279 220
496.864 108.912 61.279 241
496.869 108.912 61.278 228
496.872 108.916 61.279 235
496.876 108.917 61.279 240
496.881 108.916 61.279 240
496.885 108.919 61.279 236
496.890 108.918 61.279 226
496.894 108.918 61.279 227
496.899 108.916 61.278 224
496.903 108.916 61.278 218
496.907 108.919 61.278 223
496.912 108.918 61.278 223
496.917 108.919 61.278 226
496.921 108.919 61.278 219
496.926 108.918 61.277 220
496.930 108.919 61.277 217
496.931 108.934 61.280 177
496.935 108.936 61.280 209
496.941 108.931 61.279 206
496.946 108.929 61.278 193
496.950 108.929 61.278 155
496.953 108.936 61.279 132
497.976 104.524 60.525 97
497.980 104.517 60.524 99
497.980 104.524 60.525 80
497.995 104.508 60.522 89
497.998 104.506 60.521 101
498.000 104.508 60.522 93
498.000 104.518 60.523 92
498.007 104.496 60.519 93
498.010 104.494 60.519 114
498.013 104.491 60.518 125
498.015 104.491 60.518 129
498.018 104.489 60.518 129
498.022 104.484 60.517 128
498.023 104.488 60.517 128
498.025 104.488 60.517 121
498.027 104.493 60.518 97
496.813 110.048 61.465 87
496.967 109.368 61.349 107
496.969 109.379 61.351 137
496.973 109.384 61.351 171
496.977 109.385 61.351 200
496.981 109.386 61.351 211
496.985 109.388 61.351 209
496.991 109.387 61.351 207
496.995 109.389 61.351 207
497.000 109.388 61.351 212
497.005 109.387 61.351 211
497.009 109.389 61.351 211
497.014 109.388 61.351 211
497.018 109.389 61.350 205
497.023 109.388 61.350 199
496.148 108.936 61.310 204
496.152 108.938 61.310 196
496.156 108.939 61.310 206
496.161 108.939 61.310 200
496.166 108.939 61.309 205
496.171 108.940 61.309 204
496.175 108.940 61.309 197
496.180 108.939 61.309 209
496.185 108.940 61.309 204
496.189 108.939 61.308 207
496.194 108.940 61.308 211
496.199 108.940 61.308 200
496.203 108.941 61.308 199
496.208 108.940 61.308 174
496.213 108.939 61.307 146
497.279 105.518 60.712 114
497.285 105.511 60.711 110
497.287 105.513 60.711 109
497.291 105.509 60.710 110
497.294 105.511 60.710 110
497.296 105.511 60.710 114
497.298 105.516 60.711 110
497.301 105.513 60.710 113
497.306 105.509 60.710 111
497.308 105.510 60.709 112
497.311 105.509 60.709 111
497.313 105.513 60.710 112
497.316 105.513 60.710 113
497.319 105.514 60.710 103
497.316 105.542 60.714 92
496.292 108.939 61.303 126
496.296 108.944 61.304 177
496.301 108.941 61.303 200
496.305 108.943 61.303 195
496.310 108.942 61.303 184
496.315 108.943 61.303 165
496.315 108.956 61.305 151
497.704 104.323 60.502 152
497.699 104.348 60.506 176
497.701 104.348 60.506 187
497.703 104.349 60.506 189
497.704 104.353 60.507 166
497.705 104.358 60.507 159
497.706 104.361 60.508 158
497.708 104.363 60.508 171
497.710 104.365 60.508 183
497.711 104.370 60.509 177
497.712 104.375 60.510 176
497.713 104.378 60.510 180
497.714 104.383 60.511 179
497.715 104.388 60.512 184
497.713 104.403 60.514 188
497.714 104.407 60.515 186
497.715 104.411 60.515 189
497.716 104.415 60.516 186
497.718 104.417 60.516 177
497.719 104.422 60.517 174
497.721 104.425 60.517 170
497.722 104.428 60.518 173
497.724 104.431 60.518 170
497.725 104.434 60.519 173
497.726 104.439 60.519 178
497.727 104.443 60.520 171
497.728 104.447 60.520 181
497.730 104.451 60.521 180
497.730 104.457 60.522 182
497.731 104.461 60.523 194
497.732 104.467 60.523 194
497.733 104.472 60.524 193
497.735 104.474 60.525 192
497.735 104.481 60.525 193
497.740 104.473 60.524 198
497.742 104.473 60.524 190
497.744 104.476 60.524 188
497.745 104.480 60.525 187
497.746 104.485 60.526 193
497.747 104.489 60.526 195
497.748 104.493 60.527 197
497.750 104.497 60.528 202
497.751 104.502 60.528 210
497.751 104.508 60.529 209
497.753 104.511 60.530 216
497.754 104.515 60.530 223
497.755 104.520 60.531 241
497.757 104.523 60.531 250
497.758 104.528 60.532 252
497.759 104.532 60.533 252
497.761 104.533 60.533 251
497.764 104.532 60.532 251
497.766 104.531 60.532 235
497.769 104.530 60.532 204
497.770 104.534 60.532 168
497.771 104.540 60.533 157
497.773 104.543 60.534 155
497.775 104.544 60.534 154
497.776 104.547 60.534 152
497.778 104.550 60.535 151
497.781 104.549 60.535 148
497.782 104.553 60.535 135
497.561 105.388 60.678 83
497.530 105.515 60.700 110
497.532 105.520 60.701 112
497.536 105.513 60.700 107
497.537 105.519 60.700 111
497.540 105.520 60.701 109
497.544 105.517 60.700 109
497.547 105.515 60.699 112
497.550 105.516 60.700 111
497.554 105.511 60.699 86
497.560 105.498 60.696 81
496.694 108.818 61.266 105
496.708 108.781 61.259 144
496.709 108.792 61.261 186
496.714 108.792 61.261 237
496.718 108.793 61.261 237
496.722 108.795 61.261 216
496.725 108.803 61.262 160
496.727 108.809 61.263 235
496.732 108.811 61.263 207
496.734 108.819 61.264 181
496.737 108.824 61.265 223
496.742 108.823 61.265 214
496.747 108.822 61.264 197
496.750 108.825 61.265 196
496.754 108.829 61.265 220
496.758 108.830 61.265 235
496.763 108.830 61.265 229
496.767 108.832 61.265 234
496.771 108.833 61.265 230
496.775 108.833 61.265 233
496.780 108.834 61.265 219
496.784 108.834 61.265 223
496.789 108.834 61.264 218
496.793 108.835 61.264 226
496.797 108.836 61.265 226
496.801 108.837 61.265 216
496.805 108.841 61.265 204
496.808 108.846 61.266 187
496.811 108.850 61.266 184
496.815 108.856 61.267 243
496.819 108.856 61.267 225
496.823 108.859 61.267 179
496.825 108.867 61.268 233
496.829 108.871 61.269 192
496.831 108.882 61.270 216
496.835 108.881 61.270 249
496.840 108.881 61.270 239
496.844 108.883 61.270 233
496.849 108.883 61.270 213
496.851 108.892 61.271 162
496.853 108.901 61.273 159
496.856 108.905 61.273 178
496.860 108.910 61.274 216
496.864 108.913 61.274 229
496.868 108.914 61.274 235
496.872 108.916 61.274 239
496.876 108.917 61.274 237
496.881 108.917 61.274 238
496.885 108.918 61.274 234
496.890 108.917 61.274 230
496.894 108.919 61.274 232
496.899 108.918 61.274 225
496.903 108.919 61.274 218
496.908 108.917 61.273 225
496.912 108.918 61.273 220
496.917 108.919 61.273 224
496.921 108.917 61.273 217
496.926 108.919 61.273 227
496.930 108.920 61.273 220
496.931 108.934 61.275 183
496.934 108.939 61.276 218
496.940 108.932 61.274 210
496.946 108.928 61.274 192
496.950 108.932 61.274 155
496.953 108.936 61.275 134
497.977 104.518 60.522 95
497.977 104.526 60.523 99
497.995 104.512 60.520 82
497.999 104.504 60.519 103
497.999 104.513 60.520 93
498.003 104.504 60.518 104
498.008 104.495 60.517 118
498.011 104.491 60.516 125
498.013 104.493 60.516 125
498.015 104.492 60.516 128
498.017 104.493 60.516 135
498.020 104.491 60.516 131
498.024 104.484 60.514 132
498.025 104.490 60.515 134
498.027 104.490 60.515 119
496.815 110.063 61.462 82
496.968 109.381 61.346 109
496.972 109.385 61.347 155
496.976 109.386 61.347 193
496.981 109.387 61.347 209
496.985 109.388 61.347 206
496.991 109.387 61.346 206
496.995 109.387 61.346 217
497.000 109.387 61.346 213
497.005 109.387 61.346 212
497.009 109.387 61.346 212
497.014 109.388 61.346 213
497.019 109.387 61.345 211
497.023 109.388 61.345 209
496.147 108.939 61.306 210
496.152 108.938 61.305 208
496.157 108.938 61.305 201
496.161 108.939 61.305 202
496.166 108.939 61.305 203
496.171 108.938 61.304 206
496.176 108.939 61.304 204
496.180 108.940 61.304 203
496.185 108.940 61.304 205
496.189 108.940 61.304 201
496.194 108.940 61.304 206
496.199 108.940 61.303 200
496.203 108.941 61.303 200
496.208 108.941 61.303 167
496.213 108.940 61.303 147
497.278 105.523 60.710 114
497.284 105.512 60.708 112
497.288 105.510 60.708 112
497.290 105.512 60.708 109
497.291 105.518 60.709 107
497.295 105.514 60.708 111
497.298 105.516 60.708 113
497.302 105.513 60.707 113
497.306 105.510 60.707 112
497.308 105.513 60.707 112
497.311 105.512 60.707 110
497.313 105.514 60.707 111
497.316 105.513 60.707 113
497.319 105.513 60.707 102
497.320 105.528 60.709 92
496.292 108.940 61.299 123
496.297 108.942 61.299 172
496.300 108.942 61.299 191
496.305 108.942 61.298 192
496.310 108.941 61.298 187
496.315 108.943 61.298 160
496.316 108.955 61.300 151
497.705 104.319 60.499 151
497.699 104.347 60.504 178
497.701 104.347 60.503 186
497.703 104.348 60.503 190
497.704 104.352 60.504 167
497.706 104.355 60.504 159
497.707 104.358 60.505 157
497.708 104.362 60.506 168
497.709 104.366 60.506 179
497.710 104.371 60.507 181
497.712 104.373 60.507 176
497.713 104.378 60.508 176
497.714 104.382 60.508 182
497.715 104.388 60.509 185
497.713 104.404 60.512 188
497.714 104.406 60.512 185
497.715 104.411 60.513 184
497.716 104.415 60.514 183
497.717 104.420 60.514 178
497.719 104.422 60.515 176
497.721 104.424 60.515 171
497.722 104.428 60.515 169
497.724 104.431 60.516 170
497.724 104.436 60.517 174
497.726 104.439 60.517 170
497.727 104.445 60.518 170
497.728 104.448 60.518 175
497.730 104.451 60.519 177
497.730 104.458 60.520 178
497.731 104.462 60.520 191
497.732 104.467 60.521 191
497.733 104.472 60.522 188
497.734 104.475 60.522 192
497.735 104.481 60.523 194
497.740 104.472 60.522 193
497.742 104.474 60.522 188
497.743 104.477 60.522 186
497.745 104.481 60.523 189
497.746 104.485 60.523 191
497.747 104.489 60.524 190
497.748 104.493 60.525 192
497.749 104.499 60.525 193
497.750 104.503 60.526 199
497.752 104.507 60.527 201
497.753 104.511 60.527 212
497.754 104.516 60.528 217
497.755 104.521 60.529 227
497.756 104.525 60.529 249
497.758 104.527 60.530 252
497.759 104.533 60.530 252
497.761 104.533 60.530 251
497.764 104.533 60.530 249
497.766 104.531 60.530 218
497.768 104.535 60.530 183
497.769 104.539 60.531 163
497.770 104.543 60.532 158
497.772 104.544 60.532 157
497.774 104.548 60.532 155
497.776 104.548 60.532 154
497.778 104.548 60.532 150
497.780 104.554 60.533 139
497.546 105.435 60.684 92
497.527 105.514 60.697 109
497.530 105.516 60.697 110
497.532 105.519 60.698 108
497.535 105.518 60.697 108
497.538 105.517 60.697 110
497.540 105.521 60.698 110
497.544 105.518 60.697 110
497.547 105.516 60.697 112
497.549 105.520 60.697 112
497.554 105.512 60.696 89
497.561 105.496 60.693 82
496.696 108.810 61.260 107
496.707 108.783 61.255 144
496.710 108.792 61.256 192
496.714 108.794 61.257 247
496.718 108.795 61.257 236
496.722 108.797 61.257 217
496.724 108.803 61.258 160
496.728 108.809 61.258 240
496.731 108.812 61.259 210
496.734 108.818 61.260 176
496.737 108.824 61.261 215
496.741 108.825 61.260 223
496.747 108.822 61.260 209
496.751 108.824 61.260 215
496.754 108.829 61.261 228
496.758 108.831 61.261 230
496.762 108.831 61.261 224
496.767 108.831 61.260 229
496.771 108.834 61.261 229
496.775 108.833 61.260 223
496.780 108.834 61.260 218
496.784 108.833 61.260 210
496.789 108.834 61.260 218
496.793 108.835 61.260 217
496.797 108.837 61.260 218
496.801 108.839 61.260 216
496.805 108.842 61.261 216
496.808 108.845 61.261 194
496.812 108.847 61.261 195
496.815 108.855 61.262 194
496.819 108.855 61.262 236
496.822 108.862 61.263 176
496.825 108.867 61.264 241
496.829 108.873 61.265 194
496.831 108.881 61.266 210
496.835 108.881 61.266 240
496.840 108.882 61.266 235
496.844 108.882 61.265 229
496.848 108.884 61.266 197
496.850 108.894 61.267 165
496.853 108.901 61.268 162
496.856 108.906 61.269 181
496.860 108.910 61.269 219
496.864 108.911 61.269 240
496.869 108.913 61.269 241
496.873 108.915 61.270 244
496.877 108.916 61.270 241
496.881 108.917 61.270 233
496.885 108.917 61.269 239
496.890 108.917 61.269 224
496.894 108.917 61.269 228
496.899 108.918 61.269 225
496.903 108.919 61.269 221
496.908 108.917 61.269 229
496.912 108.919 61.269 226
496.917 108.918 61.268 221
496.921 108.919 61.268 220
496.925 108.920 61.269 223
496.930 108.920 61.268 223
496.931 108.935 61.271 182
496.933 108.944 61.272 252
496.939 108.938 61.271 209
496.944 108.935 61.270 187
496.948 108.939 61.271 152
496.951 108.943 61.271 140
497.976 104.523 60.520 95
497.979 104.519 60.519 102
497.996 104.505 60.516 83
497.997 104.510 60.517 102
498.002 104.500 60.515 100
498.005 104.495 60.515 116
498.009 104.490 60.514 128
498.010 104.492 60.514 124
498.014 104.488 60.513 119
498.017 104.485 60.513 140
498.018 104.489 60.513 142
498.020 104.491 60.513 144
498.023 104.488 60.513 137
498.025 104.487 60.513 135
498.028 104.485 60.512 136
498.028 104.498 60.514 98
496.818 110.071 61.458 95
496.972 109.386 61.342 141
496.976 109.387 61.342 185
496.981 109.388 61.342 202
496.985 109.388 61.342 209
496.991 109.386 61.341 213
496.995 109.387 61.341 201
497.000 109.387 61.341 216
497.005 109.385 61.341 212
497.009 109.386 61.341 208
497.014 109.388 61.341 213
497.018 109.388 61.341 200
497.023 109.387 61.341 206
496.148 108.938 61.301 199
496.152 108.939 61.301 206
496.157 108.937 61.300 205
496.161 108.939 61.300 200
496.166 108.939 61.300 200
496.171 108.938 61.300 204
496.176 108.939 61.300 207
496.180 108.939 61.299 198
496.185 108.940 61.299 198
496.189 108.939 61.299 205
496.194 108.939 61.299 202
496.199 108.940 61.299 203
496.203 108.941 61.299 210
496.207 108.942 61.299 173
496.213 108.940 61.298 145
497.279 105.520 60.707 114
497.284 105.514 60.706 111
497.287 105.512 60.705 111
497.290 105.512 60.705 109
497.294 105.510 60.704 109
497.295 105.514 60.705 112
497.299 105.514 60.705 112
497.301 105.516 60.705 112
497.306 105.509 60.704 114
497.307 105.514 60.704 112
497.311 105.512 60.704 111
497.313 105.514 60.704 110
497.316 105.514 60.704 115
497.318 105.515 60.704 105
497.318 105.525 60.706 81
497.320 105.530 60.706 92
496.291 108.944 61.295 122
496.297 108.942 61.294 168
496.301 108.941 61.294 191
496.305 108.941 61.294 191
496.310 108.943 61.294 185
496.315 108.944 61.294 165
496.316 108.954 61.295 153
497.913 103.624 60.377 149
497.699 104.346 60.501 174
497.702 104.346 60.501 184
497.704 104.347 60.501 192
497.704 104.351 60.502 173
497.706 104.356 60.502 166
497.707 104.358 60.503 160
497.709 104.361 60.503 167
497.710 104.366 60.504 176
497.711 104.369 60.504 175
497.712 104.373 60.505 174
497.713 104.378 60.506 174
497.714 104.382 60.506 178
497.715 104.388 60.507 183
497.713 104.403 60.509 190
497.714 104.407 60.510 185
497.715 104.411 60.511 182
497.716 104.415 60.511 182
497.718 104.418 60.512 178
497.719 104.420 60.512 174
497.720 104.425 60.513 169
497.722 104.428 60.513 166
497.723 104.432 60.514 166
497.724 104.437 60.514 171
497.726 104.439 60.515 167
497.727 104.444 60.515 166
497.728 104.447 60.516 166
497.729 104.452 60.516 172
497.730 104.458 60.517 175
497.731 104.462 60.518 180
497.732 104.467 60.519 184
497.733 104.471 60.519 189
497.734 104.477 60.520 193
497.735 104.481 60.521 189
497.740 104.472 60.519 189
497.742 104.473 60.519 182
497.743 104.479 60.520 182
497.745 104.481 60.520 187
497.746 104.485 60.521 185
497.747 104.490 60.522 186
497.748 104.494 60.522 188
497.749 104.498 60.523 191
497.751 104.502 60.524 191
497.752 104.506 60.524 195
497.753 104.511 60.525 209
497.754 104.517 60.526 212
497.755 104.519 60.526 219
497.756 104.525 60.527 244
497.757 104.530 60.528 251
497.759 104.533 60.528 252
497.761 104.533 60.528 251
497.764 104.532 60.528 242
497.766 104.533 60.528 194
497.766 104.540 60.529 167
497.768 104.543 60.529 161
497.770 104.544 60.529 159
497.772 104.547 60.530 156
497.773 104.550 60.530 155
497.776 104.550 60.530 153
497.777 104.552 60.530 145
497.564 105.357 60.668 94
497.526 105.509 60.694 108
497.527 105.516 60.695 111
497.530 105.515 60.694 109
497.532 105.518 60.695 110
497.535 105.519 60.695 108
497.537 105.519 60.695 110
497.540 105.520 60.695 110
497.542 105.523 60.695 112
497.546 105.521 60.695 112
497.549 105.520 60.694 110
497.554 105.509 60.692 87
496.695 108.812 61.256 105
496.707 108.783 61.251 144
496.710 108.792 61.252 196
496.714 108.794 61.252 245
496.718 108.794 61.252 237
496.722 108.794 61.252 223
496.724 108.806 61.254 160
496.727 108.810 61.254 246
496.731 108.812 61.254 214
496.734 108.818 61.255 179
496.738 108.822 61.256 200
496.740 108.828 61.257 231
496.745 108.828 61.256 226
496.749 108.829 61.256 226
496.754 108.829 61.256 240
496.758 108.830 61.256 230
496.762 108.832 61.256 227
496.767 108.832 61.256 232
496.771 108.832 61.256 217
496.775 108.834 61.256 224
496.780 108.832 61.255 221
496.784 108.833 61.256 217
496.789 108.833 61.255 224
496.793 108.836 61.256 228
496.797 108.836 61.255 218
496.801 108.839 61.256 217
496.805 108.841 61.256 214
496.808 108.845 61.256 199
496.812 108.849 61.257 209
496.816 108.852 61.257 203
496.819 108.854 61.258 238
496.822 108.862 61.259 180
496.825 108.866 61.259 228
496.829 108.872 61.260 190
496.831 108.881 61.261 212
496.835 108.881 61.261 249
496.840 108.881 61.261 236
496.845 108.881 61.261 230
496.848 108.885 61.261 192
496.851 108.893 61.262 164
496.853 108.902 61.264 163
496.856 108.906 61.264 184
496.860 108.910 61.265 218
496.864 108.912 61.265 236
496.868 108.914 61.265 232
496.873 108.915 61.265 233
496.876 108.917 61.265 238
496.881 108.917 61.265 247
496.885 108.918 61.265 236
496.890 108.917 61.265 220
496.894 108.918 61.265 225
496.899 108.917 61.264 226
496.903 108.918 61.265 227
496.908 108.917 61.264 220
496.912 108.920 61.264 235
496.917 108.919 61.264 226
496.921 108.917 61.264 228
496.925 108.919 61.264 226
496.930 108.920 61.264 220
496.930 108.938 61.267 180
496.933 108.944 61.268 252
496.938 108.941 61.267 202
496.944 108.934 61.266 168
496.948 108.939 61.266 149
496.951 108.946 61.267 149
496.962 108.918 61.262 83
497.976 104.521 60.517 95
497.979 104.521 60.517 103
497.983 104.512 60.516 81
497.996 104.507 60.514 87
497.999 104.504 60.514 105
498.001 104.502 60.513 113
498.005 104.494 60.512 127
498.008 104.493 60.512 129
498.010 104.492 60.511 123
498.014 104.486 60.510 138
498.017 104.485 60.510 214
498.018 104.489 60.511 207
498.021 104.490 60.511 185
498.023 104.488 60.510 147
498.025 104.490 60.511 138
498.028 104.486 60.510 138
498.028 104.499 60.512 108
498.178 103.819 60.397 87
496.667 110.763 61.570 91
496.972 109.386 61.337 126
496.977 109.385 61.337 165
496.981 109.387 61.337 195
496.986 109.385 61.337 204
496.991 109.387 61.337 206
496.995 109.387 61.337 200
497.000 109.386 61.336 215
497.004 109.388 61.337 208
497.009 109.386 61.336 207
497.014 109.388 61.336 209
497.019 109.387 61.336 207
497.023 109.387 61.336 210
496.147 108.939 61.296 207
496.152 108.938 61.296 212
496.157 108.937 61.296 202
496.161 108.938 61.296 203
496.166 108.939 61.295 209
496.171 108.938 61.295 202
496.176 108.939 61.295 213
496.180 108.939 61.295 203
496.185 108.939 61.295 195
496.189 108.939 61.294 204
496.194 108.940 61.294 207
496.198 108.940 61.294 195
496.204 108.939 61.294 199
496.208 108.940 61.294 173
496.213 108.940 61.293 144
497.279 105.520 60.704 114
497.284 105.512 60.702 115
497.287 105.512 60.702 112
497.290 105.513 60.702 109
497.293 105.513 60.702 111
497.298 105.506 60.701 110
497.299 105.513 60.702 110
497.301 105.515 60.702 110
497.306 105.510 60.701 112
497.308 105.512 60.701 110
497.310 105.513 60.701 113
497.314 105.512 60.701 113
497.316 105.516 60.701 113
497.319 105.513 60.701 101
497.322 105.513 60.701 84
497.320 105.529 60.703 97
496.291 108.944 61.290 123
496.297 108.941 61.289 169
496.301 108.942 61.289 194
496.305 108.941 61.289 190
496.310 108.942 61.289 189
496.314 108.945 61.289 165
496.318 108.947 61.289 155
496.102 109.686 61.416 143
497.701 104.339 60.498 156
497.702 104.346 60.499 168
497.703 104.348 60.499 170
497.704 104.352 60.500 163
497.706 104.356 60.500 160
497.707 104.358 60.500 160
497.709 104.361 60.501 174
497.709 104.366 60.502 176
497.711 104.370 60.502 174
497.712 104.372 60.502 171
497.713 104.378 60.503 179
497.714 104.382 60.504 179
497.715 104.388 60.505 181
497.712 104.405 60.508 187
497.714 104.406 60.508 185
497.715 104.411 60.508 179
497.716 104.415 60.509 183
497.718 104.418 60.509 178
497.719 104.422 60.510 170
497.720 104.425 60.510 166
497.722 104.428 60.511 166
497.723 104.432 60.511 167
497.725 104.435 60.512 163
497.725 104.441 60.513 166
497.727 104.444 60.513 165
497.728 104.447 60.513 171
497.729 104.454 60.514 172
497.730 104.457 60.515 179
497.731 104.462 60.516 186
497.732 104.468 60.517 188
497.733 104.472 60.517 187
497.734 104.477 60.518 190
497.735 104.480 60.518 189
497.740 104.473 60.517 190
497.742 104.473 60.517 186
497.743 104.479 60.518 185
497.744 104.482 60.518 188
497.746 104.485 60.519 184
497.747 104.488 60.519 182
497.748 104.493 60.520 185
497.750 104.497 60.520 189
497.751 104.502 60.521 189
497.752 104.507 60.522 192
497.753 104.510 60.522 199
497.754 104.515 60.523 200
497.755 104.521 60.524 214
497.756 104.525 60.524 231
497.758 104.528 60.525 251
497.759 104.532 60.525 251
497.761 104.533 60.526 249
497.764 104.531 60.525 223
497.765 104.536 60.526 180
497.766 104.541 60.527 165
497.768 104.543 60.527 162
497.769 104.547 60.527 160
497.771 104.548 60.528 157
497.773 104.551 60.528 155
497.775 104.553 60.528 150
497.768 104.586 60.534 112
497.523 105.509 60.691 108
497.526 105.510 60.691 111
497.527 105.515 60.692 111
497.530 105.516 60.692 110
497.533 105.515 60.691 109
497.535 105.518 60.692 107
497.539 105.514 60.691 110
497.540 105.518 60.692 108
497.542 105.524 60.692 113
497.546 105.518 60.691 112
497.550 105.516 60.691 111
497.555 105.507 60.689 87
497.564 105.485 60.685 84
496.694 108.818 61.252 105
496.707 108.784 61.246 144
496.709 108.793 61.248 190
496.714 108.793 61.247 234
496.718 108.795 61.248 244
496.722 108.794 61.247 228
496.724 108.805 61.249 160
496.728 108.808 61.249 238
496.732 108.811 61.250 214
496.734 108.818 61.251 180
496.738 108.823 61.251 187
496.740 108.828 61.252 218
496.744 108.831 61.252 251
496.748 108.833 61.252 235
496.754 108.828 61.251 233
496.758 108.829 61.251 220
496.762 108.831 61.251 235
496.767 108.832 61.251 218
496.771 108.832 61.251 219
496.776 108.832 61.251 229
496.780 108.833 61.251 230
496.784 108.833 61.251 234
496.789 108.834 61.251 229
496.792 108.839 61.252 222
496.796 108.840 61.252 224
496.800 108.843 61.252 221
496.804 108.845 61.252 219
496.808 108.844 61.252 210
496.812 108.848 61.252 188
496.816 108.852 61.253 202
496.819 108.855 61.253 231
496.822 108.862 61.254 178
496.825 108.868 61.255 232
496.829 108.873 61.256 186
496.831 108.881 61.257 215
496.835 108.881 61.257 248
496.840 108.882 61.257 238
496.844 108.884 61.257 228
496.848 108.884 61.257 195
496.850 108.895 61.258 164
496.853 108.901 61.259 163
496.856 108.907 61.260 184
496.860 108.910 61.260 219
496.864 108.912 61.260 246
496.868 108.914 61.261 236
496.873 108.915 61.261 228
496.877 108.915 61.260 233
496.881 108.917 61.261 238
496.885 108.918 61.261 235
496.890 108.917 61.260 226
496.894 108.917 61.260 225
496.899 108.918 61.260 232
496.903 108.917 61.260 228
496.908 108.917 61.260 233
496.912 108.918 61.260 233
496.917 108.919 61.260 224
496.921 108.918 61.259 224
496.926 108.919 61.259 226
496.930 108.920 61.259 216
496.931 108.935 61.262 182
496.934 108.942 61.263 226
496.940 108.933 61.261 199
496.945 108.931 61.260 190
496.949 108.934 61.261 150
496.952 108.943 61.262 135
497.978 104.513 60.514 98
497.979 104.518 60.514 104
497.982 104.518 60.514 83
497.997 104.502 60.511 92
498.000 104.498 60.510 110
498.003 104.495 60.510 124
498.005 104.497 60.510 128
498.008 104.493 60.509 127
498.010 104.492 60.509 124
498.013 104.492 60.509 116
498.017 104.485 60.508 135
498.018 104.489 60.508 148
498.021 104.489 60.508 154
498.023 104.487 60.508 141
498.026 104.486 60.508 135
498.028 104.488 60.508 138
498.028 104.496 60.509 121
498.030 104.499 60.510 106
498.182 103.812 60.394 102
496.973 109.384 61.332 121
496.976 109.387 61.333 161
496.981 109.386 61.332 195
496.985 109.387 61.332 206
496.991 109.386 61.332 215
496.995 109.388 61.332 207
497.000 109.387 61.332 208
497.005 109.388 61.332 208
497.009 109.386 61.331 208
497.014 109.388 61.331 208
497.019 109.386 61.331 215
497.023 109.387 61.331 214
496.148 108.937 61.291 206
496.152 108.938 61.291 210
496.157 108.939 61.291 202
496.162 108.936 61.291 200
496.166 108.940 61.291 201
496.171 108.939 61.291 201
496.176 108.939 61.290 214
496.180 108.939 61.290 207
496.185 108.938 61.290 205
496.189 108.939 61.290 202
496.194 108.939 61.289 208
496.199 108.940 61.289 200
496.204 108.939 61.289 193
496.208 108.941 61.289 176
496.213 108.939 61.288 146
497.280 105.518 60.700 117
497.284 105.513 60.700 112
497.288 105.510 60.699 111
497.290 105.512 60.699 111
497.295 105.507 60.698 108
497.296 105.512 60.699 111
497.300 105.510 60.698 110
497.301 105.514 60.699 110
497.305 105.512 60.698 111
497.308 105.513 60.698 112
497.310 105.515 60.699 111
497.314 105.512 60.698 113
497.316 105.515 60.698 113
497.320 105.510 60.697 103
497.320 105.520 60.699 82
497.321 105.526 60.700 95
496.291 108.944 61.285 123
496.297 108.941 61.285 176
496.301 108.941 61.285 194
496.306 108.940 61.284 192
496.310 108.940 61.284 195
496.314 108.944 61.284 180
496.319 108.943 61.284 160
496.321 108.953 61.286 151
496.107 109.687 61.411 141
497.707 104.327 60.493 157
497.704 104.347 60.496 201
497.705 104.351 60.497 185
497.706 104.354 60.497 175
497.707 104.359 60.498 174
497.709 104.361 60.498 175
497.710 104.365 60.499 174
497.711 104.370 60.500 173
497.712 104.372 60.500 174
497.713 104.378 60.501 178
497.714 104.383 60.502 179
497.714 104.389 60.503 176
497.713 104.404 60.505 181
497.714 104.407 60.505 185
497.715 104.412 60.506 183
497.717 104.414 60.506 180
497.717 104.420 60.507 178
497.719 104.421 60.507 173
497.721 104.423 60.508 166
497.722 104.428 60.508 165
497.723 104.433 60.509 165
497.724 104.436 60.510 161
497.725 104.440 60.510 168
497.727 104.444 60.511 163
497.728 104.447 60.511 167
497.729 104.454 60.512 167
497.730 104.456 60.512 175
497.731 104.462 60.513 183
497.732 104.468 60.514 183
497.733 104.473 60.515 184
497.734 104.478 60.516 188
497.735 104.482 60.516 188
497.740 104.472 60.515 185
497.742 104.474 60.515 183
497.744 104.475 60.515 184
497.745 104.481 60.516 182
497.746 104.484 60.516 185
497.747 104.489 60.517 183
497.749 104.492 60.517 182
497.750 104.496 60.518 186
497.750 104.503 60.519 187
497.752 104.506 60.519 187
497.753 104.511 60.520 190
497.754 104.515 60.521 193
497.755 104.520 60.521 201
497.756 104.525 60.522 221
497.758 104.528 60.523 248
497.759 104.532 60.523 251
497.761 104.532 60.523 248
497.764 104.532 60.523 206
497.764 104.539 60.524 169
497.766 104.542 60.524 163
497.767 104.546 60.525 160
497.769 104.548 60.525 159
497.771 104.549 60.525 157
497.773 104.551 60.526 155
497.773 104.559 60.527 140
497.524 105.492 60.685 106
497.522 105.512 60.688 111
497.524 105.517 60.689 108
497.530 105.505 60.687 110
497.551 105.436 60.675 109
497.752 104.694 60.549 116
497.542 105.490 60.684 106
497.538 105.517 60.689 109
497.540 105.520 60.689 108
497.543 105.521 60.689 110
497.547 105.516 60.688 110
497.550 105.515 60.688 110
497.554 105.509 60.687 86
497.562 105.494 60.684 81
496.694 108.818 61.248 105
496.707 108.786 61.242 142
496.710 108.791 61.243 187
496.714 108.793 61.243 229
496.718 108.793 61.243 225
496.722 108.794 61.243 216
496.724 108.805 61.244 161
496.727 108.810 61.245 250
496.731 108.812 61.245 218
496.734 108.818 61.246 180
496.737 108.824 61.247 187
496.740 108.828 61.247 210
496.744 108.831 61.248 249
496.749 108.832 61.248 224
496.754 108.830 61.247 226
496.757 108.833 61.247 219
496.762 108.834 61.247 215
496.767 108.833 61.247 231
496.771 108.832 61.247 231
496.775 108.833 61.247 243
496.780 108.834 61.247 229
496.784 108.835 61.247 227
496.788 108.838 61.247 225
496.792 108.839 61.247 209
496.796 108.839 61.247 205
496.800 108.840 61.247 205
496.805 108.841 61.247 206
496.808 108.846 61.248 217
496.812 108.850 61.248 208
496.815 108.853 61.248 218
496.820 108.854 61.248 238
496.823 108.860 61.249 178
496.825 108.868 61.250 240
496.829 108.871 61.251 185
496.831 108.881 61.252 214
496.835 108.882 61.252 251
496.840 108.882 61.252 238
496.844 108.882 61.252 231
496.848 108.884 61.252 199
496.850 108.894 61.254 160
496.853 108.903 61.255 165
496.856 108.906 61.255 187
496.860 108.910 61.256 223
496.864 108.912 61.256 240
496.868 108.914 61.256 246
496.873 108.914 61.256 239
496.876 108.917 61.256 233
496.881 108.916 61.256 232
496.885 108.918 61.256 234
496.890 108.917 61.256 233
496.894 108.917 61.256 224
496.899 108.918 61.255 222
496.903 108.918 61.255 225
496.908 108.918 61.255 232
496.912 108.917 61.255 224
496.917 108.918 61.255 224
496.921 108.919 61.255 220
496.926 108.919 61.255 215
496.930 108.919 61.255 210
496.930 108.937 61.257 183
496.934 108.938 61.257 208
496.941 108.931 61.256 207
496.946 108.930 61.256 197
496.949 108.934 61.256 152
496.953 108.937 61.256 134
497.977 104.516 60.512 99
497.979 104.517 60.512 102
497.981 104.520 60.512 82
497.998 104.497 60.508 98
498.000 104.497 60.508 121
498.002 104.498 60.508 129
498.006 104.494 60.507 126
498.008 104.493 60.507 128
498.010 104.492 60.507 130
498.013 104.492 60.507 126
498.016 104.489 60.506 126
498.018 104.491 60.506 137
498.020 104.491 60.506 140
498.023 104.486 60.505 136
498.025 104.488 60.506 134
498.027 104.489 60.506 137
498.028 104.496 60.507 115
498.029 104.501 60.508 112
498.182 103.811 60.392 106
496.973 109.384 61.327 125
496.977 109.386 61.328 167
496.981 109.386 61.327 192
496.986 109.386 61.327 203
496.991 109.386 61.327 209
496.995 109.387 61.327 210
497.000 109.387 61.327 211
497.005 109.386 61.327 204
497.009 109.388 61.327 207
497.014 109.386 61.326 203
497.018 109.388 61.327 206
497.023 109.388 61.326 213
496.148 108.937 61.287 214
496.152 108.937 61.287 202
496.157 108.938 61.286 205
496.161 108.938 61.286 206
496.166 108.940 61.286 197
496.171 108.939 61.286 206
496.175 108.939 61.286 204
496.180 108.939 61.285 200
496.185 108.938 61.285 206
496.190 108.939 61.285 198
496.194 108.939 61.285 205
496.199 108.940 61.285 204
496.204 108.939 61.284 196
496.208 108.939 61.284 168
496.213 108.940 61.284 146
497.279 105.519 60.698 115
497.283 105.517 60.697 114
497.286 105.515 60.697 113
497.290 105.514 60.696 111
497.293 105.512 60.696 111
497.296 105.513 60.696 113
497.299 105.513 60.696 111
497.302 105.513 60.696 109
497.305 105.511 60.695 112
497.308 105.512 60.695 113
497.311 105.510 60.695 109
497.314 105.512 60.695 111
497.317 105.510 60.695 114
497.319 105.512 60.695 100
497.318 105.527 60.697 85
497.318 105.535 60.698 93
496.291 108.943 61.281 123
496.297 108.942 61.280 175
496.301 108.941 61.280 192
496.305 108.941 61.280 198
496.310 108.942 61.280 193
496.315 108.943 61.280 189
496.319 108.943 61.279 166
496.323 108.947 61.280 154
496.322 108.966 61.283 143
497.711 104.315 60.489 157
497.704 104.345 60.494 213
497.705 104.351 60.495 179
497.706 104.354 60.495 172
497.708 104.357 60.495 174
497.709 104.360 60.496 173
497.710 104.365 60.497 173
497.711 104.370 60.497 177
497.712 104.374 60.498 177
497.713 104.378 60.499 179
497.714 104.383 60.499 172
497.715 104.387 60.500 177
497.712 104.405 60.503 183
497.714 104.407 60.503 184
497.715 104.412 60.504 186
497.716 104.415 60.504 180
497.718 104.419 60.505 174
497.719 104.422 60.505 172
497.721 104.424 60.505 165
497.721 104.430 60.506 163
497.723 104.432 60.507 163
497.725 104.435 60.507 163
497.725 104.442 60.508 164
497.726 104.445 60.509 165
497.728 104.448 60.509 170
497.729 104.453 60.510 169
497.730 104.459 60.510 173
497.731 104.464 60.511 181
497.732 104.468 60.512 182
497.733 104.472 60.512 183
497.734 104.477 60.513 188
497.735 104.481 60.514 190
497.740 104.473 60.512 185
497.742 104.473 60.512 181
497.744 104.476 60.513 183
497.745 104.481 60.513 180
497.746 104.485 60.514 178
497.747 104.489 60.514 176
497.748 104.493 60.515 176
497.750 104.496 60.515 186
497.751 104.501 60.516 185
497.753 104.504 60.517 186
497.753 104.510 60.518 190
497.754 104.515 60.518 194
497.756 104.518 60.519 199
497.757 104.523 60.519 214
497.758 104.527 60.520 244
497.759 104.532 60.521 251
497.762 104.531 60.521 244
497.763 104.534 60.521 192
497.763 104.542 60.522 168
497.766 104.543 60.522 164
497.767 104.547 60.523 161
497.769 104.547 60.523 160
497.771 104.551 60.523 156
497.772 104.554 60.524 150
497.761 104.606 60.532 108
497.521 105.504 60.684 108
497.526 105.497 60.683 108
497.527 105.507 60.685 106
497.535 105.487 60.681 106
497.760 104.654 60.540 131
497.764 104.646 60.539 154
497.757 104.681 60.544 112
497.539 105.512 60.685 105
497.541 105.516 60.685 106
497.544 105.518 60.686 110
497.547 105.515 60.685 111
497.550 105.517 60.685 109
497.555 105.506 60.683 87
497.785 104.650 60.538 114
497.970 103.954 60.421 145
496.711 108.788 61.238 165
496.714 108.793 61.238 217
496.718 108.794 61.238 225
496.722 108.794 61.238 216
496.724 108.805 61.240 159
496.727 108.810 61.241 247
496.731 108.812 61.241 212
496.734 108.818 61.242 173
496.737 108.824 61.242 192
496.740 108.829 61.243 192
496.744 108.833 61.243 242
496.748 108.835 61.244 243
496.752 108.836 61.244 238
496.756 108.839 61.244 251
496.760 108.839 61.244 239
496.766 108.836 61.243 214
496.771 108.832 61.242 224
496.775 108.833 61.242 235
496.779 108.835 61.242 223
496.784 108.835 61.242 207
496.788 108.838 61.243 205
496.793 108.835 61.242 213
496.797 108.837 61.242 219
496.801 108.839 61.242 215
496.805 108.841 61.242 199
496.809 108.842 61.242 216
496.812 108.848 61.243 186
496.815 108.854 61.244 199
496.819 108.855 61.244 238
496.822 108.861 61.245 176
496.825 108.868 61.246 241
496.829 108.872 61.246 186
496.832 108.879 61.247 211
496.835 108.882 61.248 250
496.840 108.882 61.247 236
496.844 108.882 61.247 241
496.848 108.885 61.248 189
496.850 108.894 61.249 159
496.852 108.903 61.250 166
496.856 108.906 61.251 188
496.860 108.910 61.251 221
496.865 108.911 61.251 239
496.868 108.913 61.251 247
496.873 108.914 61.251 241
496.877 108.916 61.251 244
496.881 108.917 61.252 243
496.885 108.917 61.251 240
496.890 108.917 61.251 230
496.894 108.917 61.251 228
496.899 108.918 61.251 223
496.903 108.919 61.251 227
496.908 108.918 61.251 224
496.912 108.918 61.251 226
496.917 108.918 61.250 228
496.921 108.918 61.250 223
496.926 108.919 61.250 222
496.929 108.921 61.250 216
496.930 108.937 61.253 177
496.934 108.941 61.253 234
496.940 108.933 61.252 209
496.945 108.932 61.251 193
496.949 108.936 61.252 153
496.952 108.939 61.252 136
496.960 108.928 61.250 81
497.977 104.518 60.510 99
497.979 104.518 60.510 104
497.995 104.500 60.506 86
497.998 104.496 60.506 111
498.000 104.497 60.506 128
498.002 104.498 60.506 128
498.005 104.496 60.505 127
498.008 104.494 60.505 127
498.010 104.494 60.505 130
498.013 104.493 60.505 130
498.016 104.490 60.504 131
498.018 104.491 60.504 133
498.020 104.491 60.504 138
498.023 104.487 60.503 133
498.024 104.492 60.504 132
498.028 104.487 60.503 136
498.028 104.496 60.505 105
498.030 104.500 60.505 98
496.818 110.070 61.438 100
496.972 109.387 61.323 140
496.977 109.385 61.323 176
496.981 109.387 61.323 201
496.985 109.387 61.323 207
496.991 109.386 61.322 216
496.995 109.387 61.322 212
497.000 109.386 61.322 206
497.005 109.386 61.322 207
497.009 109.388 61.322 205
497.014 109.387 61.322 210
497.019 109.387 61.322 212
497.023 109.387 61.321 207
496.148 108.938 61.282 205
496.152 108.938 61.282 212
496.157 108.938 61.282 205
496.161 108.938 61.282 207
496.166 108.940 61.282 205
496.171 108.938 61.281 208
496.176 108.938 61.281 205
496.180 108.938 61.281 203
496.185 108.938 61.280 195
496.189 108.941 61.281 202
496.194 108.938 61.280 205
496.198 108.941 61.280 207
496.204 108.939 61.280 199
496.208 108.940 61.280 170
496.213 108.939 61.279 146
497.280 105.516 60.694 117
497.284 105.512 60.694 114
497.287 105.511 60.693 111
497.290 105.514 60.694 111
497.293 105.512 60.693 110
497.295 105.514 60.693 111
497.299 105.511 60.693 110
497.301 105.515 60.693 112
497.305 105.513 60.693 113
497.308 105.512 60.692 113
497.311 105.510 60.692 110
497.314 105.511 60.692 110
497.317 105.512 60.692 114
497.318 105.516 60.692 102
497.320 105.520 60.693 82
497.318 105.537 60.696 94
496.291 108.945 61.276 122
496.297 108.942 61.276 173
496.301 108.942 61.276 201
496.305 108.941 61.275 195
496.310 108.943 61.275 207
496.315 108.942 61.275 190
496.319 108.943 61.275 184
496.324 108.945 61.275 157
496.325 108.956 61.277 147
497.917 103.621 60.368 154
497.704 104.344 60.491 209
497.705 104.348 60.492 178
497.706 104.355 60.493 172
497.707 104.358 60.493 179
497.709 104.360 60.494 171
497.710 104.365 60.494 167
497.711 104.370 60.495 175
497.712 104.372 60.495 169
497.713 104.378 60.496 173
497.715 104.381 60.497 176
497.715 104.386 60.497 177
497.712 104.405 60.501 183
497.714 104.408 60.501 176
497.715 104.410 60.501 181
497.716 104.417 60.502 180
497.718 104.419 60.502 173
497.719 104.423 60.503 170
497.720 104.426 60.503 163
497.721 104.430 60.504 164
497.723 104.432 60.504 164
497.724 104.437 60.505 163
497.725 104.443 60.506 168
497.727 104.444 60.506 165
497.728 104.449 60.507 164
497.729 104.453 60.507 166
497.730 104.459 60.508 169
497.731 104.463 60.509 179
497.732 104.469 60.510 184
497.733 104.473 60.510 185
497.733 104.479 60.511 184
497.735 104.482 60.512 186
497.740 104.472 60.510 182
497.743 104.472 60.510 175
497.744 104.475 60.510 176
497.745 104.480 60.511 173
497.746 104.485 60.512 176
497.747 104.489 60.512 177
497.749 104.491 60.512 181
497.750 104.496 60.513 181
497.751 104.503 60.514 183
497.752 104.504 60.514 185
497.753 104.510 60.515 189
497.754 104.514 60.516 189
497.755 104.519 60.517 193
497.757 104.522 60.517 210
497.758 104.528 60.518 242
497.759 104.532 60.518 251
497.762 104.530 60.518 249
497.763 104.535 60.519 196
497.764 104.539 60.519 184
497.766 104.543 60.520 174
497.767 104.546 60.520 166
497.769 104.549 60.521 162
497.770 104.553 60.521 156
497.772 104.555 60.521 146
497.533 105.451 60.673 102
497.746 104.668 60.540 108
497.757 104.636 60.535 138
497.756 104.651 60.537 112
497.738 104.728 60.550 99
497.762 104.646 60.536 123
497.765 104.643 60.536 141
497.760 104.673 60.541 109
497.548 105.478 60.676 105
497.551 105.479 60.676 104
497.557 105.468 60.674 105
497.559 105.469 60.674 103
497.554 105.501 60.680 105
497.770 104.690 60.543 92
497.789 104.637 60.534 121
497.793 104.631 60.533 145
497.971 103.958 60.419 150
496.714 108.792 61.234 191
496.718 108.793 61.234 205
496.722 108.794 61.234 214
496.724 108.806 61.236 160
496.727 108.810 61.236 241
496.732 108.810 61.236 215
496.734 108.819 61.237 173
496.738 108.822 61.237 203
496.741 108.826 61.238 192
496.744 108.833 61.239 234
496.748 108.834 61.239 247
496.752 108.836 61.239 247
496.756 108.838 61.239 250
496.760 108.839 61.239 251
496.766 108.836 61.239 217
496.771 108.833 61.238 231
496.775 108.835 61.238 217
496.780 108.833 61.238 211
496.784 108.833 61.237 215
496.789 108.834 61.237 216
496.793 108.835 61.237 232
496.797 108.836 61.237 221
496.801 108.837 61.237 216
496.805 108.839 61.238 196
496.809 108.844 61.238 194
496.812 108.849 61.239 196
496.816 108.850 61.239 198
496.819 108.855 61.240 220
496.822 108.861 61.240 170
496.825 108.868 61.241 236
496.829 108.873 61.242 189
496.831 108.880 61.243 214
496.835 108.883 61.243 247
496.840 108.882 61.243 234
496.845 108.882 61.243 229
496.848 108.884 61.243 190
496.850 108.896 61.245 156
496.853 108.902 61.246 165
496.856 108.907 61.246 186
496.860 108.910 61.247 228
496.864 108.913 61.247 238
496.868 108.913 61.247 236
496.872 108.915 61.247 249
496.877 108.916 61.247 236
496.881 108.916 61.247 242
496.885 108.918 61.247 238
496.890 108.917 61.247 231
496.894 108.917 61.246 225
496.899 108.918 61.246 233
496.903 108.917 61.246 224
496.907 108.919 61.246 234
496.912 108.918 61.246 224
496.916 108.919 61.246 231
496.921 108.919 61.246 223
496.926 108.917 61.245 219
496.929 108.920 61.246 215
496.930 108.940 61.249 182
496.932 108.947 61.250 252
496.938 108.943 61.249 218
496.944 108.937 61.248 187
496.948 108.940 61.248 156
496.952 108.941 61.248 143
496.964 108.910 61.243 84
497.975 104.525 60.509 94
497.978 104.521 60.508 103
497.979 104.528 60.509 80
497.996 104.498 60.504 115
497.998 104.497 60.503 124
498.000 104.497 60.503 129
498.002 104.498 60.503 130
498.005 104.497 60.503 133
498.007 104.496 60.503 130
498.010 104.495 60.503 129
498.012 104.494 60.502 130
498.015 104.493 60.502 131
498.018 104.490 60.502 132
498.021 104.489 60.501 135
498.022 104.493 60.502 134
498.025 104.489 60.501 131
498.028 104.487 60.501 138
498.029 104.494 60.502 105
498.179 103.817 60.389 81
496.968 109.380 61.317 107
496.972 109.385 61.318 154
496.977 109.386 61.318 187
496.981 109.385 61.318 207
496.985 109.387 61.318 215
496.991 109.386 61.318 211
496.995 109.386 61.318 209
497.000 109.385 61.317 209
497.005 109.386 61.317 208
497.009 109.388 61.317 215
497.014 109.388 61.317 211
497.019 109.388 61.317 208
497.023 109.387 61.317 206
496.148 108.937 61.278 207
496.152 108.938 61.277 212
496.157 108.938 61.277 205
496.161 108.940 61.277 209
496.166 108.938 61.277 203
496.170 108.940 61.277 214
496.175 108.939 61.276 208
496.180 108.939 61.276 203
496.185 108.938 61.276 197
496.189 108.939 61.276 206
496.194 108.940 61.276 212
496.199 108.939 61.275 209
496.203 108.940 61.275 199
496.208 108.939 61.275 174
496.213 108.939 61.275 145
497.279 105.519 60.692 116
497.284 105.513 60.691 115
497.287 105.512 60.690 115
497.292 105.505 60.689 110
497.293 105.513 60.690 110
497.296 105.511 60.690 111
497.299 105.512 60.690 110
497.301 105.515 60.690 111
497.304 105.514 60.690 115
497.307 105.514 60.690 113
497.311 105.511 60.689 111
497.313 105.514 60.690 109
497.316 105.515 60.690 110
497.317 105.520 60.690 102
497.320 105.520 60.690 86
497.319 105.533 60.692 91
496.293 108.938 61.271 122
496.297 108.942 61.271 176
496.301 108.941 61.271 199
496.305 108.942 61.271 199
496.310 108.941 61.270 200
496.315 108.941 61.270 195
496.319 108.943 61.270 190
496.324 108.945 61.270 162
496.324 108.958 61.272 150
497.921 103.609 60.364 152
497.704 104.344 60.489 213
497.706 104.347 60.489 178
497.706 104.353 60.490 171
497.708 104.357 60.491 172
497.709 104.360 60.491 171
497.710 104.366 60.492 168
497.711 104.370 60.493 175
497.712 104.373 60.493 172
497.714 104.375 60.493 172
497.714 104.382 60.495 176
497.715 104.388 60.495 174
497.712 104.406 60.498 177
497.714 104.408 60.499 178
497.715 104.411 60.499 179
497.716 104.417 60.500 181
497.718 104.419 60.500 173
497.719 104.421 60.500 171
497.720 104.426 60.501 165
497.721 104.430 60.502 164
497.723 104.433 60.502 162
497.724 104.437 60.503 164
497.725 104.441 60.503 166
497.726 104.445 60.504 164
497.728 104.448 60.504 161
497.729 104.453 60.505 165
497.730 104.458 60.506 174
497.731 104.464 60.507 178
497.732 104.468 60.507 185
497.733 104.472 60.508 185
497.734 104.477 60.508 181
497.736 104.480 60.509 186
497.740 104.473 60.508 185
497.742 104.472 60.507 179
497.744 104.476 60.508 177
497.745 104.479 60.508 174
497.746 104.484 60.509 175
497.748 104.487 60.510 176
497.749 104.491 60.510 176
497.750 104.495 60.511 175
497.751 104.501 60.511 178
497.752 104.506 60.512 184
497.753 104.510 60.513 186
497.754 104.514 60.513 186
497.756 104.519 60.514 190
497.757 104.524 60.515 203
497.758 104.528 60.515 233
497.759 104.532 60.516 250
497.762 104.531 60.516 223
497.763 104.536 60.517 186
497.763 104.542 60.517 181
497.766 104.543 60.517 185
497.767 104.546 60.518 184
497.769 104.549 60.518 172
497.771 104.551 60.518 167
497.772 104.553 60.519 151
497.749 104.650 60.535 96
497.756 104.631 60.532 117
497.759 104.630 60.531 144
497.760 104.634 60.532 124
497.764 104.627 60.531 112
497.767 104.626 60.530 108
497.769 104.629 60.531 99
497.768 104.640 60.533 102
497.771 104.641 60.533 111
497.772 104.644 60.533 112
497.777 104.635 60.531 110
497.778 104.639 60.532 108
497.781 104.639 60.532 113
497.785 104.631 60.531 119
497.788 104.629 60.530 121
497.791 104.627 60.530 145
497.793 104.628 60.530 147
497.793 104.638 60.531 146
496.715 108.789 61.229 168
496.718 108.793 61.229 188
496.722 108.794 61.229 197
496.723 108.808 61.231 159
496.727 108.811 61.232 239
496.731 108.811 61.232 208
496.734 108.817 61.232 180
496.738 108.821 61.233 220
496.741 108.824 61.233 199
496.744 108.832 61.234 203
496.748 108.835 61.235 242
496.752 108.836 61.235 245
496.756 108.838 61.235 245
496.760 108.839 61.235 251
496.766 108.836 61.234 216
496.771 108.833 61.233 224
496.775 108.832 61.233 219
496.780 108.833 61.233 218
496.784 108.835 61.233 217
496.788 108.836 61.233 225
496.792 108.838 61.233 211
496.797 108.837 61.233 215
496.801 108.839 61.233 209
496.804 108.843 61.234 185
496.807 108.849 61.234 194
496.811 108.851 61.235 220
496.815 108.854 61.235 231
496.819 108.855 61.235 220
496.822 108.862 61.236 176
496.825 108.867 61.237 248
496.829 108.871 61.237 189
496.831 108.881 61.239 206
496.835 108.882 61.239 243
496.840 108.880 61.238 237
496.845 108.880 61.238 231
496.848 108.884 61.239 192
496.850 108.896 61.240 157
496.853 108.900 61.241 166
496.856 108.906 61.242 186
496.860 108.910 61.242 221
496.864 108.912 61.242 231
496.868 108.913 61.242 235
496.873 108.915 61.242 238
496.877 108.915 61.242 232
496.881 108.916 61.242 249
496.886 108.916 61.242 227
496.890 108.917 61.242 236
496.894 108.916 61.242 229
496.899 108.917 61.242 233
496.903 108.918 61.242 227
496.908 108.918 61.242 227
496.912 108.917 61.241 233
496.917 108.918 61.241 227
496.921 108.918 61.241 229
496.926 108.919 61.241 223
496.930 108.919 61.241 211
496.930 108.941 61.244 179
496.933 108.946 61.245 252
496.939 108.940 61.244 201
496.944 108.937 61.243 165
496.947 108.941 61.244 150
496.952 108.942 61.244 144
496.959 108.928 61.241 85
497.976 104.521 60.506 100
497.979 104.517 60.505 102
497.981 104.519 60.505 81
497.992 104.501 60.502 106
497.995 104.500 60.502 125
497.998 104.498 60.501 129
498.000 104.499 60.501 130
498.003 104.496 60.501 131
498.005 104.496 60.501 132
498.007 104.497 60.501 129
498.010 104.495 60.500 129
498.012 104.495 60.500 130
498.015 104.491 60.500 131
498.017 104.492 60.500 133
498.020 104.491 60.499 133
498.023 104.489 60.499 132
498.025 104.488 60.499 134
498.028 104.486 60.498 140
498.028 104.498 60.500 104
496.966 109.369 61.311 98
496.969 109.378 61.312 135
496.973 109.384 61.313 176
496.976 109.387 61.313 197
496.981 109.385 61.313 210
496.986 109.387 61.313 212
496.990 109.388 61.313 213
496.995 109.386 61.313 216
497.000 109.387 61.313 202
497.005 109.387 61.313 205
497.009 109.388 61.313 202
497.014 109.388 61.312 200
497.019 109.386 61.312 203
497.023 109.388 61.312 209
496.148 108.937 61.273 203
496.153 108.936 61.272 207
496.157 108.938 61.273 211
496.161 108.938 61.272 203
496.166 108.938 61.272 196
496.171 108.938 61.272 208
496.176 108.938 61.272 201
496.180 108.940 61.272 194
496.185 108.938 61.271 198
496.190 108.938 61.271 204
496.194 108.939 61.271 204
496.199 108.939 61.271 212
496.203 108.940 61.271 200
496.208 108.939 61.270 174
496.214 108.937 61.270 147
497.279 105.519 60.689 115
497.283 105.515 60.688 113
497.285 105.518 60.689 114
497.291 105.510 60.687 113
497.295 105.507 60.687 110
497.296 105.513 60.687 109
497.301 105.507 60.686 111
497.302 105.512 60.687 111
497.305 105.513 60.687 112
497.309 105.508 60.686 113
497.311 105.511 60.686 112
497.313 105.515 60.687 113
497.315 105.517 60.687 112
497.319 105.512 60.686 102
497.320 105.520 60.687 92
497.319 105.531 60.689 95
496.291 108.943 61.267 123
496.296 108.943 61.267 175
496.301 108.942 61.266 209
496.305 108.942 61.266 194
496.310 108.941 61.266 193
496.315 108.941 61.265 193
496.319 108.943 61.266 191
496.324 108.944 61.265 163
496.326 108.953 61.267 151
497.922 103.605 60.362 152
497.704 104.345 60.487 214
497.706 104.348 60.487 180
497.706 104.355 60.488 172
497.708 104.356 60.488 168
497.709 104.361 60.489 165
497.710 104.365 60.490 170
497.711 104.369 60.490 173
497.712 104.372 60.491 168
497.713 104.377 60.491 173
497.714 104.382 60.492 182
497.715 104.387 60.493 178
497.712 104.407 60.496 179
497.713 104.408 60.496 175
497.715 104.412 60.497 175
497.716 104.416 60.497 179
497.718 104.419 60.498 173
497.719 104.422 60.498 169
497.720 104.425 60.499 165
497.721 104.430 60.499 165
497.723 104.433 60.500 162
497.724 104.437 60.500 161
497.725 104.441 60.501 165
497.727 104.445 60.501 163
497.728 104.447 60.502 162
497.729 104.453 60.503 166
497.730 104.459 60.503 169
497.731 104.463 60.504 179
497.732 104.468 60.505 176
497.733 104.473 60.506 181
497.734 104.477 60.506 181
497.735 104.480 60.507 184
497.740 104.473 60.505 181
497.742 104.473 60.505 181
497.744 104.475 60.505 180
497.745 104.480 60.506 179
497.746 104.484 60.507 181
497.748 104.487 60.507 180
497.749 104.492 60.508 176
497.750 104.495 60.508 176
497.751 104.502 60.509 178
497.752 104.505 60.510 176
497.754 104.508 60.510 179
497.755 104.513 60.511 184
497.756 104.517 60.511 189
497.757 104.523 60.512 197
497.758 104.527 60.513 222
497.759 104.531 60.514 243
497.762 104.531 60.513 216
497.762 104.540 60.515 176
497.763 104.544 60.515 167
497.765 104.546 60.516 168
497.766 104.550 60.516 165
497.768 104.552 60.516 165
497.770 104.554 60.517 163
497.771 104.557 60.517 139
497.760 104.608 60.525 101
497.757 104.628 60.529 111
497.759 104.631 60.529 144
497.761 104.632 60.529 124
497.765 104.624 60.528 105
497.769 104.619 60.527 98
497.770 104.627 60.528 98
497.772 104.628 60.528 107
497.772 104.635 60.529 112
497.775 104.631 60.528 106
497.780 104.624 60.527 107
497.780 104.634 60.529 115
497.784 104.625 60.527 110
497.787 104.625 60.527 126
497.789 104.625 60.527 126
497.792 104.625 60.527 150
497.794 104.627 60.527 149
497.795 104.631 60.528 143
497.974 103.954 60.414 145
496.720 108.788 61.224 155
496.723 108.793 61.225 169
496.724 108.806 61.227 155
496.727 108.811 61.227 232
496.732 108.811 61.227 211
496.734 108.818 61.228 172
496.738 108.821 61.228 229
496.742 108.823 61.229 217
496.746 108.827 61.229 192
496.748 108.833 61.230 194
496.752 108.837 61.230 237
496.756 108.837 61.230 236
496.761 108.838 61.230 250
496.765 108.838 61.230 211
496.771 108.835 61.229 217
496.774 108.838 61.230 216
496.778 108.842 61.230 217
496.783 108.839 61.229 195
496.787 108.841 61.230 206
496.791 108.844 61.230 228
496.795 108.844 61.230 214
496.800 108.841 61.229 219
496.805 108.841 61.229 196
496.808 108.844 61.229 192
496.812 108.850 61.230 183
496.815 108.854 61.230 213
496.819 108.855 61.230 223
496.822 108.861 61.231 177
496.825 108.867 61.232 239
496.829 108.872 61.233 183
496.831 108.882 61.234 214
496.835 108.882 61.234 248
496.840 108.882 61.234 234
496.845 108.881 61.234 219
496.848 108.885 61.234 185
496.850 108.896 61.236 157
496.853 108.901 61.236 171
496.856 108.907 61.237 192
496.860 108.910 61.238 225
496.864 108.912 61.238 232
496.869 108.912 61.238 236
496.873 108.915 61.238 232
496.877 108.915 61.238 244
496.881 108.916 61.238 235
496.886 108.917 61.238 233
496.890 108.918 61.238 222
496.895 108.916 61.237 224
496.899 108.918 61.237 225
496.903 108.917 61.237 224
496.908 108.917 61.237 225
496.912 108.917 61.237 227
496.917 108.919 61.237 223
496.921 108.917 61.236 230
496.926 108.918 61.236 223
496.929 108.921 61.237 215
496.930 108.940 61.240 182
496.933 108.943 61.240 215
496.941 108.931 61.238 196
496.945 108.932 61.238 189
496.949 108.936 61.238 155
496.952 108.939 61.239 134
497.976 104.520 60.503 98
497.980 104.515 60.502 103
497.982 104.517 60.502 80
497.990 104.502 60.500 99
497.993 104.499 60.499 122
497.995 104.498 60.499 127
497.997 104.499 60.499 130
498.000 104.497 60.499 129
498.002 104.497 60.499 129
498.005 104.495 60.498 129
498.008 104.492 60.498 130
498.011 104.489 60.497 129
498.013 104.493 60.498 133
498.015 104.493 60.498 131
498.017 104.492 60.497 131
498.020 104.490 60.497 131
498.022 104.491 60.497 131
498.025 104.488 60.496 132
498.028 104.486 60.496 142
498.333 103.104 60.266 111
496.966 109.370 61.306 126
496.969 109.376 61.307 145
496.973 109.383 61.308 184
496.977 109.385 61.308 214
496.981 109.385 61.308 206
496.986 109.386 61.308 207
496.991 109.386 61.308 207
496.995 109.387 61.308 213
497.000 109.387 61.308 205
497.005 109.388 61.308 198
497.009 109.388 61.308 201
497.014 109.388 61.308 208
497.018 109.388 61.308 205
497.023 109.388 61.307 207
496.148 108.937 61.268 202
496.152 108.937 61.268 208
496.157 108.937 61.268 211
496.162 108.937 61.267 204
496.166 108.938 61.267 206
496.171 108.937 61.267 205
496.176 108.936 61.267 207
496.180 108.939 61.267 200
496.185 108.938 61.266 202
496.190 108.938 61.266 206
496.194 108.941 61.266 203
496.199 108.939 61.266 199
496.203 108.941 61.266 194
496.208 108.940 61.266 168
496.214 108.937 61.265 145
497.278 105.522 60.687 117
497.284 105.514 60.685 115
497.287 105.513 60.685 115
497.290 105.513 60.685 112
497.293 105.514 60.685 111
497.296 105.513 60.684 108
497.299 105.512 60.684 112
497.302 105.512 60.684 111
497.305 105.512 60.684 111
497.307 105.513 60.684 112
497.310 105.515 60.684 113
497.314 105.512 60.683 111
497.317 105.511 60.683 115
497.318 105.515 60.684 102
497.319 105.524 60.685 85
497.319 105.531 60.686 93
496.292 108.941 61.262 123
496.297 108.941 61.262 171
496.301 108.940 61.261 203
496.305 108.941 61.261 195
496.310 108.942 61.261 202
496.315 108.942 61.261 193
496.319 108.943 61.261 192
496.324 108.943 61.261 163
496.326 108.952 61.262 153
497.921 103.607 60.360 153
497.704 104.345 60.485 216
497.706 104.348 60.485 170
497.707 104.352 60.486 173
497.707 104.358 60.486 169
497.709 104.361 60.487 170
497.710 104.365 60.487 169
497.711 104.369 60.488 171
497.712 104.372 60.488 174
497.714 104.376 60.489 174
497.714 104.382 60.490 179
497.715 104.387 60.491 178
497.712 104.406 60.494 187
497.713 104.409 60.494 180
497.715 104.413 60.495 177
497.716 104.415 60.495 184
497.717 104.421 60.496 175
497.719 104.422 60.496 166
497.720 104.426 60.496 162
497.721 104.430 60.497 165
497.723 104.433 60.497 161
497.724 104.436 60.498 162
497.725 104.441 60.498 164
497.726 104.446 60.499 162
497.728 104.448 60.499 161
497.729 104.453 60.500 162
497.729 104.460 60.501 170
497.731 104.464 60.502 181
497.732 104.468 60.502 173
497.733 104.473 60.503 178
497.734 104.477 60.504 176
497.735 104.481 60.504 185
497.740 104.471 60.503 180
497.743 104.472 60.503 177
497.744 104.475 60.503 172
497.745 104.480 60.504 180
497.747 104.483 60.504 175
497.747 104.488 60.505 172
497.749 104.492 60.505 172
497.750 104.496 60.506 173
497.751 104.500 60.507 182
497.753 104.504 60.507 180
497.754 104.508 60.508 179
497.754 104.514 60.509 183
497.756 104.518 60.509 187
497.757 104.522 60.510 193
497.758 104.526 60.510 218
497.759 104.531 60.511 243
497.761 104.532 60.511 210
497.762 104.539 60.512 172
497.763 104.544 60.513 164
497.765 104.546 60.513 167
497.766 104.550 60.514 166
497.768 104.552 60.514 170
497.769 104.555 60.514 173
497.771 104.557 60.515 144
497.767 104.584 60.519 102
497.759 104.621 60.525 109
497.759 104.629 60.526 147
497.763 104.625 60.526 123
497.769 104.621 60.525 92
497.773 104.615 60.524 94
497.773 104.622 60.525 99
497.774 104.626 60.525 101
497.778 104.621 60.524 98
497.779 104.628 60.525 109
497.781 104.630 60.526 129
497.785 104.623 60.524 112
497.788 104.620 60.524 116
497.794 104.609 60.522 112
497.793 104.620 60.524 140
497.795 104.622 60.524 145
497.795 104.631 60.525 141
497.796 104.636 60.526 139
497.799 104.633 60.525 142
496.369 110.158 61.448 145
496.724 108.803 61.222 150
496.728 108.809 61.222 205
496.731 108.811 61.223 191
496.734 108.818 61.224 170
496.738 108.822 61.224 220
496.741 108.825 61.224 234
496.746 108.826 61.224 203
496.749 108.830 61.225 190
496.752 108.836 61.226 187
496.756 108.837 61.226 209
496.760 108.840 61.226 242
496.765 108.839 61.226 223
496.769 108.840 61.226 249
496.773 108.843 61.226 251
496.777 108.844 61.226 250
496.782 108.843 61.226 242
496.786 108.845 61.226 242
496.790 108.847 61.226 249
496.795 108.846 61.225 223
496.800 108.840 61.224 218
496.805 108.841 61.224 216
496.808 108.845 61.225 204
496.813 108.845 61.225 194
496.815 108.852 61.226 199
496.820 108.854 61.226 215
496.822 108.863 61.227 172
496.825 108.868 61.228 237
496.829 108.871 61.228 185
496.831 108.879 61.229 216
496.835 108.882 61.230 249
496.840 108.881 61.229 235
496.845 108.882 61.229 228
496.848 108.884 61.229 191
496.850 108.896 61.231 157
496.853 108.902 61.232 168
496.856 108.906 61.233 191
496.860 108.910 61.233 227
496.864 108.912 61.233 230
496.869 108.913 61.233 240
496.872 108.916 61.233 236
496.877 108.914 61.233 232
496.881 108.918 61.234 241
496.885 108.917 61.233 233
496.890 108.916 61.233 230
496.894 108.916 61.233 231
496.899 108.917 61.233 233
496.903 108.918 61.233 221
496.908 108.916 61.232 223
496.912 108.917 61.232 223
496.917 108.918 61.232 218
496.921 108.918 61.232 223
496.925 108.920 61.232 229
496.930 108.920 61.232 215
496.930 108.938 61.235 186
496.934 108.939 61.235 215
496.940 108.933 61.234 218
496.945 108.931 61.233 198
496.949 108.935 61.234 156
496.953 108.939 61.234 137
497.976 104.521 60.501 98
497.981 104.511 60.499 102
497.983 104.513 60.499 87
497.987 104.506 60.498 98
497.991 104.499 60.497 118
497.993 104.499 60.497 130
497.996 104.498 60.497 131
497.997 104.499 60.497 131
498.001 104.495 60.496 130
498.003 104.496 60.496 133
498.006 104.494 60.496 129
498.009 104.491 60.495 133
498.010 104.494 60.496 130
498.013 104.493 60.495 131
498.015 104.492 60.495 131
498.017 104.492 60.495 127
498.021 104.489 60.494 129
498.024 104.483 60.493 130
498.026 104.486 60.494 135
498.028 104.487 60.494 146
496.813 110.048 61.414 122
496.967 109.364 61.301 134
496.969 109.377 61.303 146
496.973 109.384 61.304 189
496.977 109.385 61.304 210
496.982 109.384 61.303 207
496.985 109.387 61.304 207
496.991 109.385 61.303 204
496.995 109.387 61.303 207
497.000 109.386 61.303 206
497.005 109.385 61.303 209
497.009 109.386 61.303 209
497.013 109.389 61.303 215
497.019 109.387 61.303 207
497.023 109.386 61.302 203
496.148 108.938 61.264 208
496.152 108.937 61.263 210
496.157 108.937 61.263 199
496.162 108.937 61.263 202
496.167 108.937 61.263 199
496.171 108.938 61.263 193
496.176 108.939 61.262 204
496.180 108.939 61.262 206
496.186 108.937 61.262 206
496.190 108.938 61.262 209
496.194 108.941 61.262 205
496.199 108.940 61.262 198
496.204 108.939 61.261 193
496.208 108.942 61.261 166
496.214 108.937 61.260 147
497.280 105.517 60.683 117
497.283 105.515 60.682 114
497.287 105.512 60.682 114
497.289 105.514 60.682 111
497.295 105.507 60.681 109
497.297 105.508 60.681 109
497.299 105.512 60.681 110
497.301 105.516 60.682 110
497.306 105.510 60.681 114
497.306 105.517 60.682 113
497.311 105.510 60.680 112
497.314 105.511 60.680 113
497.317 105.511 60.680 113
497.318 105.517 60.681 100
497.317 105.531 60.683 85
497.319 105.532 60.683 93
496.292 108.940 61.257 121
496.297 108.942 61.257 168
496.301 108.940 61.257 191
496.305 108.941 61.257 198
496.310 108.943 61.257 209
496.315 108.941 61.256 205
496.319 108.942 61.256 192
496.324 108.943 61.256 167
496.326 108.951 61.257 154
497.924 103.598 60.357 152
497.704 104.344 60.482 218
497.706 104.348 60.483 174
497.706 104.354 60.484 168
497.708 104.356 60.484 171
497.709 104.361 60.484 169
497.710 104.365 60.485 169
497.712 104.367 60.485 169
497.712 104.373 60.486 177
497.713 104.377 60.487 172
497.714 104.382 60.488 176
497.715 104.386 60.488 180
497.712 104.405 60.491 182
497.713 104.408 60.492 181
497.714 104.413 60.492 179
497.716 104.416 60.493 177
497.717 104.420 60.493 171
497.718 104.423 60.494 167
497.720 104.427 60.494 164
497.722 104.429 60.495 160
497.723 104.434 60.495 162
497.724 104.438 60.496 164
497.725 104.444 60.497 164
497.726 104.447 60.497 162
497.728 104.450 60.497 162
497.729 104.454 60.498 162
497.730 104.459 60.499 170
497.730 104.465 60.500 178
497.732 104.468 60.500 179
497.733 104.473 60.501 179
497.734 104.477 60.501 180
497.735 104.481 60.502 185
497.740 104.472 60.500 181
497.743 104.472 60.500 177
497.744 104.475 60.501 174
497.745 104.479 60.501 170
497.747 104.483 60.502 172
497.748 104.487 60.502 172
497.749 104.492 60.503 166
497.750 104.497 60.504 171
497.752 104.499 60.504 175
497.752 104.505 60.505 176
497.753 104.509 60.505 179
497.755 104.513 60.506 182
497.756 104.517 60.507 186
497.757 104.521 60.507 193
497.758 104.526 60.508 216
497.759 104.531 60.509 241
497.761 104.533 60.509 210
497.762 104.540 60.510 170
497.763 104.543 60.510 167
497.764 104.547 60.511 171
497.766 104.550 60.511 171
497.768 104.553 60.512 180
497.770 104.553 60.512 192
497.772 104.554 60.512 161
497.772 104.564 60.513 128
497.765 104.600 60.519 104
497.762 104.619 60.522 112
497.766 104.615 60.521 99
497.771 104.602 60.519 80
497.773 104.605 60.520 94
497.775 104.606 60.520 99
497.775 104.615 60.521 112
497.779 104.610 60.520 115
497.788 104.585 60.516 106
497.793 104.575 60.514 107
497.796 104.573 60.514 111
497.800 104.565 60.512 116
497.807 104.547 60.509 140
497.810 104.548 60.509 131
497.813 104.543 60.508 149
497.813 104.554 60.510 147
497.811 104.569 60.512 141
497.985 103.912 60.403 136
497.980 103.937 60.407 136
497.802 104.633 60.523 137
498.157 103.272 60.296 142
496.728 108.806 61.217 174
496.732 108.811 61.218 172
496.734 108.820 61.219 163
496.737 108.824 61.220 216
496.742 108.824 61.220 228
496.746 108.824 61.219 218
496.750 108.827 61.220 216
496.753 108.831 61.220 206
496.757 108.833 61.220 193
496.761 108.837 61.221 189
496.765 108.838 61.221 199
496.769 108.840 61.221 214
496.773 108.843 61.221 240
496.778 108.842 61.221 246
496.782 108.844 61.221 240
496.786 108.845 61.221 244
496.790 108.847 61.221 240
496.795 108.846 61.221 223
496.799 108.844 61.220 213
496.803 108.848 61.221 236
496.807 108.850 61.221 231
496.811 108.853 61.221 219
496.815 108.854 61.221 233
496.820 108.853 61.221 216
496.822 108.863 61.223 171
496.825 108.867 61.223 240
496.829 108.871 61.224 184
496.831 108.880 61.225 216
496.835 108.881 61.225 243
496.840 108.882 61.225 241
496.845 108.881 61.225 228
496.848 108.885 61.225 192
496.850 108.897 61.227 157
496.853 108.902 61.228 165
496.856 108.907 61.228 192
496.860 108.909 61.228 220
496.864 108.913 61.229 240
496.868 108.913 61.229 235
496.873 108.915 61.229 236
496.876 108.917 61.229 238
496.881 108.916 61.229 231
496.885 108.918 61.229 232
496.890 108.918 61.229 225
496.895 108.916 61.228 222
496.899 108.918 61.228 232
496.903 108.918 61.228 222
496.908 108.918 61.228 219
496.912 108.918 61.228 227
496.917 108.917 61.228 228
496.921 108.918 61.227 229
496.926 108.919 61.227 228
496.930 108.920 61.227 209
496.930 108.939 61.230 187
496.933 108.943 61.231 238
496.940 108.936 61.230 207
496.944 108.935 61.229 192
496.949 108.935 61.229 156
496.953 108.937 61.229 140
496.963 108.914 61.225 81
497.977 104.518 60.498 96
497.981 104.510 60.497 104
497.984 104.507 60.496 93
497.988 104.500 60.495 117
497.990 104.500 60.495 127
497.992 104.502 60.495 130
497.995 104.499 60.494 130
497.998 104.497 60.494 130
498.001 104.494 60.493 131
498.003 104.495 60.494 130
498.006 104.494 60.493 128
498.008 104.493 60.493 131
498.010 104.492 60.493 131
498.014 104.489 60.492 133
498.015 104.492 60.493 128
498.018 104.491 60.492 131
498.020 104.490 60.492 128
498.023 104.488 60.492 129
498.025 104.490 60.492 136
498.028 104.486 60.491 141
496.965 109.353 61.294 119
496.967 109.365 61.296 132
496.969 109.377 61.298 144
496.973 109.384 61.299 183
496.977 109.385 61.299 193
496.981 109.386 61.299 193
496.986 109.386 61.299 199
496.991 109.385 61.299 205
496.995 109.386 61.299 200
497.000 109.386 61.298 196
497.005 109.385 61.298 209
497.009 109.386 61.298 205
497.014 109.387 61.298 205
497.018 109.388 61.298 211
497.024 109.386 61.298 197
496.148 108.938 61.259 204
496.152 108.939 61.259 205
496.157 108.936 61.258 208
496.162 108.936 61.258 205
496.166 108.938 61.258 207
496.171 108.938 61.258 207
496.176 108.938 61.258 215
496.180 108.938 61.258 208
496.185 108.938 61.257 203
496.189 108.940 61.257 209
496.194 108.939 61.257 205
496.199 108.939 61.257 197
496.203 108.940 61.257 198
496.208 108.940 61.256 169
496.214 108.937 61.256 145
497.278 105.522 60.681 115
497.283 105.516 60.680 115
497.287 105.513 60.679 115
497.290 105.513 60.679 110
497.293 105.513 60.679 112
497.295 105.515 60.679 114
497.299 105.512 60.678 110
497.302 105.512 60.678 108
497.305 105.512 60.678 114
497.308 105.510 60.678 110
497.312 105.507 60.677 110
497.313 105.514 60.678 116
497.317 105.512 60.678 112
497.316 105.522 60.679 96
497.320 105.520 60.679 84
497.317 105.538 60.682 94
496.292 108.942 61.253 122
496.297 108.942 61.253 170
496.301 108.942 61.252 198
496.305 108.941 61.252 198
496.310 108.942 61.252 198
496.315 108.942 61.252 204
496.320 108.941 61.251 188
496.324 108.945 61.252 170
496.325 108.954 61.253 152
497.924 103.597 60.355 153
497.704 104.345 60.480 218
497.705 104.348 60.480 173
497.706 104.353 60.481 171
497.708 104.356 60.482 164
497.710 104.358 60.482 167
497.710 104.364 60.483 169
497.711 104.368 60.483 176
497.712 104.373 60.484 176
497.713 104.377 60.485 170
497.714 104.382 60.485 176
497.715 104.387 60.486 179
497.712 104.406 60.489 180
497.713 104.408 60.489 179
497.715 104.412 60.490 180
497.716 104.417 60.491 177
497.717 104.421 60.491 168
497.718 104.423 60.491 168
497.720 104.426 60.492 163
497.722 104.429 60.492 160
497.722 104.435 60.493 162
497.724 104.439 60.494 160
497.725 104.441 60.494 159
497.726 104.447 60.495 161
497.728 104.449 60.495 162
497.728 104.455 60.496 162
497.729 104.460 60.497 172
497.730 104.466 60.497 180
497.732 104.468 60.498 178
497.733 104.474 60.499 184
497.734 104.477 60.499 182
497.735 104.482 60.500 182
497.740 104.472 60.498 184
497.743 104.472 60.498 174
497.744 104.475 60.498 174
497.746 104.477 60.499 171
497.746 104.485 60.500 165
497.748 104.486 60.500 173
497.749 104.491 60.501 172
497.751 104.494 60.501 175
497.751 104.501 60.502 170
497.753 104.504 60.502 176
497.754 104.508 60.503 181
497.755 104.513 60.504 176
497.756 104.518 60.504 184
497.757 104.521 60.505 192
497.758 104.526 60.506 215
497.760 104.531 60.506 248
497.761 104.532 60.506 210
497.762 104.540 60.508 172
497.763 104.544 60.508 168
497.764 104.548 60.509 172
497.766 104.552 60.509 176
497.767 104.554 60.509 189
497.769 104.556 60.510 208
497.772 104.554 60.509 195
497.774 104.555 60.509 162
497.776 104.558 60.510 141
497.774 104.572 60.512 125
497.780 104.561 60.510 123
497.784 104.556 60.509 129
497.787 104.554 60.509 137
497.790 104.551 60.508 141
497.792 104.550 60.508 143
497.795 104.549 60.508 149
497.798 104.545 60.507 151
497.801 104.544 60.507 154
497.804 104.542 60.506 155
497.806 104.542 60.506 157
497.809 104.541 60.506 169
497.812 104.540 60.505 173
497.814 104.539 60.505 168
497.817 104.536 60.505 164
497.820 104.536 60.504 160
497.822 104.538 60.505 152
497.822 104.547 60.506 142
497.817 104.575 60.511 119
497.985 103.933 60.404 111
496.731 108.794 61.211 138
496.732 108.810 61.213 152
496.734 108.819 61.215 158
496.737 108.824 61.215 216
496.742 108.823 61.215 228
496.746 108.826 61.215 226
496.750 108.828 61.215 230
496.754 108.829 61.215 225
496.758 108.831 61.215 216
496.762 108.832 61.216 206
496.767 108.833 61.215 209
496.771 108.833 61.215 192
496.774 108.836 61.216 188
496.779 108.838 61.216 185
496.783 108.839 61.216 188
496.786 108.844 61.216 215
496.791 108.843 61.216 217
496.794 108.847 61.217 233
496.799 108.845 61.216 233
496.803 108.849 61.217 241
496.807 108.849 61.217 218
496.811 108.852 61.217 192
496.815 108.852 61.217 217
496.820 108.854 61.217 219
496.822 108.864 61.218 174
496.825 108.868 61.219 240
496.829 108.871 61.219 183
496.831 108.880 61.220 215
496.835 108.882 61.220 247
496.840 108.882 61.220 242
496.844 108.882 61.220 236
496.848 108.885 61.220 191
496.850 108.895 61.222 156
496.853 108.901 61.223 166
496.856 108.907 61.224 189
496.860 108.908 61.224 219
496.864 108.912 61.224 237
496.869 108.913 61.224 233
496.873 108.915 61.224 243
496.877 108.915 61.224 233
496.881 108.915 61.224 232
496.885 108.918 61.224 233
496.890 108.916 61.224 233
496.894 108.918 61.224 228
496.899 108.917 61.224 225
496.903 108.918 61.224 225
496.908 108.918 61.223 231
496.913 108.917 61.223 226
496.917 108.918 61.223 227
496.921 108.919 61.223 225
496.926 108.919 61.223 227
496.929 108.922 61.223 215
496.930 108.940 61.226 184
496.933 108.945 61.227 252
496.938 108.943 61.226 215
496.943 108.940 61.226 186
496.948 108.939 61.225 155
496.951 108.944 61.226 146
496.960 108.925 61.223 82
497.978 104.515 60.495 97
497.979 104.520 60.496 104
497.986 104.499 60.492 111
497.987 104.503 60.493 128
497.991 104.497 60.492 131
497.993 104.498 60.492 129
497.996 104.497 60.492 130
497.997 104.499 60.492 130
498.000 104.496 60.492 131
498.003 104.497 60.492 133
498.006 104.494 60.491 133
498.008 104.491 60.490 133
498.010 104.492 60.491 135
498.013 104.489 60.490 135
498.016 104.487 60.489 133
498.019 104.484 60.489 133
498.022 104.484 60.489 132
498.024 104.481 60.488 133
498.026 104.483 60.489 137
498.027 104.490 60.490 118
498.177 103.814 60.378 117
498.179 103.818 60.379 134
496.817 110.074 61.408 138
496.972 109.385 61.294 156
496.977 109.383 61.294 167
496.981 109.386 61.294 170
496.986 109.386 61.294 181
496.991 109.385 61.294 185
496.996 109.386 61.294 190
497.000 109.386 61.294 190
497.005 109.385 61.293 201
497.009 109.387 61.293 197
497.014 109.388 61.293 203
497.019 109.386 61.293 205
497.024 109.386 61.293 205
496.148 108.938 61.254 210
496.152 108.938 61.254 213
496.157 108.936 61.254 202
496.162 108.936 61.253 198
496.166 108.938 61.254 211
496.171 108.938 61.253 208
496.175 108.940 61.253 206
496.180 108.938 61.253 204
496.186 108.936 61.252 209
496.190 108.938 61.252 204
496.194 108.938 61.252 198
496.199 108.940 61.252 197
496.204 108.939 61.252 200
496.208 108.939 61.252 168
496.213 108.939 61.251 146
497.279 105.519 60.677 118
497.284 105.514 60.676 116
497.287 105.514 60.676 116
497.290 105.512 60.676 111
497.292 105.517 60.677 110
497.295 105.515 60.676 112
497.299 105.511 60.675 113
497.301 105.514 60.676 110
497.305 105.513 60.675 112
497.306 105.517 60.676 112
497.311 105.512 60.675 114
497.314 105.511 60.674 113
497.317 105.513 60.675 113
497.315 105.525 60.677 100
497.319 105.523 60.676 86
497.317 105.540 60.679 94
496.292 108.941 61.248 121
496.297 108.939 61.247 170
496.301 108.942 61.248 192
496.305 108.942 61.248 196
496.310 108.941 61.247 198
496.315 108.941 61.247 208
496.320 108.941 61.247 191
496.324 108.942 61.247 173
496.326 108.953 61.248 153
497.924 103.598 60.353 152
497.704 104.344 60.478 228
497.706 104.347 60.478 180
497.706 104.353 60.479 170
497.708 104.356 60.479 168
497.709 104.360 60.480 169
497.710 104.365 60.480 171
497.712 104.367 60.481 174
497.713 104.371 60.481 175
497.713 104.376 60.482 171
497.714 104.383 60.483 176
497.715 104.387 60.484 177
497.712 104.406 60.487 182
497.714 104.408 60.487 182
497.714 104.415 60.488 183
497.716 104.417 60.488 179
497.717 104.421 60.489 172
497.719 104.423 60.489 168
497.720 104.426 60.489 163
497.721 104.431 60.490 166
497.723 104.434 60.491 162
497.724 104.438 60.491 163
497.725 104.443 60.492 160
497.726 104.447 60.492 162
497.728 104.450 60.493 159
497.728 104.455 60.493 163
497.729 104.461 60.494 173
497.731 104.464 60.495 182
497.732 104.469 60.496 180
497.733 104.473 60.496 176
497.733 104.479 60.497 178
497.735 104.482 60.497 184
497.740 104.473 60.496 181
497.743 104.471 60.495 173
497.744 104.474 60.496 175
497.745 104.478 60.496 171
497.746 104.484 60.497 174
497.748 104.487 60.498 170
497.749 104.491 60.498 168
497.751 104.493 60.498 173
497.751 104.500 60.499 173
497.752 104.505 60.500 175
497.754 104.507 60.500 173
497.755 104.512 60.501 172
497.756 104.517 60.502 181
497.757 104.522 60.503 194
497.758 104.526 60.503 219
497.760 104.530 60.504 243
497.761 104.532 60.504 211
497.762 104.539 60.505 175
497.763 104.544 60.506 173
497.764 104.547 60.506 178
497.766 104.551 60.507 185
497.767 104.555 60.507 191
497.769 104.555 60.507 215
497.772 104.554 60.507 214
497.774 104.555 60.507 204
497.777 104.553 60.507 190
497.780 104.553 60.506 179
497.782 104.553 60.506 176
497.785 104.551 60.506 175
497.788 104.549 60.505 177
497.791 104.548 60.505 175
497.793 104.546 60.505 173
497.796 104.546 60.505 175
497.798 104.545 60.504 176
497.802 104.543 60.504 181
497.804 104.542 60.504 177
497.807 104.540 60.503 177
497.809 104.541 60.503 188
497.811 104.542 60.503 180
497.814 104.540 60.503 159
497.817 104.539 60.503 155
497.820 104.536 60.502 164
497.823 104.532 60.501 166
497.825 104.533 60.502 153
497.827 104.536 60.502 138
497.821 104.569 60.507 99
498.343 102.557 60.174 97
496.736 108.793 61.206 116
496.735 108.815 61.209 146
496.737 108.824 61.211 191
496.741 108.824 61.211 213
496.745 108.827 61.211 213
496.750 108.828 61.211 215
496.754 108.830 61.211 216
496.758 108.829 61.211 219
496.763 108.830 61.211 217
496.767 108.831 61.211 214
496.771 108.832 61.211 213
496.775 108.833 61.211 213
496.780 108.833 61.210 205
496.784 108.835 61.211 206
496.788 108.835 61.210 202
496.792 108.837 61.211 213
496.795 108.843 61.212 212
496.799 108.847 61.212 233
496.804 108.845 61.211 210
496.809 108.841 61.211 203
496.813 108.844 61.211 171
496.815 108.852 61.212 194
496.819 108.855 61.212 222
496.822 108.863 61.214 173
496.825 108.868 61.214 239
496.829 108.871 61.214 185
496.831 108.881 61.216 216
496.835 108.882 61.216 247
496.840 108.881 61.216 230
496.845 108.881 61.216 231
496.848 108.885 61.216 192
496.850 108.897 61.218 157
496.853 108.902 61.218 166
496.856 108.906 61.219 186
496.860 108.909 61.219 223
496.864 108.911 61.219 237
496.868 108.913 61.220 243
496.873 108.913 61.219 244
496.877 108.915 61.220 232
496.881 108.914 61.219 232
496.885 108.917 61.220 234
496.890 108.917 61.219 227
496.894 108.917 61.219 220
496.899 108.917 61.219 220
496.903 108.918 61.219 217
496.908 108.918 61.219 217
496.912 108.918 61.219 219
496.917 108.918 61.219 216
496.921 108.918 61.218 216
496.926 108.919 61.218 216
496.930 108.920 61.218 199
496.930 108.938 61.221 168
496.933 108.944 61.222 206
496.940 108.935 61.220 171
496.945 108.933 61.220 157
496.949 108.936 61.220 144
496.952 108.940 61.221 132
497.977 104.516 60.493 98
497.980 104.512 60.492 110
497.985 104.501 60.490 127
497.987 104.502 60.491 135
497.991 104.499 60.490 136
497.993 104.498 60.490 133
497.999 104.484 60.487 129
498.000 104.488 60.488 126
498.004 104.480 60.487 128
498.006 104.481 60.487 130
498.010 104.473 60.485 131
498.012 104.475 60.485 131
498.015 104.473 60.485 131
498.018 104.470 60.485 128
498.020 104.470 60.484 131
498.023 104.466 60.484 131
498.026 104.464 60.483 127
498.029 104.463 60.483 129
498.030 104.466 60.483 131
498.031 104.474 60.485 120
498.025 104.511 60.491 119
498.026 104.518 60.492 141
498.027 104.522 60.492 116
498.181 103.827 60.378 128
496.674 110.780 61.518 139
496.830 110.085 61.404 144
496.985 109.390 61.290 152
496.991 109.386 61.289 158
496.995 109.387 61.289 171
497.000 109.387 61.289 175
497.005 109.386 61.289 181
497.010 109.385 61.288 182
497.014 109.386 61.288 187
497.019 109.386 61.288 193
497.023 109.388 61.288 196
496.148 108.937 61.250 213
496.152 108.938 61.250 214
496.157 108.936 61.249 202
496.161 108.939 61.249 206
496.166 108.938 61.249 210
496.171 108.937 61.248 204
496.176 108.938 61.248 206
496.180 108.939 61.248 208
496.185 108.938 61.248 198
496.189 108.939 61.248 200
496.194 108.940 61.248 197
496.199 108.939 61.247 198
496.204 108.938 61.247 204
496.208 108.940 61.247 172
496.214 108.936 61.246 147
497.279 105.518 60.674 117
497.285 105.509 60.673 114
497.288 105.509 60.673 113
497.290 105.512 60.673 114
497.293 105.512 60.673 112
497.295 105.514 60.673 113
497.299 105.512 60.673 114
497.303 105.509 60.672 110
497.305 105.513 60.672 112
497.309 105.508 60.671 112
497.311 105.510 60.672 114
497.314 105.512 60.672 113
497.316 105.515 60.672 115
497.317 105.519 60.673 99
497.319 105.524 60.673 87
497.320 105.531 60.674 91
496.292 108.942 61.244 120
496.297 108.942 61.243 174
496.301 108.942 61.243 195
496.305 108.942 61.243 201
496.310 108.942 61.243 210
496.315 108.941 61.242 205
496.320 108.941 61.242 192
496.324 108.943 61.242 164
496.326 108.951 61.243 153
497.926 103.592 60.350 151
497.704 104.344 60.475 222
497.705 104.349 60.476 178
497.707 104.353 60.476 170
497.708 104.356 60.477 167
497.709 104.360 60.477 168
497.710 104.364 60.478 171
497.712 104.367 60.478 173
497.712 104.372 60.479 174
497.714 104.375 60.480 173
497.715 104.380 60.480 174
497.715 104.387 60.481 177
497.712 104.404 60.484 186
497.713 104.408 60.485 184
497.714 104.415 60.486 179
497.715 104.418 60.486 180
497.717 104.421 60.486 173
497.718 104.424 60.487 165
497.720 104.427 60.487 162
497.721 104.431 60.488 165
497.723 104.434 60.488 164
497.723 104.439 60.489 160
497.724 104.444 60.490 164
497.725 104.449 60.490 161
497.727 104.451 60.491 160
497.728 104.455 60.491 164
497.729 104.460 60.492 168
497.730 104.466 60.493 176
497.731 104.469 60.493 175
497.732 104.475 60.494 177
497.734 104.478 60.494 182
497.735 104.482 60.495 181
497.740 104.472 60.493 181
497.743 104.470 60.493 174
497.744 104.475 60.494 174
497.746 104.478 60.494 173
497.747 104.482 60.495 171
497.748 104.487 60.495 170
497.749 104.491 60.496 172
497.750 104.494 60.496 175
497.752 104.498 60.497 177
497.753 104.504 60.498 175
497.754 104.508 60.498 178
497.755 104.512 60.499 177
497.756 104.516 60.499 184
497.757 104.523 60.500 188
497.758 104.526 60.501 216
497.760 104.530 60.501 244
497.761 104.532 60.502 214
497.762 104.539 60.503 180
497.762 104.545 60.504 178
497.764 104.550 60.504 181
497.765 104.552 60.505 186
497.767 104.555 60.505 196
497.770 104.555 60.505 214
497.772 104.554 60.505 217
497.774 104.555 60.505 212
497.777 104.554 60.504 204
497.780 104.553 60.504 198
497.782 104.553 60.504 192
497.785 104.550 60.503 189
497.788 104.548 60.503 188
497.791 104.548 60.503 182
497.793 104.547 60.503 180
497.796 104.546 60.502 183
497.798 104.545 60.502 186
497.801 104.543 60.502 188
497.804 104.541 60.501 186
497.807 104.541 60.501 188
497.809 104.541 60.501 198
497.811 104.543 60.501 175
497.814 104.541 60.501 151
497.816 104.542 60.501 143
497.820 104.536 60.500 150
497.823 104.533 60.499 174
497.825 104.534 60.499 161
497.828 104.533 60.499 148
497.828 104.542 60.500 111
497.996 103.899 60.394 86
496.392 110.129 61.422 94
496.737 108.806 61.204 124
496.738 108.823 61.206 173
496.742 108.821 61.206 188
496.746 108.824 61.206 200
496.750 108.827 61.206 217
496.754 108.828 61.206 225
496.759 108.828 61.206 236
496.763 108.830 61.206 229
496.767 108.830 61.206 231
496.772 108.831 61.206 228
496.776 108.831 61.206 228
496.780 108.832 61.206 218
496.784 108.833 61.206 231
496.788 108.835 61.206 216
496.793 108.834 61.206 213
496.797 108.836 61.206 212
496.801 108.839 61.206 193
496.805 108.841 61.206 191
496.809 108.842 61.206 220
496.813 108.843 61.206 189
496.815 108.853 61.208 182
496.819 108.855 61.208 218
496.821 108.866 61.209 182
496.825 108.868 61.210 241
496.829 108.871 61.210 182
496.831 108.881 61.211 212
496.835 108.881 61.211 243
496.840 108.880 61.211 236
496.845 108.881 61.211 230
496.848 108.883 61.211 192
496.850 108.896 61.213 157
496.853 108.901 61.214 166
496.856 108.906 61.214 189
496.860 108.910 61.215 220
496.864 108.912 61.215 230
496.869 108.913 61.215 240
496.873 108.914 61.215 228
496.877 108.914 61.215 221
496.881 108.916 61.215 216
496.886 108.917 61.215 215
496.890 108.917 61.215 213
496.894 108.917 61.215 208
496.899 108.917 61.215 212
496.903 108.918 61.214 194
496.907 108.919 61.214 194
496.912 108.919 61.214 192
496.917 108.919 61.214 192
496.921 108.918 61.214 187
496.926 108.919 61.214 188
496.930 108.919 61.214 170
496.931 108.936 61.216 160
496.935 108.936 61.216 161
496.941 108.930 61.215 165
496.945 108.931 61.215 158
496.950 108.932 61.215 141
496.953 108.936 61.216 118
497.978 104.512 60.490 94
497.982 104.507 60.489 111
497.986 104.500 60.488 115
497.989 104.496 60.487 115
497.992 104.491 60.486 117
497.997 104.482 60.485 129
498.001 104.475 60.483 126
498.003 104.473 60.483 128
498.006 104.470 60.483 126
498.008 104.471 60.483 127
498.011 104.468 60.482 132
498.013 104.469 60.482 129
498.017 104.463 60.481 132
498.019 104.467 60.482 130
498.021 104.467 60.482 128
498.024 104.464 60.481 123
498.026 104.463 60.481 120
498.028 104.464 60.481 125
498.031 104.463 60.481 131
498.033 104.463 60.480 126
498.031 104.485 60.484 125
498.026 104.516 60.489 125
498.028 104.519 60.489 97
498.029 104.527 60.491 102
498.030 104.529 60.491 105
498.183 103.835 60.377 111
498.184 103.839 60.378 121
498.186 103.837 60.378 133
498.338 103.141 60.264 142
496.998 109.394 61.285 147
497.004 109.393 61.285 154
497.009 109.388 61.284 159
497.014 109.386 61.284 163
497.019 109.386 61.283 167
497.023 109.387 61.283 174
496.148 108.939 61.245 214
496.152 108.938 61.245 205
496.157 108.938 61.245 203
496.162 108.937 61.244 205
496.166 108.938 61.244 206
496.172 108.936 61.244 205
496.176 108.937 61.244 204
496.180 108.939 61.244 203
496.185 108.938 61.243 203
496.190 108.937 61.243 202
496.194 108.939 61.243 208
496.198 108.940 61.243 201
496.203 108.940 61.243 204
496.208 108.941 61.243 173
496.213 108.938 61.242 148
497.279 105.519 60.672 116
497.284 105.514 60.671 115
497.288 105.511 60.670 116
497.290 105.512 60.670 113
497.292 105.515 60.670 110
497.295 105.514 60.670 112
497.298 105.514 60.670 112
497.303 105.509 60.669 110
497.305 105.512 60.669 113
497.308 105.512 60.669 112
497.310 105.514 60.669 111
497.313 105.513 60.669 113
497.317 105.512 60.669 114
497.320 105.509 60.668 99
497.323 105.511 60.668 82
497.317 105.538 60.673 90
496.292 108.940 61.239 122
496.297 108.941 61.239 171
496.301 108.941 61.238 197
496.305 108.941 61.238 206
496.310 108.942 61.238 203
496.315 108.941 61.238 202
496.320 108.942 61.238 188
496.324 108.945 61.238 170
496.326 108.950 61.239 154
497.927 103.587 60.347 150
497.705 104.343 60.473 215
497.706 104.347 60.473 179
497.707 104.352 60.474 170
497.708 104.356 60.475 167
497.709 104.360 60.475 167
497.710 104.363 60.476 168
497.711 104.367 60.476 169
497.712 104.372 60.477 167
497.713 104.377 60.477 178
497.714 104.381 60.478 175
497.715 104.388 60.479 181
497.712 104.406 60.482 187
497.714 104.408 60.482 184
497.714 104.413 60.483 179
497.715 104.419 60.484 176
497.717 104.423 60.484 172
497.718 104.425 60.485 169
497.720 104.427 60.485 165
497.721 104.431 60.485 162
497.722 104.436 60.486 162
497.723 104.439 60.487 160
497.724 104.445 60.487 162
497.726 104.447 60.488 160
497.727 104.452 60.488 159
497.728 104.455 60.489 165
497.729 104.460 60.490 168
497.730 104.465 60.490 171
497.731 104.471 60.491 173
497.733 104.474 60.492 175
497.734 104.478 60.492 182
497.735 104.483 60.493 181
497.740 104.472 60.491 181
497.743 104.470 60.491 169
497.744 104.474 60.491 167
497.746 104.477 60.491 171
497.747 104.483 60.492 170
497.748 104.487 60.493 169
497.749 104.491 60.493 169
497.751 104.493 60.494 172
497.751 104.500 60.495 174
497.753 104.503 60.495 176
497.753 104.509 60.496 175
497.755 104.512 60.496 179
497.756 104.517 60.497 182
497.757 104.522 60.498 190
497.758 104.526 60.498 215
497.760 104.529 60.499 241
497.761 104.532 60.499 215
497.762 104.540 60.500 182
497.762 104.546 60.501 177
497.764 104.548 60.502 184
497.765 104.553 60.502 189
497.767 104.555 60.503 195
497.770 104.555 60.502 214
497.772 104.554 60.502 214
497.774 104.557 60.503 190
497.776 104.558 60.503 168
497.779 104.554 60.502 180
497.783 104.551 60.501 192
497.785 104.550 60.501 189
497.788 104.549 60.501 177
497.791 104.546 60.500 166
497.794 104.544 60.500 166
497.796 104.545 60.500 174
497.798 104.544 60.500 187
497.801 104.544 60.499 190
497.804 104.541 60.499 194
497.807 104.541 60.499 212
497.809 104.540 60.499 216
497.811 104.541 60.499 170
497.813 104.543 60.499 146
497.817 104.537 60.498 136
497.820 104.537 60.498 146
497.823 104.534 60.497 172
497.826 104.532 60.497 170
497.828 104.532 60.497 152
497.829 104.535 60.497 120
497.827 104.555 60.500 90
497.996 103.907 60.393 90
496.741 108.792 61.197 106
496.739 108.818 61.201 152
496.743 108.820 61.201 195
496.746 108.824 61.201 208
496.750 108.827 61.202 211
496.754 108.829 61.202 223
496.758 108.830 61.202 225
496.763 108.830 61.202 223
496.767 108.831 61.202 218
496.771 108.832 61.202 223
496.776 108.831 61.201 224
496.780 108.832 61.201 225
496.785 108.832 61.201 231
496.789 108.833 61.201 225
496.793 108.834 61.201 219
496.797 108.835 61.201 225
496.801 108.836 61.201 219
496.806 108.838 61.201 206
496.809 108.842 61.202 211
496.813 108.845 61.202 196
496.816 108.849 61.203 168
496.820 108.854 61.203 214
496.822 108.862 61.204 174
496.825 108.867 61.205 232
496.829 108.871 61.206 173
496.831 108.880 61.207 211
496.835 108.881 61.207 244
496.840 108.880 61.206 223
496.845 108.881 61.206 225
496.849 108.883 61.206 182
496.850 108.894 61.208 154
496.853 108.902 61.209 158
496.856 108.907 61.210 177
496.860 108.911 61.210 203
496.864 108.912 61.210 210
496.869 108.913 61.210 216
496.873 108.914 61.210 201
496.877 108.916 61.211 207
496.881 108.916 61.210 191
496.886 108.916 61.210 192
496.890 108.918 61.210 184
496.895 108.916 61.210 184
496.899 108.917 61.210 169
496.903 108.918 61.210 161
496.908 108.917 61.210 165
496.912 108.918 61.210 160
496.917 108.917 61.209 154
496.921 108.916 61.209 150
496.926 108.918 61.209 148
496.930 108.919 61.209 137
496.931 108.934 61.212 130
496.936 108.931 61.211 128
496.942 108.926 61.210 123
496.946 108.927 61.210 113
496.952 108.921 61.209 94
497.993 104.477 60.482 93
497.996 104.476 60.481 121
497.998 104.475 60.481 129
498.001 104.473 60.481 131
498.003 104.474 60.481 125
498.005 104.474 60.481 126
498.009 104.470 60.480 124
498.011 104.468 60.480 130
498.013 104.470 60.480 133
498.015 104.470 60.480 131
498.018 104.469 60.480 129
498.021 104.465 60.479 120
498.023 104.467 60.479 104
498.027 104.462 60.478 101
498.029 104.463 60.478 110
498.031 104.462 60.478 132
498.034 104.461 60.478 131
498.036 104.462 60.478 126
498.035 104.477 60.480 105
498.032 104.502 60.484 87
498.030 104.522 60.488 87
498.031 104.524 60.488 91
498.032 104.534 60.489 92
498.034 104.534 60.489 98
498.036 104.536 60.489 102
498.186 103.848 60.377 107
498.188 103.847 60.377 113
498.190 103.849 60.377 124
498.192 103.847 60.377 134
496.862 110.101 61.395 142
496.868 110.095 61.394 146
497.022 109.392 61.279 153
496.148 108.938 61.240 206
496.153 108.936 61.240 203
496.157 108.938 61.240 203
496.162 108.936 61.239 203
496.166 108.939 61.240 200
496.171 108.938 61.239 206
496.176 108.938 61.239 206
496.181 108.937 61.239 203
496.185 108.938 61.239 210
496.190 108.938 61.238 201
496.194 108.939 61.238 206
496.199 108.939 61.238 196
496.204 108.939 61.238 192
496.208 108.939 61.238 167
496.214 108.938 61.237 147
497.278 105.522 60.669 118
497.285 105.510 60.667 113
497.286 105.516 60.668 114
497.291 105.510 60.667 112
497.293 105.513 60.667 109
497.297 105.510 60.667 111
497.299 105.511 60.667 111
497.302 105.512 60.667 112
497.305 105.513 60.667 111
497.308 105.511 60.666 114
497.310 105.515 60.667 113
497.314 105.512 60.666 113
497.317 105.512 60.666 112
497.317 105.521 60.667 105
497.321 105.517 60.667 80
497.321 105.526 60.668 93
496.292 108.941 61.234 121
496.296 108.943 61.234 176
496.301 108.941 61.234 205
496.305 108.941 61.234 211
496.311 108.940 61.233 200
496.315 108.941 61.233 197
496.319 108.942 61.233 191
496.324 108.943 61.233 168
496.326 108.950 61.234 154
497.927 103.588 60.345 150
497.704 104.344 60.471 215
497.706 104.347 60.471 175
497.706 104.354 60.472 168
497.708 104.355 60.472 169
497.709 104.360 60.473 165
497.710 104.365 60.474 166
497.711 104.367 60.474 170
497.713 104.371 60.474 168
497.713 104.376 60.475 177
497.714 104.382 60.476 173
497.715 104.388 60.477 177
497.712 104.406 60.480 181
497.713 104.410 60.480 176
497.714 104.414 60.481 181
497.715 104.418 60.481 180
497.717 104.421 60.482 168
497.718 104.426 60.482 170
497.720 104.427 60.483 164
497.721 104.432 60.483 162
497.722 104.436 60.484 163
497.724 104.438 60.484 165
497.724 104.444 60.485 162
497.726 104.447 60.485 163
497.727 104.451 60.486 159
497.728 104.457 60.487 162
497.729 104.461 60.487 170
497.730 104.466 60.488 171
497.731 104.471 60.489 177
497.732 104.475 60.489 175
497.733 104.480 60.490 175
497.734 104.484 60.491 178
497.740 104.472 60.489 181
497.743 104.472 60.488 168
497.744 104.474 60.489 167
497.745 104.478 60.489 165
497.747 104.483 60.490 168
497.748 104.486 60.490 170
497.749 104.492 60.491 172
497.750 104.495 60.492 170
497.752 104.499 60.492 176
497.753 104.503 60.493 172
497.754 104.507 60.493 175
497.755 104.513 60.494 179
497.756 104.517 60.495 182
497.757 104.522 60.495 194
497.759 104.525 60.496 213
497.759 104.531 60.497 241
497.761 104.533 60.497 213
497.762 104.540 60.498 182
497.762 104.547 60.499 177
497.763 104.551 60.500 187
497.765 104.553 60.500 191
497.767 104.556 60.500 196
497.770 104.555 60.500 211
497.772 104.555 60.500 199
497.774 104.556 60.500 165
497.776 104.558 60.500 152
497.779 104.557 60.500 149
497.782 104.553 60.499 171
497.785 104.551 60.499 174
497.789 104.547 60.498 150
497.792 104.542 60.497 155
497.794 104.542 60.497 174
497.797 104.541 60.497 182
497.798 104.544 60.497 188
497.802 104.543 60.497 191
497.804 104.541 60.496 194
497.807 104.539 60.496 216
497.809 104.542 60.496 209
497.812 104.541 60.496 164
497.815 104.536 60.495 152
497.819 104.531 60.494 209
497.821 104.531 60.494 253
497.823 104.534 60.495 190
497.826 104.532 60.494 176
497.828 104.533 60.494 156
497.829 104.538 60.495 137
497.829 104.546 60.496 109
497.827 104.563 60.499 103
496.396 110.131 61.412 103
496.739 108.818 61.196 144
496.741 108.825 61.197 181
496.746 108.825 61.197 198
496.750 108.827 61.197 217
496.754 108.828 61.197 222
496.758 108.830 61.197 217
496.763 108.831 61.197 219
496.767 108.830 61.197 218
496.772 108.831 61.197 218
496.776 108.832 61.197 216
496.780 108.831 61.197 225
496.784 108.834 61.197 237
496.789 108.833 61.197 225
496.793 108.834 61.197 220
496.797 108.836 61.197 201
496.801 108.839 61.197 192
496.805 108.840 61.197 192
496.809 108.841 61.197 203
496.813 108.845 61.197 181
496.816 108.850 61.198 172
496.820 108.854 61.199 205
496.822 108.863 61.200 162
496.825 108.867 61.200 209
496.829 108.872 61.201 164
496.831 108.880 61.202 190
496.835 108.881 61.202 213
496.840 108.881 61.202 201
496.845 108.881 61.202 197
496.848 108.884 61.202 165
496.850 108.894 61.204 148
496.853 108.900 61.205 152
496.856 108.906 61.205 157
496.860 108.909 61.206 173
496.865 108.910 61.206 178
496.869 108.911 61.206 174
496.873 108.914 61.206 166
496.877 108.913 61.206 160
496.881 108.914 61.206 143
496.885 108.917 61.206 152
496.890 108.915 61.205 135
496.895 108.912 61.205 126
496.900 108.914 61.205 118
496.905 108.910 61.204 111
496.911 108.906 61.203 110
496.914 108.910 61.204 105
496.919 108.908 61.203 94
496.925 108.901 61.202 84
497.993 104.476 60.479 108
497.997 104.472 60.479 120
497.998 104.475 60.479 126
498.002 104.471 60.478 140
498.003 104.472 60.478 135
498.006 104.471 60.478 134
498.009 104.467 60.477 135
498.012 104.467 60.477 133
498.014 104.468 60.477 146
498.016 104.468 60.477 142
498.019 104.463 60.476 133
498.022 104.461 60.476 132
498.024 104.462 60.476 117
498.027 104.462 60.476 115
498.029 104.461 60.476 120
498.031 104.464 60.476 130
498.034 104.460 60.475 137
498.037 104.458 60.475 130
498.038 104.464 60.476 113
498.037 104.476 60.478 83
498.032 104.512 60.484 82
498.030 104.529 60.486 84
498.031 104.536 60.487 86
498.034 104.532 60.487 90
498.034 104.543 60.488 89
498.037 104.541 60.488 90
498.039 104.544 60.488 91
498.040 104.548 60.489 98
498.191 103.852 60.376 102
498.191 103.863 60.378 108
498.194 103.859 60.377 114
498.195 103.860 60.377 123
496.148 108.937 61.236 211
496.153 108.937 61.235 205
496.157 108.938 61.235 207
496.162 108.937 61.235 193
496.167 108.937 61.235 202
496.171 108.938 61.235 207
496.176 108.938 61.234 204
496.181 108.937 61.234 204
496.186 108.937 61.234 204
496.190 108.938 61.234 205
496.194 108.938 61.234 200
496.199 108.940 61.234 195
496.204 108.939 61.233 190
496.208 108.940 61.233 175
496.213 108.939 61.233 146
497.281 105.515 60.665 117
497.284 105.513 60.665 114
497.287 105.511 60.664 116
497.291 105.510 60.664 112
497.293 105.513 60.664 110
497.296 105.512 60.664 109
497.300 105.510 60.664 114
497.302 105.513 60.664 111
497.305 105.510 60.663 111
497.308 105.512 60.663 113
497.308 105.519 60.664 113
497.314 105.511 60.663 111
497.317 105.511 60.663 114
497.318 105.515 60.663 103
497.319 105.523 60.665 83
497.320 105.530 60.666 92
496.292 108.941 61.229 123
496.297 108.942 61.229 177
496.301 108.941 61.229 193
496.305 108.942 61.229 196
496.310 108.941 61.229 204
496.315 108.941 61.228 200
496.319 108.943 61.229 194
496.324 108.944 61.229 175
496.327 108.948 61.229 153
495.901 110.395 61.468 149
497.705 104.343 60.468 221
497.705 104.348 60.469 188
497.707 104.353 60.470 173
497.708 104.356 60.470 169
497.709 104.361 60.471 169
497.711 104.362 60.471 166
497.711 104.368 60.472 164
497.712 104.372 60.472 169
497.714 104.375 60.473 171
497.715 104.381 60.473 180
497.715 104.385 60.474 184
497.712 104.406 60.477 177
497.713 104.410 60.478 175
497.714 104.415 60.479 174
497.715 104.420 60.479 176
497.717 104.421 60.480 171
497.718 104.424 60.480 165
497.720 104.428 60.480 165
497.721 104.432 60.481 163
497.722 104.436 60.482 162
497.723 104.440 60.482 159
497.724 104.444 60.483 160
497.726 104.448 60.483 159
497.727 104.453 60.484 160
497.728 104.455 60.484 163
497.729 104.462 60.485 169
497.730 104.467 60.486 173
497.731 104.472 60.487 173
497.732 104.475 60.487 174
497.733 104.479 60.488 173
497.735 104.483 60.488 170
497.740 104.472 60.486 176
497.743 104.471 60.486 173
497.744 104.474 60.486 168
497.746 104.478 60.487 165
497.747 104.482 60.487 174
497.748 104.487 60.488 170
497.749 104.492 60.489 167
497.751 104.493 60.489 171
497.752 104.499 60.490 177
497.752 104.504 60.491 175
497.753 104.509 60.491 182
497.755 104.513 60.492 177
497.756 104.517 60.492 184
497.757 104.521 60.493 192
497.759 104.524 60.493 215
497.760 104.530 60.494 244
497.761 104.532 60.495 212
497.761 104.541 60.496 182
497.762 104.546 60.497 177
497.764 104.548 60.497 185
497.765 104.553 60.497 188
497.767 104.556 60.498 195
497.769 104.556 60.498 216
497.772 104.555 60.498 208
497.774 104.555 60.497 165
497.777 104.553 60.497 157
497.780 104.550 60.496 160
497.782 104.554 60.497 178
497.785 104.550 60.496 156
497.791 104.539 60.494 134
497.794 104.536 60.494 153
497.796 104.536 60.494 189
497.797 104.540 60.494 190
497.799 104.542 60.494 193
497.801 104.544 60.495 191
497.804 104.542 60.494 187
497.807 104.540 60.494 193
497.809 104.542 60.494 185
497.811 104.542 60.494 156
497.813 104.543 60.494 141
497.817 104.538 60.493 147
497.820 104.535 60.493 166
497.823 104.533 60.492 186
497.826 104.532 60.492 178
497.827 104.535 60.492 155
497.829 104.538 60.493 139
497.829 104.545 60.494 128
497.831 104.547 60.494 131
497.828 104.568 60.497 111
496.741 108.808 61.190 135
496.741 108.825 61.193 171
496.746 108.826 61.193 211
496.750 108.827 61.193 224
496.754 108.828 61.193 226
496.758 108.830 61.193 229
496.763 108.830 61.193 224
496.767 108.831 61.193 222
496.772 108.831 61.192 217
496.776 108.831 61.192 212
496.780 108.832 61.192 213
496.784 108.834 61.192 219
496.788 108.835 61.192 213
496.793 108.834 61.192 207
496.795 108.843 61.193 198
496.799 108.846 61.194 204
496.805 108.842 61.193 176
496.809 108.841 61.193 184
496.812 108.848 61.194 157
496.815 108.853 61.194 188
496.820 108.853 61.194 173
496.822 108.862 61.195 151
496.825 108.867 61.196 181
496.829 108.870 61.196 148
496.832 108.879 61.198 157
496.836 108.879 61.197 164
496.840 108.881 61.197 158
496.845 108.882 61.198 152
496.849 108.883 61.198 141
496.851 108.890 61.199 128
496.852 108.903 61.200 129
496.857 108.902 61.200 128
496.861 108.905 61.200 128
496.865 108.909 61.201 121
496.870 108.905 61.200 114
496.874 108.908 61.200 108
496.880 108.903 61.199 105
496.890 108.898 61.198 90
497.994 104.474 60.477 134
497.997 104.472 60.476 149
497.999 104.470 60.476 142
498.001 104.472 60.476 176
498.004 104.470 60.476 147
498.007 104.467 60.475 137
498.009 104.466 60.475 148
498.012 104.466 60.475 166
498.014 104.468 60.475 208
498.016 104.468 60.475 160
498.019 104.463 60.474 136
498.022 104.461 60.474 146
498.024 104.462 60.474 140
498.027 104.458 60.473 252
498.029 104.459 60.473 253
498.031 104.462 60.474 144
498.033 104.462 60.473 147
498.036 104.460 60.473 135
498.037 104.465 60.474 113
498.036 104.483 60.477 89
498.033 104.539 60.485 81
498.033 104.548 60.487 84
498.036 104.547 60.487 83
498.039 104.545 60.486 88
498.038 104.558 60.488 86
498.043 104.543 60.486 88
498.044 104.552 60.487 90
498.046 104.551 60.487 90
498.194 103.865 60.376 95
496.149 108.935 61.231 205
496.153 108.936 61.231 197
496.157 108.938 61.231 204
496.162 108.937 61.230 208
496.166 108.938 61.230 204
496.171 108.939 61.230 207
496.176 108.938 61.230 206
496.180 108.939 61.230 209
496.185 108.938 61.229 209
496.190 108.937 61.229 209
496.194 108.939 61.229 197
496.199 108.940 61.229 203
496.204 108.939 61.229 196
496.208 108.939 61.228 172
496.213 108.939 61.228 146
497.278 105.524 60.664 117
497.283 105.517 60.662 115
497.286 105.515 60.662 114
497.291 105.509 60.661 113
497.293 105.513 60.661 112
497.295 105.514 60.661 111
497.298 105.514 60.661 112
497.303 105.510 60.660 112
497.305 105.513 60.661 112
497.308 105.511 60.660 113
497.311 105.512 60.660 113
497.313 105.513 60.660 110
497.317 105.511 60.660 114
497.319 105.512 60.660 104
497.321 105.518 60.661 84
497.318 105.535 60.664 95
496.291 108.943 61.225 121
496.297 108.942 61.225 180
496.301 108.941 61.224 196
496.305 108.942 61.224 201
496.310 108.941 61.224 207
496.315 108.941 61.224 204
496.320 108.940 61.224 191
496.324 108.942 61.224 167
496.327 108.948 61.224 156
495.903 110.387 61.461 148
497.705 104.342 60.466 214
497.706 104.347 60.466 184
497.707 104.352 60.467 178
497.708 104.355 60.468 170
497.709 104.360 60.468 166
497.711 104.363 60.469 166
497.712 104.367 60.469 167
497.713 104.370 60.470 170
497.713 104.377 60.471 178
497.714 104.382 60.471 175
497.715 104.386 60.472 181
497.711 104.409 60.475 178
497.712 104.412 60.476 182
497.714 104.415 60.476 178
497.715 104.420 60.477 175
497.717 104.423 60.477 173
497.718 104.426 60.478 167
497.719 104.429 60.478 163
497.720 104.433 60.479 162
497.722 104.437 60.479 166
497.723 104.441 60.480 162
497.724 104.445 60.480 163
497.725 104.449 60.481 162
497.727 104.453 60.482 161
497.728 104.458 60.482 162
497.729 104.461 60.483 169
497.730 104.468 60.484 173
497.731 104.472 60.484 179
497.732 104.477 60.485 181
497.733 104.479 60.485 178
497.734 104.484 60.486 180
497.740 104.471 60.484 183
497.743 104.470 60.483 173
497.744 104.474 60.484 172
497.745 104.479 60.485 178
497.747 104.483 60.485 170
497.748 104.486 60.486 170
497.749 104.490 60.486 173
497.751 104.494 60.487 167
497.751 104.501 60.488 171
497.753 104.503 60.488 174
497.754 104.507 60.489 175
497.755 104.513 60.489 172
497.756 104.517 60.490 186
497.757 104.522 60.491 191
497.758 104.526 60.491 212
497.760 104.530 60.492 243
497.761 104.532 60.492 214
497.761 104.541 60.493 182
497.762 104.547 60.494 176
497.764 104.549 60.495 184
497.765 104.554 60.495 188
497.767 104.556 60.495 193
497.769 104.557 60.496 200
497.772 104.553 60.495 190
497.774 104.555 60.495 165
497.778 104.551 60.494 171
497.782 104.544 60.493 253
497.784 104.547 60.494 252
497.785 104.551 60.494 159
497.790 104.542 60.492 138
497.795 104.532 60.491 176
497.796 104.535 60.491 232
497.798 104.538 60.491 209
497.800 104.539 60.492 195
497.801 104.544 60.492 181
497.804 104.542 60.492 170
497.807 104.540 60.491 169
497.811 104.535 60.490 159
497.814 104.531 60.490 155
497.815 104.535 60.490 142
497.817 104.539 60.491 142
497.819 104.538 60.491 157
497.823 104.535 60.490 185
497.826 104.532 60.490 177
497.827 104.535 60.490 154
497.829 104.536 60.490 131
497.830 104.541 60.491 109
497.831 104.549 60.492 122
497.828 104.570 60.495 106
497.990 103.949 60.394 124
496.744 108.812 61.186 151
496.746 108.825 61.188 172
496.749 108.829 61.188 191
496.754 108.829 61.188 213
496.758 108.830 61.188 204
496.763 108.830 61.188 201
496.767 108.831 61.188 194
496.771 108.832 61.188 184
496.775 108.835 61.188 183
496.779 108.835 61.188 171
496.783 108.838 61.189 155
496.788 108.837 61.188 164
496.791 108.842 61.189 166
496.795 108.845 61.189 167
496.799 108.845 61.189 158
496.804 108.846 61.189 149
496.809 108.842 61.188 147
496.813 108.844 61.188 140
496.815 108.853 61.190 141
496.821 108.850 61.189 134
496.823 108.860 61.190 119
496.826 108.863 61.191 123
496.831 108.862 61.190 106
496.832 108.877 61.193 109
496.837 108.875 61.192 107
496.843 108.870 61.191 100
496.849 108.865 61.190 87
497.991 104.478 60.475 80
497.994 104.473 60.474 124
497.997 104.472 60.474 141
497.999 104.472 60.474 149
498.001 104.473 60.474 171
498.004 104.472 60.474 168
498.006 104.474 60.474 128
498.009 104.468 60.473 119
498.012 104.467 60.473 143
498.014 104.466 60.472 155
498.016 104.468 60.473 151
498.018 104.467 60.472 126
498.021 104.466 60.472 113
498.024 104.461 60.471 125
498.028 104.458 60.471 246
498.029 104.459 60.471 249
498.032 104.458 60.471 150
498.033 104.462 60.471 146
498.035 104.463 60.471 136
498.036 104.471 60.472 112
498.038 104.471 60.472 102
498.039 104.480 60.474 80
498.030 104.540 60.483 80
498.036 104.544 60.484 86
498.036 104.557 60.486 84
498.038 104.559 60.486 82
498.039 104.564 60.487 87
498.041 104.568 60.487 89
498.045 104.559 60.486 87
498.046 104.565 60.487 87
496.148 108.936 61.226 203
496.152 108.937 61.226 203
496.157 108.937 61.226 206
496.162 108.936 61.226 209
496.167 108.936 61.225 201
496.171 108.937 61.225 211
496.176 108.937 61.225 208
496.180 108.939 61.225 207
496.185 108.938 61.225 202
496.190 108.937 61.224 205
496.194 108.940 61.225 210
496.199 108.938 61.224 204
496.204 108.939 61.224 201
496.209 108.938 61.224 170
496.213 108.938 61.223 146
497.279 105.520 60.660 114
497.284 105.512 60.659 115
497.287 105.511 60.658 115
497.292 105.507 60.658 113
497.294 105.509 60.658 113
497.296 105.513 60.658 113
497.300 105.511 60.658 111
497.301 105.516 60.659 111
497.304 105.514 60.658 113
497.308 105.513 60.658 114
497.311 105.510 60.657 113
497.312 105.517 60.658 111
497.318 105.507 60.656 113
497.319 105.514 60.657 104
497.319 105.522 60.659 84
497.318 105.536 60.661 94
496.292 108.940 61.220 121
496.297 108.942 61.220 173
496.301 108.940 61.220 195
496.305 108.941 61.220 214
496.310 108.941 61.219 201
496.315 108.941 61.219 195
496.320 108.941 61.219 189
496.324 108.943 61.219 170
496.327 108.947 61.220 155
496.107 109.702 61.343 147
497.705 104.342 60.463 220
497.706 104.347 60.464 177
497.707 104.353 60.465 173
497.708 104.356 60.465 170
497.709 104.359 60.466 165
497.710 104.363 60.466 169
497.711 104.369 60.467 167
497.713 104.371 60.467 170
497.714 104.375 60.468 173
497.714 104.382 60.469 172
497.715 104.386 60.470 182
497.712 104.407 60.473 182
497.713 104.410 60.473 184
497.713 104.417 60.474 182
497.715 104.420 60.475 176
497.717 104.422 60.475 169
497.717 104.427 60.476 166
497.719 104.429 60.476 165
497.720 104.435 60.477 163
497.722 104.438 60.477 162
497.723 104.441 60.478 160
497.724 104.444 60.478 162
497.725 104.450 60.479 160
497.727 104.453 60.479 162
497.728 104.456 60.480 162
497.728 104.465 60.481 169
497.730 104.467 60.481 175
497.731 104.472 60.482 180
497.732 104.478 60.483 180
497.733 104.481 60.483 182
497.734 104.484 60.484 183
497.740 104.472 60.481 177
497.743 104.471 60.481 170
497.744 104.474 60.482 174
497.745 104.478 60.482 167
497.747 104.483 60.483 167
497.748 104.485 60.483 168
497.749 104.490 60.484 168
497.750 104.496 60.485 168
497.751 104.499 60.485 177
497.752 104.504 60.486 170
497.754 104.507 60.486 177
497.755 104.512 60.487 179
497.756 104.518 60.488 188
497.757 104.521 60.488 192
497.758 104.526 60.489 214
497.760 104.530 60.490 245
497.761 104.533 60.490 215
497.762 104.540 60.491 184
497.762 104.546 60.492 177
497.763 104.551 60.492 186
497.765 104.553 60.493 189
497.767 104.557 60.493 193
497.769 104.557 60.493 200
497.772 104.556 60.493 185
497.774 104.558 60.493 159
497.775 104.560 60.493 151
497.779 104.555 60.492 153
497.782 104.554 60.492 178
497.785 104.552 60.492 178
497.789 104.546 60.491 162
497.792 104.542 60.490 162
497.795 104.541 60.490 165
497.798 104.539 60.489 162
497.800 104.536 60.489 161
497.804 104.533 60.488 161
497.806 104.533 60.488 161
497.809 104.531 60.488 159
497.812 104.530 60.487 150
497.815 104.529 60.487 153
497.817 104.527 60.487 157
497.819 104.529 60.487 154
497.821 104.533 60.488 155
497.823 104.534 60.488 173
497.825 104.533 60.487 182
497.828 104.533 60.487 153
497.829 104.536 60.488 123
497.827 104.553 60.490 104
497.830 104.552 60.490 97
497.821 104.598 60.497 101
497.815 104.629 60.502 128
496.573 109.482 61.290 142
496.747 108.821 61.183 157
496.750 108.827 61.184 162
496.754 108.828 61.184 170
496.759 108.828 61.184 160
496.762 108.832 61.184 157
496.766 108.834 61.184 151
496.771 108.834 61.184 145
496.774 108.837 61.184 143
496.778 108.839 61.184 141
496.782 108.841 61.184 143
496.787 108.840 61.184 141
496.793 108.836 61.183 113
496.797 108.835 61.183 107
496.801 108.836 61.183 104
496.808 108.829 61.182 90
496.815 108.819 61.180 84
497.952 104.507 60.478 81
497.953 104.509 60.479 105
497.994 104.476 60.472 113
497.996 104.475 60.472 122
497.999 104.473 60.472 138
498.001 104.472 60.471 141
498.003 104.473 60.471 142
498.006 104.470 60.471 126
498.009 104.470 60.471 126
498.011 104.470 60.471 134
498.014 104.468 60.470 137
498.016 104.466 60.470 135
498.019 104.465 60.470 126
498.021 104.465 60.470 109
498.023 104.466 60.470 100
498.027 104.458 60.468 111
498.029 104.462 60.469 123
498.032 104.459 60.468 142
498.034 104.461 60.469 136
498.036 104.461 60.469 121
498.036 104.469 60.470 111
498.038 104.470 60.470 103
498.040 104.474 60.470 82
498.038 104.493 60.473 85
498.032 104.532 60.480 80
498.033 104.538 60.481 83
498.038 104.534 60.480 81
498.036 104.557 60.483 84
498.039 104.552 60.482 80
498.042 104.563 60.484 86
498.042 104.574 60.486 83
498.045 104.571 60.485 86
496.148 108.939 61.222 206
496.152 108.937 61.222 210
496.157 108.938 61.221 210
496.161 108.939 61.221 203
496.166 108.939 61.221 207
496.171 108.937 61.221 199
496.175 108.939 61.221 203
496.180 108.940 61.221 201
496.185 108.939 61.220 193
496.190 108.937 61.220 205
496.194 108.938 61.220 202
496.199 108.939 61.220 207
496.203 108.940 61.219 207
496.208 108.939 61.219 171
496.214 108.937 61.219 146
497.279 105.520 60.657 115
497.285 105.511 60.656 113
497.287 105.512 60.656 115
497.291 105.511 60.655 114
497.293 105.514 60.656 113
497.295 105.515 60.656 112
497.298 105.515 60.656 112
497.301 105.513 60.655 111
497.304 105.516 60.655 110
497.308 105.512 60.655 113
497.309 105.516 60.655 112
497.313 105.513 60.655 111
497.316 105.514 60.655 114
497.317 105.520 60.656 103
497.319 105.525 60.656 83
497.318 105.536 60.658 92
496.291 108.942 61.216 120
496.297 108.942 61.216 170
496.301 108.941 61.215 197
496.305 108.941 61.215 203
496.310 108.941 61.215 193
496.315 108.941 61.215 201
496.319 108.942 61.215 194
496.324 108.943 61.215 170
496.327 108.948 61.215 154
496.110 109.693 61.337 146
497.706 104.340 60.461 217
497.706 104.347 60.462 187
497.707 104.353 60.463 172
497.708 104.357 60.463 169
497.709 104.359 60.463 171
497.710 104.363 60.464 170
497.711 104.368 60.465 170
497.713 104.371 60.465 170
497.714 104.375 60.466 172
497.715 104.380 60.466 174
497.715 104.388 60.468 178
497.711 104.408 60.471 182
497.713 104.411 60.471 182
497.713 104.418 60.472 179
497.715 104.420 60.472 178
497.716 104.425 60.473 181
497.718 104.426 60.473 168
497.719 104.429 60.474 165
497.720 104.434 60.474 163
497.722 104.438 60.475 160
497.723 104.441 60.475 159
497.724 104.446 60.476 162
497.725 104.450 60.477 161
497.727 104.453 60.477 163
497.727 104.458 60.478 164
497.729 104.462 60.478 165
497.729 104.470 60.479 176
497.730 104.474 60.480 172
497.732 104.477 60.480 178
497.733 104.481 60.481 182
497.734 104.486 60.481 181
497.740 104.471 60.479 175
497.743 104.469 60.479 170
497.744 104.474 60.479 173
497.746 104.477 60.480 168
497.747 104.483 60.481 170
497.748 104.486 60.481 167
497.750 104.489 60.481 166
497.751 104.492 60.482 168
497.752 104.498 60.483 176
497.752 104.504 60.484 169
497.754 104.507 60.484 171
497.755 104.513 60.485 177
497.756 104.519 60.486 186
497.757 104.522 60.486 198
497.759 104.525 60.486 217
497.760 104.530 60.487 241
497.761 104.533 60.487 216
497.762 104.538 60.488 186
497.762 104.546 60.489 181
497.764 104.549 60.490 187
497.765 104.554 60.491 191
497.767 104.556 60.491 197
497.769 104.556 60.491 205
497.771 104.557 60.491 192
497.774 104.558 60.491 160
497.776 104.558 60.491 157
497.779 104.556 60.490 170
497.782 104.552 60.490 192
497.785 104.550 60.489 188
497.788 104.549 60.489 172
497.791 104.546 60.488 163
497.795 104.541 60.487 157
497.799 104.533 60.486 148
497.802 104.532 60.486 149
497.804 104.534 60.486 156
497.806 104.533 60.486 155
497.808 104.534 60.486 149
497.814 104.522 60.484 143
497.817 104.521 60.483 186
497.818 104.526 60.484 167
497.820 104.526 60.484 162
497.821 104.531 60.485 159
497.823 104.534 60.485 171
497.825 104.534 60.485 182
497.827 104.534 60.485 156
497.830 104.534 60.485 133
497.832 104.535 60.485 89
497.828 104.560 60.489 87
497.994 103.922 60.385 98
497.992 103.938 60.388 112
497.994 103.941 60.388 114
496.749 108.813 61.177 123
496.752 108.820 61.178 122
496.755 108.823 61.178 121
496.761 108.820 61.178 110
496.764 108.823 61.178 107
496.770 108.820 61.177 101
496.776 108.813 61.176 92
496.781 108.809 61.175 88
496.613 109.496 61.286 82
496.792 108.803 61.174 81
497.932 104.510 60.477 113
497.935 104.509 60.477 104
497.952 104.504 60.476 131
497.954 104.504 60.476 163
497.956 104.508 60.476 108
497.984 104.487 60.472 84
497.988 104.479 60.471 92
497.989 104.487 60.472 94
497.993 104.477 60.470 109
497.996 104.475 60.470 127
497.999 104.473 60.469 129
498.000 104.477 60.470 129
498.003 104.473 60.469 129
498.006 104.470 60.469 125
498.008 104.472 60.469 124
498.011 104.470 60.468 126
498.013 104.470 60.468 128
498.016 104.468 60.468 133
498.019 104.465 60.467 129
498.021 104.464 60.467 122
498.024 104.463 60.467 115
498.027 104.461 60.467 114
498.029 104.463 60.467 128
498.031 104.464 60.467 134
498.033 104.465 60.467 119
498.033 104.474 60.468 108
498.036 104.473 60.468 101
498.036 104.481 60.469 80
498.038 104.483 60.470 81
498.032 104.530 60.477 80
498.033 104.538 60.478 83
498.035 104.541 60.479 81
498.038 104.549 60.480 80
498.039 104.563 60.482 81
498.042 104.573 60.483 85
498.044 104.576 60.484 83
496.148 108.938 61.217 202
496.152 108.938 61.217 204
496.157 108.937 61.217 204
496.162 108.937 61.216 200
496.167 108.937 61.216 202
496.171 108.937 61.216 205
496.176 108.938 61.216 202
496.180 108.939 61.216 205
496.186 108.937 61.215 197
496.190 108.938 61.215 201
496.195 108.938 61.215 193
496.199 108.938 61.215 209
496.204 108.938 61.215 198
496.209 108.939 61.214 178
496.214 108.936 61.214 146
497.279 105.518 60.654 116
497.285 105.511 60.653 113
497.288 105.510 60.652 115
497.291 105.510 60.652 113
497.293 105.512 60.653 111
497.297 105.508 60.652 112
497.299 105.511 60.652 112
497.302 105.511 60.652 111
497.304 105.515 60.652 112
497.308 105.510 60.652 114
497.311 105.509 60.651 111
497.314 105.511 60.651 111
497.316 105.514 60.652 117
497.318 105.517 60.652 103
497.319 105.523 60.653 83
497.318 105.536 60.655 91
496.291 108.943 61.211 121
496.297 108.940 61.211 169
496.301 108.940 61.210 197
496.305 108.941 61.210 196
496.310 108.941 61.210 199
496.316 108.941 61.210 195
496.319 108.942 61.210 193
496.324 108.943 61.210 173
496.327 108.948 61.210 155
496.111 109.687 61.331 146
497.705 104.342 60.459 215
497.706 104.348 60.460 186
497.707 104.351 60.460 173
497.708 104.355 60.461 164
497.709 104.359 60.461 168
497.711 104.363 60.462 168
497.712 104.366 60.462 173
497.712 104.372 60.463 175
497.714 104.375 60.463 171
497.715 104.381 60.464 174
497.715 104.386 60.465 180
497.711 104.408 60.468 181
497.713 104.412 60.469 176
497.713 104.417 60.470 179
497.715 104.420 60.470 175
497.716 104.424 60.471 174
497.717 104.427 60.471 165
497.718 104.432 60.472 164
497.720 104.435 60.472 163
497.722 104.438 60.472 163
497.723 104.441 60.473 164
497.724 104.447 60.474 162
497.726 104.448 60.474 161
497.726 104.454 60.475 164
497.727 104.458 60.475 164
497.729 104.462 60.476 170
497.729 104.468 60.477 176
497.730 104.473 60.477 176
497.732 104.476 60.478 177
497.733 104.480 60.478 178
497.734 104.484 60.479 181
497.740 104.471 60.477 179
497.744 104.468 60.476 173
497.745 104.472 60.477 169
497.746 104.478 60.477 166
497.747 104.483 60.478 175
497.748 104.486 60.479 167
497.749 104.490 60.479 172
497.751 104.494 60.480 171
497.752 104.496 60.480 175
497.753 104.504 60.481 173
497.754 104.507 60.482 171
497.755 104.512 60.482 182
497.756 104.517 60.483 186
497.757 104.523 60.484 196
497.758 104.525 60.484 214
497.760 104.529 60.485 240
497.761 104.532 60.485 217
497.762 104.539 60.486 187
497.762 104.546 60.487 182
497.764 104.548 60.487 188
497.765 104.553 60.488 192
497.767 104.556 60.488 203
497.769 104.558 60.489 209
497.772 104.555 60.488 213
497.774 104.556 60.488 199
497.777 104.555 60.488 197
497.779 104.555 60.488 200
497.782 104.553 60.487 201
497.786 104.549 60.486 195
497.788 104.550 60.487 186
497.791 104.548 60.486 170
497.795 104.539 60.485 156
497.801 104.525 60.482 156
497.805 104.521 60.481 252
497.805 104.529 60.483 203
497.806 104.535 60.484 167
497.807 104.539 60.484 144
497.813 104.524 60.482 141
497.817 104.522 60.481 161
497.818 104.525 60.482 173
497.821 104.524 60.481 182
497.822 104.528 60.482 183
497.823 104.532 60.483 188
497.825 104.534 60.483 182
497.828 104.533 60.482 156
497.829 104.537 60.483 129
497.832 104.544 60.484 91
497.833 104.549 60.485 94
497.833 104.560 60.486 89
497.830 104.578 60.489 83
497.933 104.505 60.474 112
497.934 104.510 60.475 113
497.951 104.508 60.474 115
497.955 104.502 60.473 136
497.956 104.507 60.474 81
497.996 104.476 60.467 108
497.998 104.474 60.467 124
498.001 104.475 60.467 124
498.004 104.469 60.466 126
498.006 104.472 60.467 123
498.009 104.467 60.466 121
498.011 104.469 60.466 121
498.013 104.473 60.467 118
498.015 104.470 60.466 123
498.018 104.467 60.465 119
498.020 104.470 60.466 118
498.023 104.468 60.465 117
498.025 104.467 60.465 115
498.027 104.468 60.465 113
498.030 104.469 60.465 108
498.032 104.470 60.465 100
498.032 104.477 60.466 91
498.030 104.522 60.473 92
498.029 104.533 60.475 96
498.031 104.538 60.476 83
498.035 104.528 60.474 83
498.032 104.555 60.478 81
498.037 104.541 60.476 84
498.036 104.557 60.479 83
498.039 104.555 60.478 83
498.038 104.568 60.480 80
498.046 104.565 60.480 80
496.148 108.936 61.212 202
496.153 108.937 61.212 197
496.157 108.938 61.212 205
496.161 108.938 61.212 203
496.167 108.937 61.212 197
496.172 108.936 61.211 203
496.176 108.937 61.211 200
496.180 108.939 61.211 208
496.185 108.939 61.211 209
496.190 108.938 61.211 211
496.194 108.938 61.210 203
496.199 108.938 61.210 208
496.204 108.938 61.210 198
496.208 108.939 61.210 172
496.214 108.937 61.209 147
497.280 105.518 60.651 117
497.284 105.513 60.650 116
497.287 105.514 60.650 114
497.291 105.511 60.650 113
497.293 105.514 60.650 111
497.297 105.510 60.649 111
497.299 105.512 60.649 113
497.302 105.512 60.649 112
497.303 105.518 60.650 114
497.308 105.513 60.649 112
497.311 105.509 60.648 110
497.313 105.514 60.649 113
497.316 105.513 60.649 114
497.320 105.510 60.648 103
497.317 105.531 60.651 84
497.317 105.538 60.652 94
496.291 108.942 61.207 120
496.297 108.941 61.206 170
496.301 108.941 61.206 195
496.306 108.940 61.206 204
496.310 108.942 61.206 198
496.315 108.941 61.205 199
496.320 108.941 61.205 201
496.325 108.942 61.205 172
496.327 108.948 61.206 157
496.112 109.684 61.325 147
497.706 104.340 60.456 216
497.706 104.347 60.457 187
497.707 104.351 60.458 172
497.708 104.356 60.458 170
497.709 104.359 60.459 165
497.711 104.363 60.459 168
497.712 104.366 60.460 169
497.713 104.371 60.460 172
497.714 104.375 60.461 170
497.715 104.380 60.462 175
497.715 104.386 60.463 179
497.711 104.409 60.466 182
497.712 104.412 60.467 176
497.713 104.417 60.467 169
497.714 104.423 60.468 174
497.716 104.425 60.468 177
497.717 104.428 60.469 170
497.719 104.432 60.469 162
497.720 104.435 60.470 163
497.722 104.437 60.470 166
497.722 104.444 60.471 162
497.724 104.447 60.471 163
497.725 104.449 60.472 160
497.726 104.454 60.472 159
497.727 104.460 60.473 162
497.729 104.463 60.474 171
497.729 104.469 60.474 181
497.730 104.474 60.475 179
497.731 104.478 60.476 180
497.733 104.482 60.476 179
497.734 104.487 60.477 180
497.740 104.472 60.474 178
497.743 104.470 60.474 170
497.744 104.475 60.475 177
497.746 104.477 60.475 169
497.747 104.482 60.476 169
497.748 104.487 60.476 167
497.749 104.491 60.477 173
497.750 104.495 60.477 172
497.752 104.498 60.478 173
497.753 104.504 60.479 175
497.754 104.506 60.479 174
497.755 104.512 60.480 182
497.756 104.516 60.480 189
497.757 104.522 60.481 196
497.759 104.525 60.482 215
497.760 104.529 60.482 243
497.761 104.532 60.483 217
497.762 104.540 60.484 188
497.762 104.545 60.485 184
497.763 104.551 60.485 189
497.765 104.553 60.486 192
497.767 104.557 60.486 206
497.769 104.557 60.486 210
497.772 104.556 60.486 217
497.774 104.555 60.485 213
497.776 104.555 60.485 210
497.780 104.553 60.485 205
497.783 104.551 60.485 204
497.785 104.550 60.484 194
497.788 104.549 60.484 192
497.791 104.547 60.484 176
497.795 104.539 60.482 158
497.799 104.532 60.481 149
497.803 104.527 60.480 156
497.805 104.530 60.481 193
497.807 104.531 60.481 208
497.809 104.532 60.481 157
497.812 104.527 60.480 157
497.815 104.526 60.479 162
497.818 104.526 60.479 167
497.819 104.528 60.480 162
497.821 104.533 60.480 168
497.823 104.534 60.480 186
497.825 104.534 60.480 186
497.828 104.534 60.480 157
497.830 104.533 60.480 128
497.833 104.540 60.481 90
497.834 104.544 60.481 90
497.837 104.544 60.481 83
497.933 104.515 60.473 82
497.998 104.475 60.465 97
498.002 104.471 60.464 96
498.002 104.478 60.465 108
498.003 104.486 60.466 94
498.007 104.476 60.465 93
498.009 104.478 60.465 90
498.012 104.476 60.465 87
498.012 104.486 60.466 88
498.015 104.482 60.465 89
498.018 104.481 60.465 89
498.019 104.485 60.466 92
498.021 104.488 60.466 96
498.025 104.479 60.465 97
498.027 104.480 60.465 95
498.027 104.493 60.467 89
498.027 104.501 60.468 101
498.026 104.518 60.471 111
498.026 104.527 60.472 101
498.028 104.529 60.472 131
498.030 104.531 60.472 120
498.032 104.532 60.473 88
498.032 104.542 60.474 86
498.035 104.540 60.474 99
498.035 104.548 60.475 95
498.038 104.549 60.475 83
498.038 104.560 60.477 81
498.039 104.566 60.478 82
498.043 104.558 60.476 83
498.043 104.569 60.478 81
498.044 104.573 60.478 82
496.148 108.936 61.208 203
496.152 108.939 61.208 206
496.157 108.937 61.207 201
496.162 108.937 61.207 205
496.166 108.938 61.207 207
496.171 108.938 61.207 206
496.176 108.938 61.207 206
496.180 108.938 61.206 206
496.185 108.939 61.206 203
496.190 108.938 61.206 207
496.195 108.938 61.206 203
496.199 108.938 61.206 206
496.204 108.938 61.205 200
496.208 108.939 61.205 176
496.213 108.940 61.205 148
497.278 105.522 60.649 116
497.285 105.511 60.647 114
497.287 105.511 60.647 114
497.289 105.515 60.647 114
497.293 105.514 60.647 112
497.295 105.516 60.647 111
497.299 105.513 60.647 114
497.301 105.515 60.647 112
497.306 105.510 60.646 114
497.307 105.513 60.646 113
497.311 105.511 60.646 109
497.313 105.513 60.646 113
497.316 105.515 60.646 116
497.319 105.514 60.646 104
497.316 105.533 60.649 84
497.318 105.535 60.649 94
496.292 108.940 61.202 120
496.297 108.941 61.202 171
496.301 108.940 61.201 200
496.306 108.939 61.201 205
496.310 108.942 61.201 195
496.315 108.941 61.201 201
496.320 108.941 61.201 196
496.324 108.943 61.201 175
496.327 108.947 61.201 156
496.114 109.679 61.319 148
497.706 104.340 60.454 217
497.706 104.347 60.455 192
497.707 104.352 60.456 170
497.708 104.355 60.456 166
497.709 104.359 60.457 165
497.710 104.363 60.457 165
497.712 104.366 60.457 167
497.713 104.371 60.458 169
497.713 104.376 60.459 174
497.715 104.380 60.459 176
497.715 104.386 60.460 180
497.711 104.411 60.464 180
497.712 104.413 60.465 179
497.713 104.417 60.465 178
497.714 104.424 60.466 179
497.716 104.426 60.466 174
497.717 104.428 60.467 171
497.718 104.433 60.467 159
497.719 104.436 60.468 162
497.721 104.440 60.468 164
497.723 104.441 60.468 162
497.723 104.448 60.469 163
497.725 104.450 60.469 160
497.726 104.456 60.470 162
497.727 104.459 60.471 164
497.728 104.464 60.471 167
497.729 104.470 60.472 177
497.730 104.475 60.473 179
497.731 104.479 60.473 180
497.732 104.484 60.474 185
497.734 104.486 60.474 180
497.740 104.471 60.472 179
497.743 104.470 60.472 177
497.744 104.474 60.472 174
497.746 104.478 60.473 169
497.747 104.482 60.473 170
497.748 104.485 60.474 170
497.750 104.488 60.474 169
497.751 104.494 60.475 165
497.752 104.498 60.476 170
497.753 104.502 60.476 177
497.754 104.508 60.477 182
497.755 104.511 60.477 179
497.756 104.518 60.478 186
497.757 104.521 60.479 192
497.759 104.524 60.479 214
497.760 104.530 60.480 241
497.761 104.532 60.480 217
497.762 104.539 60.481 189
497.763 104.545 60.482 185
497.764 104.549 60.483 187
497.765 104.553 60.483 189
497.767 104.556 60.484 198
497.769 104.556 60.483 211
497.772 104.556 60.483 216
497.775 104.554 60.483 206
497.777 104.554 60.483 204
497.780 104.553 60.483 202
497.782 104.552 60.482 205
497.785 104.551 60.482 198
497.788 104.549 60.482 191
497.791 104.547 60.481 183
497.794 104.542 60.480 164
497.799 104.534 60.479 159
497.802 104.532 60.479 161
497.805 104.531 60.478 163
497.807 104.531 60.478 160
497.809 104.531 60.478 157
497.810 104.536 60.479 153
497.813 104.537 60.479 153
497.815 104.535 60.478 155
497.817 104.537 60.479 158
497.820 104.537 60.479 175
497.822 104.537 60.479 189
497.825 104.534 60.478 187
497.827 104.534 60.478 156
497.830 104.534 60.478 129
497.997 104.490 60.465 96
498.000 104.486 60.464 89
498.001 104.494 60.466 104
498.004 104.491 60.465 105
498.007 104.489 60.464 107
498.007 104.498 60.466 111
498.010 104.493 60.465 111
498.013 104.490 60.465 115
498.015 104.493 60.465 115
498.018 104.491 60.465 119
498.020 104.490 60.464 120
498.023 104.489 60.464 124
498.025 104.492 60.464 118
498.022 104.512 60.467 104
498.023 104.520 60.469 115
498.026 104.519 60.468 133
498.026 104.528 60.470 104
498.028 104.528 60.470 138
498.030 104.529 60.470 120
498.028 104.550 60.473 92
498.029 104.554 60.474 96
498.032 104.554 60.474 103
498.035 104.549 60.473 107
498.037 104.552 60.473 84
498.038 104.560 60.474 85
498.038 104.571 60.476 98
498.043 104.558 60.474 84
498.044 104.561 60.474 83
498.044 104.575 60.476 84
496.148 108.936 61.203 200
496.152 108.937 61.203 212
496.157 108.938 61.203 207
496.162 108.937 61.203 204
496.166 108.939 61.203 207
496.171 108.937 61.202 213
496.176 108.938 61.202 204
496.180 108.938 61.202 203
496.185 108.938 61.202 206
496.189 108.939 61.202 206
496.195 108.937 61.201 211
496.199 108.937 61.201 197
496.203 108.940 61.201 202
496.208 108.940 61.201 170
496.214 108.937 61.200 148
497.279 105.520 60.646 116
497.284 105.512 60.644 114
497.286 105.514 60.644 113
497.290 105.514 60.644 113
497.293 105.513 60.644 111
497.296 105.513 60.644 112
497.299 105.512 60.644 112
497.301 105.515 60.644 112
497.305 105.513 60.643 112
497.308 105.512 60.643 114
497.311 105.512 60.643 113
497.314 105.512 60.643 111
497.316 105.514 60.643 115
497.318 105.516 60.643 104
497.318 105.526 60.645 80
497.320 105.529 60.645 93
496.292 108.941 61.197 121
496.297 108.940 61.197 169
496.301 108.941 61.197 194
496.305 108.941 61.197 202
496.310 108.941 61.196 193
496.315 108.942 61.196 195
496.320 108.940 61.196 191
496.324 108.942 61.196 181
496.328 108.944 61.196 157
496.115 109.677 61.314 147
497.706 104.340 60.452 210
497.706 104.345 60.452 188
497.707 104.351 60.453 167
497.708 104.355 60.454 167
497.709 104.360 60.454 165
497.710 104.364 60.455 167
497.712 104.367 60.455 170
497.713 104.371 60.456 170
497.714 104.376 60.457 174
497.715 104.381 60.457 179
497.715 104.387 60.458 178
497.711 104.409 60.462 180
497.712 104.413 60.462 181
497.713 104.417 60.463 176
497.714 104.423 60.464 175
497.716 104.426 60.464 177
497.717 104.429 60.464 169
497.719 104.432 60.465 165
497.720 104.435 60.465 163
497.721 104.440 60.466 162
497.722 104.444 60.466 160
497.723 104.447 60.467 163
497.725 104.451 60.467 161
497.726 104.455 60.468 167
497.727 104.461 60.469 163
497.728 104.464 60.469 166
497.729 104.470 60.470 173
497.730 104.475 60.471 174
497.731 104.480 60.471 180
497.732 104.484 60.472 185
497.733 104.488 60.472 189
497.740 104.472 60.470 181
497.743 104.471 60.469 173
497.744 104.474 60.470 174
497.746 104.476 60.470 169
497.746 104.484 60.471 167
497.748 104.485 60.471 171
497.750 104.489 60.472 172
497.750 104.494 60.473 170
497.752 104.499 60.473 170
497.753 104.501 60.474 180
497.754 104.508 60.475 176
497.755 104.512 60.475 180
497.756 104.519 60.476 181
497.757 104.521 60.476 189
497.759 104.524 60.477 212
497.760 104.530 60.478 240
497.761 104.532 60.478 220
497.762 104.537 60.479 188
497.763 104.544 60.480 184
497.764 104.548 60.480 184
497.766 104.551 60.481 181
497.766 104.558 60.481 185
497.769 104.558 60.481 193
497.772 104.555 60.481 195
497.775 104.552 60.480 192
497.778 104.551 60.480 193
497.780 104.553 60.480 191
497.783 104.551 60.480 199
497.785 104.551 60.480 200
497.788 104.547 60.479 193
497.791 104.547 60.479 186
497.794 104.546 60.479 178
497.797 104.543 60.478 167
497.799 104.540 60.478 160
497.802 104.541 60.478 156
497.804 104.544 60.478 155
497.807 104.540 60.477 156
497.808 104.542 60.477 167
497.812 104.541 60.477 177
497.814 104.541 60.477 170
497.817 104.538 60.476 184
497.820 104.536 60.476 187
497.822 104.535 60.476 190
497.825 104.533 60.475 185
497.828 104.533 60.475 157
497.829 104.535 60.476 131
497.938 104.392 60.450 87
497.943 104.380 60.448 97
497.949 104.365 60.446 101
497.951 104.365 60.445 106
497.953 104.367 60.446 110
497.955 104.365 60.445 119
497.958 104.363 60.445 127
497.961 104.362 60.445 135
497.963 104.364 60.445 110
497.971 104.501 60.465 83
497.974 104.500 60.465 84
497.976 104.504 60.465 88
497.976 104.510 60.466 92
497.981 104.499 60.465 99
497.983 104.500 60.465 104
497.986 104.500 60.465 106
497.989 104.497 60.464 109
497.990 104.502 60.465 111
497.994 104.496 60.464 113
497.995 104.500 60.464 122
497.998 104.497 60.464 118
498.000 104.498 60.464 124
498.003 104.497 60.464 128
498.006 104.494 60.463 128
498.008 104.496 60.463 128
498.011 104.491 60.462 127
498.013 104.493 60.463 132
498.015 104.491 60.462 127
498.018 104.492 60.462 130
498.021 104.488 60.462 131
498.023 104.489 60.462 132
498.025 104.489 60.462 133
498.027 104.492 60.462 121
498.024 104.515 60.466 118
498.025 104.520 60.466 134
498.028 104.518 60.466 87
498.028 104.528 60.467 102
498.030 104.529 60.468 99
498.022 104.576 60.475 103
498.021 104.595 60.478 112
498.032 104.555 60.471 97
498.035 104.553 60.471 102
498.037 104.554 60.471 84
498.037 104.565 60.473 84
498.039 104.565 60.473 102
498.041 104.565 60.473 103
498.043 104.569 60.473 83
498.043 104.578 60.474 85
496.148 108.937 61.199 202
496.152 108.937 61.198 202
496.157 108.939 61.198 207
496.162 108.937 61.198 204
496.166 108.938 61.198 207
496.172 108.937 61.197 206
496.176 108.939 61.198 203
496.180 108.938 61.197 193
496.186 108.937 61.197 206
496.190 108.938 61.197 198
496.195 108.937 61.196 202
496.199 108.939 61.196 203
496.204 108.938 61.196 194
496.209 108.939 61.196 177
496.214 108.935 61.195 147
497.278 105.521 60.643 119
497.285 105.510 60.641 117
497.287 105.511 60.641 114
497.291 105.511 60.641 113
497.293 105.513 60.641 110
497.297 105.510 60.640 110
497.299 105.511 60.641 113
497.303 105.509 60.640 112
497.304 105.517 60.641 113
497.308 105.510 60.640 113
497.311 105.511 60.640 112
497.314 105.511 60.640 111
497.316 105.516 60.641 115
497.316 105.523 60.642 101
497.317 105.529 60.642 82
497.317 105.539 60.644 93
496.291 108.943 61.193 121
496.297 108.940 61.192 172
496.302 108.939 61.192 194
496.305 108.942 61.192 203
496.311 108.940 61.192 202
496.315 108.941 61.192 205
496.320 108.941 61.191 198
496.324 108.943 61.191 181
496.328 108.946 61.192 160
496.117 109.669 61.308 146
497.707 104.337 60.449 200
497.706 104.346 60.450 185
497.707 104.353 60.451 166
497.708 104.356 60.451 167
497.709 104.360 60.452 165
497.711 104.363 60.452 168
497.711 104.368 60.453 170
497.712 104.372 60.454 169
497.713 104.377 60.454 179
497.714 104.381 60.455 182
497.715 104.387 60.456 178
497.711 104.411 60.460 183
497.712 104.415 60.460 179
497.712 104.421 60.461 176
497.714 104.424 60.461 178
497.716 104.426 60.462 181
497.717 104.430 60.462 171
497.718 104.433 60.463 168
497.719 104.438 60.463 162
497.721 104.441 60.464 161
497.722 104.445 60.464 160
497.723 104.449 60.465 163
497.724 104.454 60.465 161
497.726 104.456 60.466 163
497.727 104.460 60.466 160
497.728 104.466 60.467 168
497.728 104.473 60.468 176
497.730 104.476 60.468 176
497.730 104.481 60.469 182
497.732 104.483 60.469 184
497.733 104.488 60.470 181
497.740 104.472 60.467 175
497.743 104.470 60.467 173
497.744 104.474 60.467 173
497.746 104.475 60.468 169
497.747 104.483 60.469 173
497.748 104.485 60.469 173
497.749 104.489 60.470 171
497.751 104.493 60.470 173
497.752 104.498 60.471 171
497.753 104.502 60.471 176
497.754 104.507 60.472 170
497.755 104.511 60.473 176
497.756 104.516 60.473 178
497.757 104.521 60.474 187
497.759 104.525 60.474 207
497.760 104.529 60.475 241
497.762 104.531 60.475 218
497.762 104.538 60.476 189
497.763 104.544 60.477 182
497.765 104.546 60.477 172
497.767 104.547 60.477 152
497.769 104.548 60.478 145
497.770 104.554 60.478 162
497.773 104.553 60.478 166
497.776 104.549 60.477 163
497.778 104.550 60.477 190
497.780 104.550 60.477 194
497.783 104.550 60.477 195
497.786 104.548 60.477 197
497.788 104.549 60.477 193
497.791 104.546 60.476 191
497.794 104.545 60.476 186
497.796 104.545 60.476 184
497.798 104.545 60.476 178
497.802 104.543 60.475 184
497.803 104.544 60.476 180
497.806 104.542 60.475 187
497.809 104.539 60.475 187
497.812 104.540 60.475 187
497.814 104.539 60.474 188
497.817 104.538 60.474 189
497.820 104.536 60.474 189
497.823 104.535 60.473 187
497.826 104.533 60.473 184
497.827 104.535 60.473 158
497.830 104.532 60.473 135
497.904 104.418 60.453 82
497.912 104.393 60.449 92
497.916 104.387 60.448 95
497.919 104.385 60.447 104
497.922 104.383 60.447 107
497.926 104.374 60.445 114
497.928 104.377 60.446 120
497.931 104.373 60.445 130
497.934 104.370 60.444 140
497.936 104.369 60.444 141
497.939 104.366 60.444 146
497.942 104.365 60.444 153
497.944 104.365 60.443 160
497.947 104.364 60.443 166
497.949 104.364 60.443 182
497.952 104.361 60.443 191
497.954 104.360 60.442 189
497.957 104.359 60.442 212
497.959 104.359 60.442 212
497.962 104.358 60.442 197
497.964 104.359 60.442 136
497.947 104.508 60.465 83
497.949 104.507 60.465 87
497.950 104.515 60.466 93
497.952 104.514 60.466 99
497.955 104.514 60.465 102
497.958 104.511 60.465 106
497.959 104.515 60.465 109
497.963 104.509 60.464 110
497.965 104.508 60.464 112
497.967 104.511 60.465 117
497.969 104.510 60.464 119
497.972 104.509 60.464 120
497.975 104.505 60.463 123
497.977 104.506 60.463 123
497.979 104.507 60.464 124
497.983 104.503 60.463 124
497.985 104.502 60.463 126
497.988 104.502 60.462 127
497.990 104.501 60.462 128
497.992 104.502 60.462 131
497.995 104.500 60.462 131
497.998 104.499 60.462 127
498.000 104.496 60.461 129
498.003 104.495 60.461 132
498.005 104.495 60.461 130
498.008 104.495 60.461 130
498.010 104.493 60.460 132
498.013 104.491 60.460 132
498.015 104.493 60.460 131
498.017 104.494 60.460 130
498.020 104.490 60.460 130
498.022 104.491 60.460 129
498.025 104.488 60.459 133
498.027 104.490 60.459 136
498.025 104.511 60.463 124
498.025 104.521 60.464 139
498.029 104.514 60.463 89
498.030 104.521 60.464 89
498.028 104.539 60.467 86
498.025 104.564 60.471 103
498.025 104.574 60.472 107
498.033 104.547 60.468 94
498.033 104.558 60.469 92
498.036 104.555 60.469 88
498.038 104.556 60.469 95
498.039 104.565 60.470 118
498.040 104.570 60.471 121
498.043 104.568 60.471 101
498.042 104.581 60.473 85
496.148 108.936 61.194 209
496.152 108.938 61.194 211
496.158 108.936 61.193 200
496.161 108.938 61.193 205
496.166 108.938 61.193 201
496.171 108.938 61.193 201
496.176 108.937 61.193 203
496.181 108.937 61.192 201
496.185 108.938 61.192 207
496.190 108.938 61.192 198
496.195 108.937 61.192 208
496.200 108.937 61.192 197
496.204 108.937 61.191 198
496.209 108.937 61.191 173
496.214 108.937 61.191 149
497.279 105.519 60.640 116
497.284 105.512 60.638 114
497.287 105.512 60.638 117
497.291 105.511 60.638 114
497.293 105.512 60.638 112
497.295 105.514 60.638 114
497.299 105.513 60.638 114
497.305 105.503 60.636 112
497.304 105.514 60.638 113
497.308 105.510 60.637 113
497.311 105.510 60.637 113
497.314 105.512 60.637 113
497.316 105.514 60.637 115
497.318 105.517 60.638 102
497.320 105.522 60.638 83
497.320 105.529 60.639 94
496.293 108.939 61.188 119
496.297 108.940 61.188 169
496.301 108.939 61.187 193
496.306 108.940 61.187 194
496.310 108.941 61.187 212
496.315 108.941 61.187 199
496.320 108.941 61.187 194
496.325 108.942 61.187 183
496.328 108.946 61.187 158
496.117 109.669 61.303 147
497.707 104.337 60.446 203
497.706 104.347 60.448 186
497.707 104.351 60.449 168
497.708 104.355 60.449 168
497.710 104.357 60.449 172
497.711 104.362 60.450 168
497.712 104.367 60.451 168
497.713 104.371 60.451 173
497.714 104.376 60.452 170
497.715 104.381 60.453 173
497.715 104.387 60.453 180
497.711 104.409 60.457 186
497.712 104.415 60.458 183
497.712 104.421 60.459 178
497.714 104.423 60.459 177
497.715 104.428 60.460 173
497.717 104.430 60.460 170
497.718 104.435 60.460 166
497.719 104.439 60.461 161
497.720 104.442 60.461 161
497.721 104.447 60.462 158
497.723 104.450 60.462 164
497.724 104.453 60.463 162
497.726 104.456 60.463 160
497.727 104.461 60.464 160
497.727 104.467 60.465 167
497.728 104.472 60.466 175
497.729 104.477 60.466 179
497.731 104.480 60.467 180
497.732 104.485 60.467 179
497.733 104.489 60.468 178
497.740 104.472 60.465 176
497.743 104.470 60.465 166
497.745 104.472 60.465 167
497.747 104.475 60.465 170
497.747 104.481 60.466 170
497.748 104.484 60.467 170
497.749 104.491 60.468 179
497.751 104.493 60.468 178
497.752 104.498 60.468 170
497.753 104.503 60.469 172
497.754 104.507 60.470 173
497.755 104.511 60.470 175
497.757 104.515 60.471 177
497.758 104.519 60.471 186
497.759 104.523 60.472 201
497.760 104.528 60.473 239
497.762 104.531 60.473 219
497.763 104.537 60.474 186
497.763 104.543 60.475 178
497.765 104.546 60.475 165
497.769 104.539 60.474 147
497.773 104.532 60.473 139
497.774 104.537 60.473 155
497.777 104.536 60.473 159
497.778 104.540 60.474 157
497.779 104.547 60.475 181
497.781 104.547 60.474 206
497.783 104.548 60.475 207
497.785 104.549 60.475 199
497.788 104.548 60.474 194
497.791 104.547 60.474 190
497.793 104.546 60.474 185
497.796 104.544 60.473 184
497.799 104.543 60.473 185
497.802 104.541 60.473 185
497.804 104.542 60.473 188
497.807 104.541 60.473 190
497.809 104.540 60.472 186
497.812 104.538 60.472 188
497.814 104.538 60.472 188
497.817 104.538 60.472 187
497.820 104.536 60.471 185
497.822 104.536 60.471 183
497.826 104.531 60.470 184
497.828 104.533 60.471 157
497.831 104.531 60.470 134
497.893 104.398 60.448 86
497.895 104.396 60.448 93
497.898 104.394 60.447 102
497.901 104.390 60.446 107
497.905 104.386 60.446 112
497.908 104.384 60.445 117
497.911 104.378 60.444 147
497.914 104.375 60.444 155
497.917 104.373 60.443 163
497.919 104.374 60.443 168
497.922 104.373 60.443 184
497.924 104.372 60.443 192
497.927 104.370 60.442 203
497.929 104.370 60.442 209
497.932 104.369 60.442 216
497.935 104.367 60.442 222
497.937 104.367 60.442 220
497.940 104.364 60.441 236
497.942 104.365 60.441 234
497.945 104.363 60.441 234
497.947 104.362 60.441 238
497.950 104.361 60.440 239
497.952 104.361 60.440 234
497.954 104.360 60.440 235
497.957 104.360 60.440 234
497.960 104.357 60.439 223
497.962 104.357 60.439 212
497.963 104.362 60.440 137
496.885 108.901 61.158 107
496.732 109.560 61.262 88
496.895 108.896 61.157 111
496.590 110.201 61.363 104
497.936 104.535 60.467 109
497.941 104.524 60.465 114
497.944 104.518 60.464 119
497.947 104.518 60.464 119
497.949 104.519 60.464 120
497.952 104.513 60.463 122
497.954 104.515 60.463 124
497.957 104.513 60.463 126
497.960 104.512 60.463 128
497.962 104.511 60.462 126
497.965 104.509 60.462 126
497.967 104.511 60.462 127
497.969 104.510 60.462 132
497.972 104.508 60.462 129
497.975 104.507 60.461 128
497.978 104.505 60.461 126
497.980 104.504 60.461 130
497.983 104.500 60.460 131
497.985 104.501 60.460 130
497.988 104.502 60.460 128
497.990 104.501 60.460 130
497.992 104.501 60.460 131
497.995 104.501 60.460 128
497.997 104.501 60.460 132
498.001 104.495 60.459 131
498.003 104.496 60.459 130
498.005 104.496 60.459 128
498.008 104.495 60.458 129
498.010 104.495 60.458 132
498.012 104.495 60.458 131
498.015 104.494 60.458 132
498.017 104.495 60.458 132
498.020 104.490 60.457 127
498.023 104.488 60.457 130
498.025 104.489 60.457 133
498.027 104.490 60.457 142
498.026 104.507 60.460 127
498.026 104.519 60.461 137
498.027 104.523 60.462 88
498.029 104.524 60.462 90
498.032 104.523 60.462 89
498.029 104.547 60.466 107
498.031 104.546 60.465 101
498.032 104.551 60.466 91
498.031 104.567 60.468 115
498.036 104.558 60.467 86
498.037 104.563 60.468 105
498.038 104.569 60.469 108
498.040 104.569 60.468 115
498.043 104.570 60.468 108
498.043 104.577 60.470 90
496.148 108.937 61.189 205
496.152 108.939 61.189 214
496.157 108.938 61.189 207
496.161 108.939 61.189 209
496.166 108.937 61.188 200
496.172 108.937 61.188 204
496.177 108.935 61.188 198
496.180 108.939 61.188 207
496.185 108.938 61.188 195
496.190 108.938 61.187 208
496.194 108.939 61.187 207
496.200 108.937 61.187 195
496.204 108.937 61.187 202
496.209 108.937 61.186 178
496.214 108.937 61.186 147
497.279 105.519 60.637 116
497.283 105.515 60.636 115
497.287 105.514 60.636 119
497.291 105.511 60.635 117
497.294 105.511 60.635 113
497.296 105.510 60.635 113
497.298 105.515 60.635 112
497.301 105.513 60.635 115
497.305 105.513 60.635 113
497.309 105.508 60.634 114
497.311 105.512 60.634 112
497.315 105.508 60.634 110
497.317 105.511 60.634 112
497.319 105.514 60.634 102
497.317 105.531 60.637 86
497.317 105.538 60.638 92
496.293 108.939 61.183 120
496.297 108.940 61.183 168
496.302 108.938 61.182 196
496.306 108.940 61.182 201
496.311 108.940 61.182 205
496.315 108.942 61.182 205
496.320 108.941 61.182 194
496.324 108.942 61.182 182
496.328 108.944 61.182 159
496.321 108.983 61.188 148
497.707 104.335 60.444 197
497.706 104.346 60.445 190
497.707 104.352 60.446 167
497.708 104.356 60.447 173
497.709 104.360 60.448 168
497.711 104.362 60.448 171
497.711 104.368 60.449 167
497.713 104.371 60.449 175
497.714 104.375 60.450 179
497.715 104.381 60.450 178
497.715 104.386 60.451 176
497.710 104.412 60.455 182
497.712 104.414 60.455 177
497.712 104.422 60.456 182
497.713 104.425 60.457 183
497.715 104.430 60.457 176
497.717 104.430 60.457 166
497.718 104.435 60.458 164
497.719 104.440 60.459 162
497.720 104.442 60.459 161
497.721 104.448 60.460 160
497.722 104.451 60.460 163
497.724 104.453 60.461 160
497.725 104.457 60.461 160
497.726 104.463 60.462 164
497.727 104.467 60.463 168
497.728 104.474 60.463 179
497.729 104.476 60.464 175
497.730 104.483 60.465 174
497.732 104.485 60.465 174
497.733 104.488 60.465 180
497.740 104.473 60.463 179
497.743 104.470 60.462 172
497.744 104.474 60.463 173
497.746 104.477 60.463 172
497.747 104.481 60.464 172
497.749 104.484 60.464 168
497.750 104.488 60.465 172
497.751 104.493 60.465 171
497.752 104.498 60.466 166
497.753 104.502 60.467 172
497.754 104.505 60.467 178
497.755 104.512 60.468 176
497.756 104.516 60.469 179
497.758 104.520 60.469 186
497.759 104.523 60.469 201
497.760 104.528 60.470 239
497.762 104.530 60.470 217
497.763 104.535 60.471 186
497.763 104.542 60.472 174
497.765 104.545 60.473 169
497.767 104.547 60.473 157
497.768 104.553 60.474 152
497.770 104.552 60.473 160
497.774 104.548 60.473 154
497.777 104.544 60.472 154
497.779 104.544 60.472 190
497.782 104.545 60.472 216
497.783 104.549 60.472 212
497.786 104.549 60.472 194
497.788 104.548 60.472 192
497.791 104.545 60.471 187
497.793 104.546 60.471 184
497.796 104.544 60.471 184
497.799 104.543 60.471 185
497.802 104.543 60.471 186
497.804 104.540 60.470 186
497.807 104.540 60.470 187
497.809 104.539 60.470 183
497.812 104.538 60.470 185
497.815 104.537 60.469 183
497.818 104.535 60.469 182
497.820 104.535 60.469 180
497.823 104.532 60.468 177
497.826 104.530 60.468 174
497.829 104.529 60.468 155
497.834 104.518 60.466 135
497.857 104.438 60.453 98
497.857 104.446 60.454 104
497.862 104.435 60.452 107
497.872 104.409 60.448 112
497.875 104.404 60.447 116
497.880 104.392 60.445 123
497.883 104.392 60.445 135
497.886 104.390 60.445 137
497.889 104.384 60.444 144
497.892 104.383 60.443 147
497.894 104.383 60.443 151
497.897 104.380 60.443 160
497.899 104.380 60.443 166
497.902 104.379 60.442 183
497.904 104.378 60.442 189
497.907 104.377 60.442 197
497.910 104.376 60.442 201
497.912 104.375 60.441 219
497.914 104.374 60.441 226
497.917 104.374 60.441 232
497.919 104.373 60.441 231
497.922 104.370 60.440 236
497.925 104.370 60.440 238
497.927 104.369 60.440 237
497.929 104.370 60.440 236
497.932 104.367 60.440 242
497.935 104.367 60.439 231
497.937 104.366 60.439 239
497.939 104.367 60.439 237
497.942 104.365 60.439 240
497.944 104.364 60.439 247
497.947 104.363 60.438 241
497.949 104.362 60.438 249
497.952 104.361 60.438 249
497.954 104.360 60.438 247
497.957 104.358 60.437 237
497.959 104.359 60.437 229
497.962 104.358 60.437 220
498.140 103.624 60.321 127
496.876 108.917 61.156 140
496.881 108.916 61.156 151
496.886 108.916 61.156 146
496.890 108.916 61.156 152
496.895 108.912 61.155 144
496.905 108.892 61.152 136
496.599 110.205 61.358 116
497.940 104.537 60.465 119
497.945 104.524 60.463 125
497.949 104.518 60.462 128
497.951 104.519 60.462 129
497.955 104.514 60.461 130
497.957 104.515 60.461 133
497.959 104.515 60.461 130
497.962 104.512 60.460 130
497.965 104.511 60.460 128
497.968 104.508 60.459 128
497.970 104.510 60.460 129
497.972 104.508 60.459 131
497.975 104.506 60.459 130
497.977 104.507 60.459 130
497.980 104.505 60.459 128
497.983 104.502 60.458 129
497.985 104.501 60.458 129
497.988 104.500 60.458 131
497.990 104.500 60.457 128
497.992 104.502 60.458 129
497.995 104.500 60.457 127
497.998 104.498 60.457 132
498.000 104.499 60.457 132
498.002 104.498 60.457 131
498.004 104.500 60.457 127
498.008 104.493 60.456 132
498.010 104.496 60.456 135
498.013 104.491 60.455 132
498.015 104.491 60.455 133
498.017 104.493 60.455 130
498.021 104.488 60.455 132
498.023 104.489 60.455 132
498.025 104.489 60.455 133
498.027 104.490 60.455 139
498.026 104.508 60.457 130
498.026 104.517 60.459 135
498.026 104.525 60.460 92
498.029 104.525 60.460 90
498.031 104.527 60.460 86
498.030 104.539 60.462 95
498.033 104.539 60.462 106
498.032 104.553 60.464 103
498.031 104.568 60.466 120
498.038 104.559 60.465 108
498.039 104.564 60.465 108
498.040 104.570 60.466 101
498.043 104.569 60.466 112
498.045 104.569 60.466 108
496.148 108.937 61.185 205
496.152 108.938 61.185 209
496.157 108.938 61.184 211
496.162 108.936 61.184 201
496.167 108.936 61.184 213
496.171 108.937 61.184 203
496.176 108.937 61.183 207
496.180 108.938 61.183 204
496.186 108.937 61.183 197
496.190 108.938 61.183 208
496.195 108.936 61.182 208
496.199 108.938 61.182 210
496.204 108.939 61.182 200
496.209 108.937 61.182 179
496.214 108.937 61.182 148
497.278 105.523 60.635 117
497.283 105.515 60.633 118
497.287 105.511 60.632 121
497.291 105.511 60.632 117
497.293 105.512 60.632 114
497.296 105.511 60.632 113
497.299 105.512 60.632 114
497.301 105.514 60.632 113
497.305 105.512 60.632 113
497.308 105.512 60.632 114
497.311 105.511 60.631 110
497.313 105.515 60.632 111
497.317 105.513 60.631 112
497.318 105.516 60.632 99
497.317 105.530 60.634 83
497.319 105.533 60.634 95
496.291 108.943 61.179 120
496.297 108.939 61.178 173
496.301 108.941 61.178 199
496.306 108.940 61.178 200
496.311 108.940 61.178 210
496.315 108.941 61.178 206
496.319 108.942 61.178 209
496.324 108.943 61.178 186
496.328 108.946 61.178 159
496.324 108.974 61.182 148
497.708 104.333 60.441 195
497.706 104.347 60.443 188
497.707 104.352 60.444 167
497.709 104.354 60.444 170
497.709 104.360 60.445 173
497.711 104.362 60.445 168
497.712 104.367 60.446 165
497.713 104.370 60.446 171
497.714 104.376 60.447 178
497.715 104.380 60.448 176
497.715 104.386 60.449 176
497.711 104.410 60.453 184
497.711 104.417 60.453 184
497.712 104.421 60.454 180
497.712 104.428 60.455 177
497.715 104.430 60.455 178
497.716 104.433 60.456 165
497.717 104.437 60.456 162
497.718 104.440 60.457 161
497.720 104.445 60.457 160
497.721 104.448 60.458 162
497.723 104.450 60.458 161
497.723 104.456 60.459 160
497.725 104.460 60.459 162
497.726 104.463 60.460 164
497.727 104.468 60.460 171
497.727 104.475 60.461 175
497.729 104.479 60.462 172
497.730 104.483 60.462 177
497.731 104.487 60.463 178
497.733 104.490 60.463 183
497.740 104.471 60.460 180
497.743 104.470 60.460 170
497.744 104.474 60.460 166
497.746 104.476 60.461 165
497.747 104.480 60.461 172
497.748 104.485 60.462 172
497.750 104.488 60.462 168
497.751 104.493 60.463 173
497.752 104.498 60.464 172
497.753 104.502 60.464 173
497.754 104.506 60.465 180
497.756 104.510 60.465 174
497.757 104.515 60.466 179
497.758 104.519 60.467 186
497.759 104.523 60.467 200
497.761 104.527 60.468 236
497.762 104.530 60.468 218
497.763 104.536 60.469 182
497.764 104.541 60.469 168
497.765 104.545 60.470 172
497.767 104.548 60.470 174
497.767 104.554 60.471 177
497.769 104.555 60.471 182
497.773 104.551 60.471 185
497.776 104.548 60.470 185
497.779 104.547 60.470 192
497.781 104.547 60.470 188
497.783 104.550 60.470 192
497.786 104.547 60.470 190
497.789 104.546 60.469 187
497.791 104.547 60.469 185
497.793 104.546 60.469 184
497.797 104.542 60.468 181
497.799 104.543 60.468 180
497.802 104.541 60.468 183
497.805 104.539 60.468 183
497.807 104.538 60.467 181
497.812 104.529 60.466 169
497.817 104.520 60.464 165
497.816 104.533 60.466 171
497.824 104.510 60.463 163
497.830 104.497 60.460 159
497.836 104.482 60.458 158
497.845 104.459 60.454 160
497.852 104.437 60.451 158
497.864 104.404 60.445 165
497.869 104.392 60.443 168
497.871 104.392 60.443 179
497.874 104.389 60.443 184
497.877 104.387 60.442 199
497.879 104.388 60.442 206
497.882 104.387 60.442 212
497.884 104.385 60.442 216
497.887 104.385 60.442 218
497.889 104.383 60.441 221
497.892 104.382 60.441 225
497.895 104.381 60.441 226
497.897 104.381 60.441 229
497.900 104.379 60.440 228
497.902 104.379 60.440 240
497.904 104.379 60.440 246
497.907 104.378 60.440 229
497.910 104.376 60.439 229
497.912 104.374 60.439 231
497.914 104.374 60.439 236
497.917 104.373 60.439 229
497.920 104.372 60.438 232
497.922 104.372 60.438 244
497.925 104.370 60.438 244
497.927 104.369 60.438 249
497.929 104.370 60.438 247
497.932 104.368 60.437 240
497.935 104.367 60.437 234
497.937 104.366 60.437 236
497.939 104.367 60.437 242
497.942 104.364 60.437 242
497.945 104.364 60.436 237
497.947 104.363 60.436 240
497.949 104.362 60.436 241
497.952 104.362 60.436 249
497.954 104.361 60.436 242
497.957 104.359 60.435 237
497.959 104.359 60.435 237
497.962 104.357 60.435 222
498.330 102.830 60.195 121
496.877 108.916 61.152 156
496.880 108.918 61.152 170
496.886 108.917 61.151 167
496.890 108.918 61.151 176
496.894 108.918 61.151 164
496.899 108.919 61.151 159
496.904 108.914 61.150 152
496.911 108.905 61.149 142
496.761 109.562 61.252 125
498.097 103.889 60.360 116
497.950 104.522 60.460 124
497.953 104.520 60.459 128
497.956 104.518 60.459 126
497.959 104.515 60.458 129
497.962 104.512 60.458 128
497.965 104.511 60.458 130
497.967 104.511 60.458 130
497.969 104.511 60.457 130
497.972 104.509 60.457 128
497.975 104.508 60.457 131
497.977 104.507 60.457 131
497.980 104.506 60.456 129
497.983 104.504 60.456 129
497.985 104.502 60.456 129
497.987 104.503 60.456 127
497.990 104.501 60.455 130
497.993 104.500 60.455 132
497.995 104.502 60.455 131
497.997 104.499 60.455 132
498.000 104.498 60.454 132
498.002 104.497 60.454 129
498.005 104.496 60.454 129
498.008 104.494 60.454 128
498.010 104.494 60.454 130
498.012 104.495 60.454 129
498.015 104.494 60.453 130
498.018 104.491 60.453 128
498.021 104.490 60.453 129
498.022 104.493 60.453 132
498.025 104.489 60.452 134
498.028 104.488 60.452 141
498.026 104.505 60.455 132
498.026 104.518 60.457 137
498.026 104.527 60.458 92
498.028 104.530 60.458 87
498.031 104.527 60.458 83
498.030 104.542 60.460 99
498.032 104.542 60.460 116
498.034 104.543 60.460 111
498.033 104.558 60.462 103
498.036 104.558 60.462 86
498.038 104.558 60.462 108
498.040 104.560 60.462 102
498.041 104.565 60.463 95
498.041 104.575 60.465 112
498.045 104.568 60.464 111
496.148 108.938 61.180 202
496.152 108.937 61.180 201
496.157 108.936 61.179 210
496.162 108.937 61.179 199
496.167 108.937 61.179 202
496.172 108.937 61.179 202
496.176 108.937 61.179 206
496.180 108.938 61.179 206
496.185 108.938 61.178 204
496.190 108.937 61.178 198
496.195 108.938 61.178 206
496.200 108.937 61.178 201
496.204 108.939 61.178 200
496.209 108.937 61.177 180
496.214 108.936 61.177 148
497.278 105.521 60.631 118
497.284 105.512 60.630 116
497.287 105.512 60.630 116
497.292 105.507 60.629 116
497.292 105.515 60.630 116
497.296 105.512 60.629 112
497.298 105.515 60.630 113
497.302 105.510 60.629 115
497.305 105.511 60.629 110
497.308 105.510 60.628 114
497.311 105.509 60.628 111
497.313 105.514 60.629 112
497.317 105.512 60.628 112
497.319 105.512 60.628 102
497.320 105.520 60.629 87
497.318 105.536 60.632 97
496.292 108.940 61.174 121
496.297 108.940 61.174 171
496.301 108.941 61.174 202
496.305 108.941 61.173 195
496.311 108.940 61.173 201
496.315 108.942 61.173 199
496.320 108.940 61.173 191
496.325 108.940 61.173 185
496.328 108.946 61.173 162
496.325 108.971 61.177 148
497.708 104.332 60.439 189
497.706 104.347 60.441 190
497.707 104.352 60.442 167
497.708 104.355 60.442 171
497.709 104.360 60.443 170
497.711 104.362 60.443 168
497.712 104.367 60.444 167
497.713 104.369 60.444 166
497.714 104.376 60.445 173
497.715 104.379 60.445 174
497.715 104.387 60.447 175
497.710 104.413 60.451 182
497.711 104.416 60.451 182
497.712 104.422 60.452 178
497.712 104.428 60.453 175
497.714 104.431 60.453 172
497.715 104.434 60.453 166
497.717 104.436 60.454 161
497.718 104.442 60.455 163
497.720 104.444 60.455 160
497.721 104.447 60.455 161
497.722 104.452 60.456 160
497.724 104.455 60.456 160
497.725 104.459 60.457 163
497.726 104.464 60.457 163
497.727 104.469 60.458 171
497.727 104.476 60.459 170
497.729 104.479 60.460 177
497.730 104.484 60.460 180
497.731 104.486 60.460 180
497.733 104.489 60.461 181
497.740 104.472 60.458 182
497.743 104.469 60.457 170
497.745 104.471 60.458 170
497.746 104.477 60.458 173
497.747 104.481 60.459 178
497.749 104.483 60.459 168
497.749 104.490 60.460 168
497.751 104.492 60.461 168
497.753 104.495 60.461 168
497.753 104.501 60.462 174
497.754 104.506 60.462 176
497.755 104.510 60.463 171
497.757 104.514 60.463 176
497.758 104.519 60.464 185
497.759 104.523 60.465 196
497.761 104.526 60.465 230
497.762 104.530 60.466 214
497.763 104.535 60.466 181
497.764 104.539 60.467 165
497.765 104.544 60.468 168
497.767 104.547 60.468 170
497.768 104.551 60.469 180
497.770 104.553 60.469 184
497.773 104.552 60.468 184
497.776 104.548 60.468 173
497.779 104.547 60.468 171
497.781 104.547 60.467 182
497.784 104.545 60.467 185
497.787 104.541 60.466 178
497.791 104.536 60.465 175
497.795 104.530 60.464 167
497.800 104.523 60.463 165
497.805 104.510 60.461 161
497.810 104.502 60.460 163
497.817 104.486 60.457 164
497.820 104.482 60.456 162
497.826 104.467 60.454 162
497.840 104.422 60.447 186
497.846 104.410 60.445 213
497.845 104.423 60.447 187
497.852 104.404 60.444 220
497.855 104.401 60.443 220
497.858 104.397 60.442 225
497.861 104.396 60.442 231
497.864 104.394 60.442 223
497.867 104.392 60.441 229
497.869 104.390 60.441 236
497.872 104.389 60.441 231
497.874 104.388 60.440 231
497.877 104.388 60.440 240
497.879 104.387 60.440 237
497.882 104.385 60.440 223
497.884 104.385 60.440 224
497.887 104.385 60.439 225
497.890 104.383 60.439 227
497.892 104.381 60.439 231
497.894 104.382 60.439 249
497.897 104.381 60.438 240
497.899 104.380 60.438 248
497.902 104.379 60.438 245
497.905 104.377 60.438 234
497.907 104.377 60.437 231
497.910 104.376 60.437 234
497.912 104.374 60.437 236
497.914 104.375 60.437 247
497.917 104.373 60.437 241
497.920 104.371 60.436 230
497.922 104.372 60.436 237
497.924 104.371 60.436 244
497.927 104.370 60.436 248
497.929 104.370 60.436 244
497.932 104.369 60.435 240
497.935 104.367 60.435 246
497.937 104.366 60.435 238
497.939 104.366 60.435 249
497.942 104.366 60.435 245
497.944 104.364 60.434 233
497.947 104.364 60.434 241
497.949 104.363 60.434 244
497.952 104.362 60.434 238
497.954 104.360 60.433 245
497.957 104.360 60.433 242
497.959 104.358 60.433 235
497.962 104.356 60.432 217
496.510 110.428 61.384 123
496.876 108.918 61.147 162
496.881 108.917 61.147 196
496.886 108.916 61.147 197
496.890 108.916 61.147 205
496.894 108.917 61.147 198
496.899 108.918 61.147 184
496.903 108.917 61.146 170
496.908 108.917 61.146 160
496.913 108.916 61.146 154
496.918 108.911 61.145 148
496.926 108.895 61.142 136
496.630 110.183 61.344 115
497.951 104.540 60.460 121
497.959 104.518 60.456 128
497.962 104.511 60.455 129
497.965 104.511 60.455 128
497.967 104.513 60.455 133
497.969 104.512 60.455 129
497.973 104.507 60.454 128
497.975 104.506 60.454 127
497.978 104.504 60.454 128
497.980 104.503 60.454 131
497.982 104.504 60.454 130
497.985 104.501 60.453 131
497.987 104.504 60.453 132
497.990 104.501 60.453 131
497.992 104.501 60.453 131
497.995 104.501 60.453 132
497.998 104.498 60.452 132
498.000 104.496 60.452 127
498.002 104.498 60.452 127
498.005 104.497 60.452 129
498.008 104.496 60.452 126
498.011 104.490 60.451 128
498.012 104.495 60.451 126
498.014 104.495 60.451 131
498.018 104.491 60.450 129
498.020 104.492 60.451 125
498.023 104.489 60.450 130
498.025 104.489 60.450 135
498.028 104.486 60.449 142
498.027 104.504 60.452 129
498.025 104.520 60.455 137
498.025 104.534 60.457 92
498.029 104.523 60.455 94
498.028 104.538 60.457 93
498.029 104.545 60.458 105
498.030 104.550 60.459 117
498.034 104.543 60.458 104
498.034 104.554 60.459 84
498.037 104.554 60.459 86
498.040 104.551 60.459 85
498.038 104.568 60.461 88
498.042 104.563 60.461 104
498.042 104.572 60.462 102
498.042 104.582 60.463 93
496.148 108.937 61.175 199
496.153 108.937 61.175 205
496.157 108.936 61.175 206
496.162 108.937 61.175 203
496.167 108.936 61.174 209
496.172 108.937 61.174 205
496.176 108.937 61.174 199
496.180 108.938 61.174 202
496.186 108.937 61.174 201
496.190 108.937 61.173 211
496.195 108.937 61.173 195
496.199 108.938 61.173 196
496.204 108.937 61.173 196
496.209 108.938 61.173 180
496.213 108.938 61.173 149
497.279 105.520 60.628 117
497.284 105.512 60.627 113
497.287 105.513 60.627 116
497.290 105.512 60.627 115
497.292 105.517 60.627 114
497.295 105.516 60.627 112
497.299 105.513 60.626 114
497.302 105.511 60.626 115
497.305 105.512 60.626 110
497.308 105.513 60.626 113
497.311 105.509 60.625 111
497.313 105.516 60.626 111
497.316 105.513 60.626 115
497.318 105.515 60.626 103
497.324 105.508 60.625 82
497.318 105.535 60.629 92
496.292 108.940 61.169 120
496.297 108.939 61.169 167
496.301 108.939 61.169 195
496.306 108.940 61.169 204
496.311 108.940 61.169 200
496.315 108.941 61.168 202
496.320 108.941 61.168 194
496.325 108.941 61.168 182
496.328 108.945 61.168 163
496.326 108.967 61.172 149
497.708 104.330 60.436 189
497.706 104.346 60.439 191
497.707 104.352 60.439 167
497.708 104.357 60.440 167
497.709 104.360 60.441 168
497.710 104.364 60.441 172
497.712 104.367 60.442 170
497.713 104.369 60.442 165
497.714 104.375 60.443 173
497.715 104.380 60.443 174
497.715 104.387 60.444 172
497.710 104.413 60.448 175
497.711 104.418 60.449 179
497.711 104.426 60.450 185
497.712 104.430 60.451 172
497.714 104.433 60.451 173
497.716 104.434 60.451 168
497.716 104.439 60.452 163
497.718 104.441 60.452 163
497.719 104.445 60.453 159
497.721 104.448 60.453 160
497.722 104.452 60.453 160
497.723 104.457 60.454 160
497.725 104.459 60.454 161
497.726 104.465 60.455 161
497.726 104.471 60.456 163
497.728 104.475 60.457 174
497.728 104.481 60.457 182
497.730 104.484 60.458 178
497.730 104.489 60.459 176
497.732 104.491 60.459 180
497.740 104.471 60.455 183
497.743 104.469 60.455 173
497.745 104.470 60.455 172
497.746 104.477 60.456 173
497.747 104.480 60.457 168
497.748 104.485 60.457 167
497.750 104.488 60.458 169
497.751 104.492 60.458 172
497.752 104.496 60.459 167
497.753 104.501 60.459 173
497.754 104.505 60.460 168
497.756 104.509 60.460 169
497.757 104.512 60.461 182
497.759 104.517 60.461 185
497.760 104.519 60.462 192
497.763 104.519 60.462 210
497.763 104.526 60.463 198
497.765 104.529 60.463 167
497.769 104.522 60.462 158
497.771 104.521 60.462 159
497.774 104.521 60.461 160
497.778 104.515 60.460 160
497.781 104.513 60.460 165
497.788 104.494 60.457 168
497.794 104.484 60.455 167
497.801 104.464 60.452 175
497.806 104.456 60.451 179
497.811 104.445 60.449 180
497.817 104.433 60.447 186
497.821 104.425 60.445 195
497.825 104.417 60.444 216
497.829 104.414 60.444 216
497.832 104.409 60.443 219
497.835 104.407 60.442 223
497.838 104.405 60.442 237
497.841 104.403 60.441 230
497.843 104.403 60.441 225
497.846 104.400 60.441 229
497.849 104.397 60.440 236
497.851 104.399 60.440 240
497.854 104.397 60.440 244
497.857 104.394 60.440 229
497.859 104.395 60.440 230
497.862 104.394 60.439 226
497.864 104.392 60.439 239
497.867 104.392 60.439 242
497.869 104.390 60.438 247
497.872 104.390 60.438 245
497.874 104.388 60.438 237
497.877 104.388 60.438 233
497.879 104.387 60.438 236
497.882 104.386 60.437 234
497.885 104.384 60.437 231
497.887 104.383 60.437 222
497.890 104.382 60.437 223
497.892 104.382 60.437 229
497.894 104.383 60.436 243
497.897 104.382 60.436 245
497.900 104.379 60.436 246
497.902 104.379 60.436 239
497.905 104.378 60.435 234
497.907 104.377 60.435 232
497.909 104.377 60.435 238
497.912 104.374 60.435 235
497.915 104.373 60.434 246
497.917 104.374 60.434 246
497.920 104.372 60.434 238
497.922 104.372 60.434 236
497.924 104.371 60.434 236
497.927 104.371 60.433 239
497.930 104.369 60.433 241
497.932 104.369 60.433 236
497.934 104.368 60.433 236
497.937 104.367 60.433 238
497.939 104.366 60.432 241
497.942 104.365 60.432 236
497.945 104.364 60.432 236
497.947 104.363 60.432 242
497.949 104.363 60.432 244
497.951 104.363 60.431 241
497.954 104.361 60.431 245
497.957 104.358 60.431 247
497.959 104.358 60.430 247
497.962 104.356 60.430 219
496.682 109.710 61.267 132
496.876 108.918 61.143 193
496.881 108.917 61.143 216
496.885 108.917 61.142 219
496.890 108.916 61.142 219
496.894 108.917 61.142 216
496.899 108.918 61.142 213
496.903 108.918 61.142 203
496.908 108.917 61.142 186
496.913 108.917 61.141 174
496.917 108.918 61.142 163
496.921 108.917 61.141 158
496.926 108.916 61.141 152
496.932 108.908 61.139 139
496.782 109.574 61.243 114
498.261 103.225 60.252 112
497.963 104.517 60.454 124
497.967 104.510 60.453 127
497.969 104.512 60.453 128
497.972 104.510 60.453 128
497.975 104.505 60.452 128
497.977 104.508 60.452 130
497.980 104.505 60.451 133
497.983 104.504 60.451 129
497.985 104.504 60.451 126
497.987 104.503 60.451 126
497.990 104.503 60.451 130
497.993 104.499 60.450 130
497.995 104.498 60.450 130
497.997 104.500 60.450 131
498.000 104.498 60.450 129
498.002 104.498 60.450 129
498.005 104.496 60.449 130
498.008 104.495 60.449 128
498.010 104.496 60.449 128
498.013 104.493 60.449 126
498.014 104.497 60.449 130
498.018 104.492 60.448 132
498.020 104.493 60.448 131
498.023 104.487 60.447 132
498.026 104.487 60.447 133
498.027 104.489 60.448 137
498.029 104.493 60.448 114
498.025 104.520 60.452 106
498.027 104.523 60.453 86
498.028 104.531 60.454 105
498.029 104.535 60.454 107
498.029 104.544 60.456 107
498.032 104.540 60.455 114
498.034 104.545 60.456 88
498.034 104.556 60.457 84
498.037 104.554 60.457 83
498.038 104.561 60.458 84
498.038 104.571 60.459 90
498.040 104.568 60.459 106
498.043 104.566 60.459 108
498.044 104.575 60.460 89
496.148 108.937 61.171 202
496.152 108.937 61.171 202
496.158 108.936 61.170 198
496.161 108.938 61.170 200
496.166 108.938 61.170 203
496.172 108.937 61.170 199
496.176 108.938 61.170 203
496.181 108.936 61.169 208
496.185 108.938 61.169 201
496.190 108.937 61.169 209
496.195 108.937 61.169 197
496.200 108.937 61.168 203
496.204 108.938 61.168 202
496.209 108.938 61.168 176
496.213 108.938 61.168 147
497.278 105.522 60.626 116
497.284 105.512 60.624 114
497.288 105.510 60.624 117
497.290 105.514 60.624 115
497.292 105.515 60.624 114
497.297 105.510 60.623 116
497.299 105.512 60.623 115
497.302 105.513 60.623 116
497.306 105.510 60.623 113
497.309 105.509 60.623 114
497.311 105.510 60.623 111
497.313 105.514 60.623 112
497.316 105.514 60.623 115
497.320 105.510 60.622 101
497.320 105.519 60.623 81
497.316 105.542 60.627 93
496.292 108.939 61.165 119
496.297 108.939 61.164 165
496.301 108.939 61.164 188
496.306 108.940 61.164 202
496.311 108.940 61.164 204
496.315 108.942 61.164 201
496.320 108.940 61.163 195
496.324 108.942 61.164 188
496.328 108.945 61.164 160
496.326 108.967 61.167 148
497.709 104.327 60.434 185
497.706 104.345 60.436 194
497.707 104.351 60.437 166
497.708 104.355 60.438 170
497.709 104.361 60.438 172
497.711 104.362 60.438 169
497.711 104.368 60.439 168
497.713 104.370 60.440 169
497.713 104.377 60.441 172
497.714 104.382 60.441 177
497.714 104.389 60.442 179
497.710 104.413 60.446 183
497.710 104.419 60.447 178
497.711 104.425 60.448 179
497.712 104.431 60.449 173
497.714 104.433 60.449 173
497.715 104.436 60.449 173
497.716 104.440 60.450 166
497.717 104.444 60.450 166
497.719 104.447 60.451 163
497.720 104.450 60.451 163
497.722 104.453 60.451 165
497.723 104.457 60.452 160
497.724 104.462 60.452 160
497.725 104.466 60.453 164
497.726 104.470 60.454 166
497.727 104.477 60.455 173
497.727 104.483 60.455 181
497.729 104.487 60.456 173
497.730 104.490 60.456 177
497.732 104.492 60.457 186
497.740 104.472 60.453 180
497.744 104.467 60.452 170
497.745 104.472 60.453 166
497.746 104.476 60.454 170
497.747 104.480 60.454 171
497.749 104.483 60.455 168
497.751 104.484 60.455 167
497.753 104.485 60.455 178
497.756 104.482 60.454 172
497.760 104.477 60.453 177
497.764 104.469 60.452 180
497.766 104.471 60.452 179
497.771 104.463 60.451 183
497.773 104.465 60.451 184
497.776 104.461 60.450 187
497.778 104.464 60.451 189
497.783 104.451 60.448 184
497.788 104.444 60.447 180
497.795 104.425 60.444 214
497.798 104.423 60.444 215
497.801 104.421 60.443 212
497.804 104.418 60.443 220
497.807 104.417 60.443 228
497.810 104.414 60.442 223
497.813 104.412 60.442 233
497.816 104.410 60.441 236
497.818 104.409 60.441 225
497.821 104.407 60.441 231
497.824 104.406 60.440 240
497.826 104.406 60.440 236
497.829 104.405 60.440 240
497.831 104.405 60.440 239
497.834 104.402 60.439 230
497.836 104.403 60.439 241
497.839 104.401 60.439 244
497.841 104.401 60.439 244
497.844 104.401 60.439 240
497.846 104.398 60.438 243
497.849 104.397 60.438 229
497.851 104.398 60.438 237
497.854 104.396 60.438 237
497.857 104.396 60.437 233
497.859 104.394 60.437 236
497.862 104.393 60.437 233
497.864 104.392 60.437 238
497.866 104.392 60.437 248
497.869 104.391 60.436 244
497.872 104.391 60.436 245
497.874 104.390 60.436 241
497.877 104.388 60.436 240
497.879 104.388 60.435 243
497.882 104.386 60.435 232
497.884 104.386 60.435 236
497.887 104.385 60.435 232
497.890 104.383 60.434 226
497.892 104.384 60.434 239
497.894 104.382 60.434 248
497.897 104.381 60.434 251
497.899 104.381 60.434 245
497.902 104.378 60.433 236
497.904 104.378 60.433 227
497.907 104.378 60.433 237
497.910 104.376 60.433 240
497.912 104.375 60.432 241
497.914 104.374 60.432 248
497.917 104.374 60.432 247
497.919 104.373 60.432 248
497.922 104.372 60.432 245
497.924 104.371 60.431 233
497.927 104.371 60.431 242
497.930 104.369 60.431 238
497.932 104.369 60.431 248
497.934 104.369 60.431 243
497.937 104.366 60.430 233
497.939 104.366 60.430 240
497.942 104.365 60.430 246
497.945 104.364 60.430 244
497.947 104.364 60.430 245
497.949 104.363 60.429 240
497.951 104.362 60.429 239
497.954 104.361 60.429 246
497.957 104.360 60.429 250
497.959 104.358 60.428 246
497.962 104.357 60.428 233
496.680 109.720 61.263 128
496.877 108.916 61.138 200
496.881 108.917 61.138 218
496.885 108.917 61.138 232
496.890 108.916 61.138 229
496.894 108.918 61.138 224
496.899 108.918 61.138 228
496.903 108.917 61.137 220
496.908 108.918 61.137 221
496.912 108.919 61.137 201
496.917 108.918 61.137 198
496.921 108.920 61.137 186
496.925 108.920 61.137 174
496.930 108.920 61.137 154
496.929 108.942 61.140 148
496.933 108.945 61.140 158
496.785 109.604 61.243 123
498.267 103.215 60.249 108
497.967 104.522 60.452 119
497.972 104.510 60.450 129
497.975 104.508 60.450 130
497.977 104.507 60.450 129
497.980 104.506 60.449 128
497.982 104.506 60.449 130
497.985 104.504 60.449 128
497.987 104.502 60.449 129
497.990 104.502 60.448 131
497.993 104.500 60.448 129
497.995 104.499 60.448 132
497.997 104.501 60.448 130
498.000 104.498 60.447 129
498.002 104.498 60.447 130
498.005 104.496 60.447 131
498.008 104.495 60.447 129
498.010 104.494 60.447 132
498.012 104.495 60.447 130
498.015 104.491 60.446 127
498.018 104.489 60.446 131
498.020 104.492 60.446 132
498.023 104.490 60.446 133
498.025 104.488 60.445 133
498.027 104.489 60.445 139
498.029 104.492 60.446 111
498.028 104.509 60.448 82
498.029 104.514 60.449 86
498.026 104.537 60.452 106
498.030 104.532 60.452 110
498.030 104.542 60.453 113
498.033 104.536 60.452 108
498.034 104.544 60.453 100
498.034 104.553 60.454 110
498.037 104.554 60.455 89
498.038 104.557 60.455 93
498.038 104.569 60.457 87
498.040 104.569 60.457 104
498.042 104.570 60.457 114
498.044 104.575 60.457 88
496.148 108.937 61.166 204
496.153 108.937 61.166 206
496.157 108.937 61.166 207
496.162 108.937 61.165 202
496.166 108.937 61.165 198
496.171 108.937 61.165 205
496.176 108.938 61.165 203
496.180 108.938 61.165 198
496.185 108.938 61.165 202
496.190 108.938 61.164 206
496.195 108.937 61.164 202
496.200 108.936 61.164 194
496.204 108.938 61.164 202
496.209 108.936 61.163 181
496.213 108.939 61.163 147
497.279 105.518 60.622 116
497.284 105.513 60.621 115
497.286 105.515 60.621 117
497.290 105.512 60.621 113
497.293 105.512 60.621 113
497.296 105.512 60.621 114
497.300 105.509 60.620 114
497.301 105.516 60.621 118
497.306 105.510 60.620 113
497.308 105.511 60.620 111
497.311 105.511 60.620 107
497.314 105.512 60.620 111
497.317 105.513 60.620 114
497.320 105.511 60.619 98
497.317 105.538 60.623 93
496.292 108.941 61.160 118
496.297 108.939 61.160 166
496.301 108.941 61.160 196
496.306 108.940 61.159 205
496.311 108.940 61.159 207
496.316 108.940 61.159 206
496.320 108.941 61.159 196
496.325 108.941 61.159 186
496.328 108.945 61.159 160
496.327 108.963 61.162 149
497.710 104.326 60.431 178
497.706 104.346 60.434 191
497.707 104.352 60.435 162
497.708 104.355 60.435 164
497.709 104.361 60.436 166
497.710 104.364 60.436 172
497.711 104.368 60.437 169
497.713 104.371 60.437 170
497.714 104.376 60.438 180
497.715 104.381 60.439 178
497.715 104.387 60.440 181
497.710 104.413 60.444 183
497.710 104.419 60.445 180
497.711 104.425 60.445 179
497.712 104.430 60.446 176
497.713 104.435 60.447 173
497.714 104.438 60.447 171
497.716 104.440 60.447 163
497.717 104.444 60.448 161
497.718 104.449 60.448 160
497.719 104.453 60.449 162
497.721 104.457 60.450 163
497.722 104.459 60.450 163
497.724 104.463 60.450 160
497.725 104.466 60.451 159
497.726 104.472 60.452 165
497.726 104.479 60.452 174
497.727 104.485 60.453 176
497.729 104.487 60.454 174
497.730 104.490 60.454 177
497.732 104.491 60.454 183
497.740 104.472 60.451 180
497.743 104.469 60.450 166
497.745 104.473 60.451 165
497.746 104.477 60.451 167
497.749 104.475 60.451 166
497.757 104.454 60.448 178
497.763 104.440 60.445 200
497.767 104.435 60.444 211
497.770 104.431 60.444 214
497.774 104.428 60.443 225
497.777 104.425 60.443 225
497.779 104.424 60.442 228
497.782 104.422 60.442 222
497.785 104.421 60.442 226
497.787 104.420 60.441 238
497.790 104.420 60.441 240
497.792 104.419 60.441 228
497.795 104.418 60.441 236
497.798 104.414 60.440 239
497.800 104.415 60.440 243
497.803 104.413 60.440 238
497.806 104.412 60.440 246
497.808 104.412 60.440 241
497.811 104.410 60.439 236
497.813 104.411 60.439 244
497.816 104.409 60.439 241
497.819 104.407 60.438 237
497.821 104.406 60.438 241
497.823 104.407 60.438 241
497.827 104.404 60.438 238
497.829 104.405 60.438 235
497.831 104.404 60.437 245
497.834 104.403 60.437 247
497.836 104.403 60.437 244
497.839 104.402 60.437 240
497.841 104.401 60.437 243
497.844 104.399 60.436 239
497.846 104.398 60.436 241
497.849 104.397 60.436 234
497.851 104.397 60.436 239
497.854 104.396 60.435 247
497.856 104.397 60.435 242
497.859 104.394 60.435 237
497.862 104.394 60.435 235
497.864 104.393 60.435 247
497.866 104.393 60.434 249
497.870 104.390 60.434 238
497.872 104.390 60.434 244
497.874 104.389 60.434 237
497.877 104.388 60.433 243
497.879 104.387 60.433 239
497.882 104.386 60.433 235
497.884 104.386 60.433 238
497.887 104.385 60.432 235
497.889 104.384 60.432 241
497.892 104.383 60.432 235
497.894 104.382 60.432 242
497.897 104.380 60.431 241
497.900 104.379 60.431 247
497.902 104.378 60.431 239
497.904 104.379 60.431 230
497.907 104.377 60.431 243
497.910 104.376 60.430 243
497.912 104.375 60.430 248
497.914 104.375 60.430 237
497.917 104.373 60.430 238
497.919 104.374 60.430 242
497.922 104.372 60.429 245
497.925 104.371 60.429 247
497.927 104.371 60.429 244
497.929 104.370 60.429 249
497.932 104.369 60.428 251
497.934 104.369 60.428 244
497.937 104.368 60.428 236
497.939 104.366 60.428 247
497.942 104.365 60.428 247
497.944 104.364 60.427 247
497.947 104.364 60.427 244
497.949 104.363 60.427 243
497.951 104.362 60.427 242
497.954 104.361 60.427 248
497.957 104.360 60.426 240
497.959 104.358 60.426 245
497.962 104.356 60.426 220
496.680 109.720 61.259 132
496.876 108.917 61.134 194
496.881 108.916 61.133 220
496.885 108.917 61.133 234
496.890 108.916 61.133 226
496.894 108.918 61.133 228
496.899 108.917 61.133 229
496.903 108.917 61.133 224
496.908 108.919 61.133 223
496.912 108.918 61.133 223
496.917 108.918 61.132 218
496.921 108.917 61.132 214
496.926 108.918 61.132 198
496.930 108.919 61.132 164
496.929 108.942 61.136 156
496.934 108.941 61.135 156
496.940 108.932 61.134 148
496.946 108.928 61.133 147
496.954 108.914 61.131 127
498.115 103.887 60.351 105
497.974 104.510 60.448 120
497.977 104.506 60.447 125
497.980 104.506 60.447 127
497.982 104.505 60.447 128
497.985 104.504 60.447 128
497.987 104.506 60.447 130
497.990 104.502 60.446 129
497.992 104.501 60.446 132
497.995 104.500 60.446 132
497.997 104.499 60.445 134
498.000 104.500 60.445 133
498.003 104.497 60.445 129
498.005 104.497 60.445 129
498.008 104.496 60.445 128
498.009 104.496 60.445 134
498.013 104.493 60.444 127
498.016 104.490 60.444 125
498.019 104.485 60.443 135
498.020 104.491 60.443 139
498.023 104.489 60.443 138
498.025 104.492 60.443 136
498.028 104.488 60.443 142
498.029 104.491 60.443 113
498.031 104.494 60.444 83
498.032 104.500 60.444 87
498.029 104.523 60.448 105
498.029 104.534 60.449 108
498.031 104.538 60.450 108
498.032 104.540 60.450 102
498.033 104.547 60.451 118
498.035 104.551 60.452 145
498.037 104.551 60.452 108
498.038 104.558 60.453 135
498.040 104.561 60.453 106
498.039 104.575 60.455 96
498.042 104.573 60.455 116
498.044 104.575 60.455 101
496.148 108.937 61.161 203
496.152 108.937 61.161 207
496.157 108.937 61.161 202
496.162 108.937 61.161 197
496.167 108.936 61.160 196
496.171 108.937 61.160 196
496.176 108.938 61.160 198
496.180 108.937 61.160 203
496.186 108.937 61.160 206
496.190 108.938 61.160 202
496.194 108.938 61.160 209
496.200 108.936 61.159 194
496.205 108.936 61.159 197
496.209 108.937 61.159 178
496.214 108.938 61.159 146
497.278 105.524 60.620 116
497.284 105.512 60.618 113
497.287 105.513 60.618 118
497.291 105.510 60.618 116
497.294 105.509 60.617 114
497.296 105.513 60.618 113
497.300 105.510 60.617 114
497.301 105.514 60.618 115
497.304 105.514 60.618 114
497.308 105.511 60.617 113
497.311 105.511 60.617 110
497.313 105.515 60.617 113
497.316 105.513 60.617 117
497.317 105.519 60.618 99
497.319 105.524 60.618 80
497.319 105.533 60.620 90
496.292 108.939 61.155 119
496.297 108.939 61.155 168
496.301 108.940 61.155 193
496.306 108.939 61.155 203
496.311 108.941 61.155 209
496.316 108.941 61.155 213
496.320 108.941 61.154 200
496.325 108.941 61.154 186
496.329 108.943 61.154 165
496.327 108.963 61.157 147
497.710 104.325 60.429 173
497.706 104.347 60.432 192
497.707 104.351 60.432 165
497.708 104.356 60.433 166
497.710 104.358 60.433 173
497.710 104.363 60.434 172
497.711 104.368 60.435 173
497.712 104.372 60.435 175
497.714 104.376 60.436 185
497.715 104.381 60.436 182
497.715 104.386 60.437 176
497.710 104.413 60.441 181
497.710 104.420 60.442 176
497.710 104.427 60.443 178
497.711 104.433 60.444 173
497.713 104.436 60.445 169
497.714 104.437 60.445 165
497.716 104.442 60.445 166
497.717 104.446 60.446 163
497.718 104.449 60.446 160
497.719 104.453 60.447 163
497.721 104.458 60.447 165
497.722 104.460 60.448 160
497.724 104.464 60.448 160
497.724 104.469 60.449 162
497.726 104.473 60.449 163
497.726 104.480 60.450 175
497.727 104.486 60.451 174
497.729 104.488 60.451 172
497.730 104.491 60.452 176
497.732 104.494 60.452 180
497.740 104.472 60.449 175
497.744 104.468 60.448 171
497.745 104.472 60.448 166
497.747 104.474 60.449 167
497.752 104.462 60.447 174
497.764 104.430 60.442 220
497.767 104.426 60.441 244
497.770 104.424 60.440 242
497.772 104.423 60.440 234
497.775 104.424 60.440 242
497.778 104.421 60.440 233
497.780 104.421 60.440 230
497.783 104.420 60.439 241
497.785 104.419 60.439 237
497.788 104.419 60.439 246
497.790 104.418 60.439 235
497.793 104.415 60.438 235
497.796 104.416 60.438 236
497.798 104.414 60.438 243
497.801 104.414 60.438 241
497.804 104.412 60.437 240
497.806 104.412 60.437 246
497.808 104.413 60.437 247
497.811 104.410 60.437 248
497.814 104.409 60.437 235
497.816 104.409 60.436 236
497.819 104.408 60.436 237
497.821 104.407 60.436 234
497.823 104.408 60.436 237
497.826 104.405 60.435 235
497.829 104.404 60.435 230
497.831 104.404 60.435 242
497.834 104.403 60.435 234
497.836 104.401 60.435 241
497.839 104.400 60.434 241
497.841 104.400 60.434 244
497.844 104.399 60.434 239
497.846 104.400 60.434 242
497.849 104.397 60.433 241
497.852 104.397 60.433 243
497.854 104.395 60.433 241
497.856 104.396 60.433 242
497.859 104.394 60.433 239
497.862 104.393 60.432 238
497.864 104.392 60.432 240
497.866 104.393 60.432 243
497.869 104.390 60.432 243
497.872 104.389 60.431 239
497.874 104.389 60.431 237
497.877 104.388 60.431 236
497.879 104.387 60.431 240
497.882 104.387 60.431 240
497.884 104.385 60.430 242
497.887 104.384 60.430 242
497.890 104.383 60.430 248
497.892 104.384 60.430 232
497.895 104.381 60.429 227
497.897 104.380 60.429 226
497.899 104.381 60.429 242
497.902 104.379 60.429 242
497.905 104.378 60.428 241
497.907 104.376 60.428 244
497.910 104.376 60.428 241
497.912 104.376 60.428 249
497.914 104.376 60.428 242
497.917 104.373 60.427 237
497.920 104.372 60.427 242
497.922 104.372 60.427 238
497.924 104.371 60.427 242
497.927 104.371 60.427 243
497.930 104.369 60.426 244
497.932 104.368 60.426 250
497.934 104.368 60.426 242
497.937 104.367 60.426 244
497.939 104.366 60.426 244
497.942 104.366 60.425 242
497.944 104.365 60.425 242
497.947 104.364 60.425 243
497.949 104.363 60.425 236
497.951 104.363 60.425 234
497.954 104.362 60.424 241
497.957 104.360 60.424 238
497.959 104.359 60.424 237
497.962 104.356 60.423 216
496.509 110.433 61.364 130
496.877 108.916 61.129 194
496.881 108.916 61.129 221
496.885 108.918 61.129 235
496.890 108.918 61.129 228
496.894 108.918 61.129 220
496.899 108.918 61.129 232
496.903 108.918 61.128 228
496.908 108.918 61.128 227
496.912 108.917 61.128 225
496.917 108.919 61.128 220
496.921 108.918 61.128 226
496.925 108.920 61.128 220
496.929 108.922 61.128 184
496.930 108.940 61.131 184
496.935 108.936 61.130 166
496.940 108.933 61.129 171
496.945 108.930 61.129 162
496.950 108.931 61.129 144
496.954 108.933 61.129 117
497.977 104.509 60.445 106
497.979 104.508 60.445 120
497.982 104.505 60.444 128
497.985 104.503 60.444 128
497.988 104.501 60.444 128
497.990 104.502 60.444 130
497.993 104.500 60.443 130
497.995 104.500 60.443 130
497.998 104.498 60.443 133
498.000 104.498 60.443 129
498.003 104.497 60.443 129
498.006 104.493 60.442 131
498.008 104.494 60.442 127
498.010 104.493 60.442 130
498.015 104.483 60.440 130
498.017 104.485 60.440 223
498.018 104.488 60.441 180
498.021 104.490 60.441 194
498.023 104.490 60.441 157
498.025 104.488 60.440 138
498.028 104.488 60.440 144
498.030 104.490 60.441 122
498.032 104.491 60.441 89
498.031 104.504 60.443 95
498.032 104.511 60.444 98
498.031 104.524 60.446 96
498.030 104.542 60.448 93
498.034 104.532 60.447 93
498.034 104.544 60.448 105
498.036 104.547 60.449 116
498.036 104.559 60.451 108
498.038 104.559 60.451 144
498.039 104.563 60.451 109
498.041 104.565 60.451 91
498.041 104.578 60.453 117
498.043 104.579 60.453 109
496.148 108.937 61.157 204
496.153 108.935 61.156 198
496.158 108.936 61.156 206
496.162 108.937 61.156 202
496.167 108.936 61.156 199
496.171 108.937 61.156 195
496.176 108.937 61.155 201
496.181 108.936 61.155 210
496.186 108.937 61.155 207
496.190 108.937 61.155 200
496.195 108.937 61.155 198
496.200 108.937 61.154 204
496.204 108.938 61.154 201
496.209 108.938 61.154 172
496.213 108.938 61.154 147
497.278 105.523 60.617 115
497.283 105.515 60.616 112
497.287 105.511 60.615 113
497.290 105.513 60.615 113
497.293 105.512 60.615 115
497.297 105.508 60.614 115
497.300 105.509 60.614 115
497.301 105.515 60.615 113
497.305 105.513 60.615 114
497.309 105.508 60.614 112
497.310 105.512 60.614 111
497.315 105.508 60.613 112
497.318 105.510 60.614 114
497.318 105.516 60.614 96
497.322 105.513 60.614 81
497.320 105.529 60.616 89
496.291 108.942 61.151 119
496.297 108.939 61.151 172
496.302 108.939 61.150 196
496.306 108.940 61.150 204
496.311 108.940 61.150 209
496.316 108.939 61.150 199
496.320 108.939 61.150 204
496.325 108.942 61.150 183
496.329 108.941 61.149 162
496.328 108.960 61.152 151
497.712 104.319 60.425 168
497.706 104.345 60.429 192
497.707 104.351 60.430 167
497.708 104.355 60.431 168
497.709 104.359 60.431 166
497.710 104.364 60.432 169
497.712 104.367 60.432 171
497.712 104.372 60.433 174
497.714 104.376 60.433 176
497.715 104.381 60.434 177
497.715 104.386 60.435 176
497.709 104.415 60.439 186
497.710 104.421 60.440 184
497.710 104.430 60.441 179
497.710 104.435 60.442 175
497.713 104.436 60.442 178
497.714 104.440 60.443 166
497.715 104.445 60.443 163
497.716 104.448 60.444 160
497.717 104.452 60.444 157
497.719 104.455 60.445 159
497.719 104.461 60.446 161
497.722 104.462 60.446 160
497.723 104.466 60.446 163
497.724 104.471 60.447 163
497.725 104.476 60.448 163
497.726 104.481 60.448 181
497.727 104.487 60.449 175
497.728 104.491 60.449 181
497.730 104.491 60.449 179
497.732 104.492 60.449 179
497.740 104.471 60.446 176
497.743 104.469 60.446 173
497.745 104.472 60.446 167
497.747 104.473 60.446 175
497.753 104.459 60.444 176
497.764 104.428 60.439 226
497.767 104.425 60.438 242
497.770 104.424 60.438 238
497.772 104.424 60.438 241
497.775 104.424 60.438 236
497.777 104.422 60.438 241
497.780 104.421 60.437 240
497.783 104.419 60.437 236
497.785 104.419 60.437 236
497.788 104.419 60.437 239
497.791 104.416 60.436 244
497.793 104.416 60.436 250
497.795 104.416 60.436 246
497.798 104.414 60.436 242
497.801 104.413 60.435 242
497.803 104.413 60.435 236
497.806 104.412 60.435 246
497.808 104.412 60.435 233
497.811 104.410 60.434 240
497.814 104.408 60.434 232
497.816 104.408 60.434 241
497.819 104.407 60.434 244
497.821 104.408 60.434 240
497.824 104.406 60.433 242
497.826 104.406 60.433 235
497.829 104.404 60.433 234
497.832 104.403 60.433 238
497.834 104.401 60.432 237
497.836 104.401 60.432 246
497.839 104.402 60.432 241
497.841 104.400 60.432 241
497.844 104.400 60.432 245
497.846 104.398 60.431 246
497.849 104.397 60.431 236
497.851 104.398 60.431 233
497.854 104.395 60.431 233
497.857 104.395 60.430 244
497.859 104.395 60.430 234
497.862 104.393 60.430 243
497.864 104.394 60.430 242
497.867 104.392 60.430 237
497.869 104.391 60.429 243
497.872 104.389 60.429 235
497.874 104.388 60.429 232
497.877 104.389 60.429 235
497.879 104.387 60.429 234
497.882 104.387 60.428 237
497.885 104.384 60.428 248
497.887 104.384 60.428 237
497.889 104.384 60.428 233
497.892 104.382 60.427 234
497.894 104.382 60.427 237
497.897 104.381 60.427 235
497.899 104.380 60.427 242
497.902 104.379 60.427 241
497.905 104.377 60.426 231
497.907 104.377 60.426 244
497.910 104.376 60.426 250
497.912 104.376 60.426 248
497.914 104.375 60.425 245
497.917 104.375 60.425 233
497.920 104.372 60.425 234
497.922 104.373 60.425 234
497.924 104.372 60.425 242
497.927 104.370 60.424 239
497.930 104.369 60.424 241
497.932 104.369 60.424 240
497.935 104.367 60.424 248
497.937 104.368 60.424 237
497.939 104.365 60.423 241
497.942 104.365 60.423 249
497.944 104.364 60.423 249
497.947 104.364 60.423 245
497.949 104.363 60.422 241
497.951 104.363 60.422 238
497.954 104.362 60.422 241
497.956 104.361 60.422 241
497.959 104.359 60.422 241
497.962 104.358 60.421 217
498.157 103.553 60.297 130
496.876 108.919 61.125 192
496.881 108.916 61.124 216
496.885 108.918 61.124 229
496.890 108.917 61.124 230
496.894 108.918 61.124 222
496.899 108.917 61.124 236
496.903 108.919 61.124 238
496.908 108.918 61.124 221
496.912 108.918 61.124 223
496.917 108.918 61.123 226
496.921 108.918 61.123 218
496.925 108.920 61.123 231
496.929 108.923 61.124 195
496.929 108.943 61.127 203
496.934 108.941 61.126 197
496.940 108.932 61.125 192
496.945 108.930 61.124 180
496.949 108.933 61.125 149
496.953 108.939 61.125 129
497.978 104.514 60.444 105
497.981 104.509 60.443 109
497.985 104.505 60.442 112
497.988 104.500 60.441 123
497.990 104.503 60.442 128
497.993 104.500 60.441 128
497.995 104.501 60.441 127
497.998 104.498 60.441 130
498.001 104.496 60.440 131
498.002 104.501 60.441 131
498.006 104.493 60.440 128
498.008 104.495 60.440 131
498.011 104.491 60.439 127
498.014 104.486 60.438 118
498.017 104.485 60.438 147
498.018 104.489 60.439 160
498.020 104.490 60.439 188
498.023 104.490 60.439 151
498.025 104.489 60.438 138
498.027 104.489 60.438 142
498.029 104.490 60.438 119
498.028 104.507 60.441 105
498.033 104.495 60.439 106
498.033 104.508 60.441 98
498.030 104.529 60.444 91
498.032 104.530 60.444 93
498.034 104.535 60.445 88
498.033 104.548 60.447 90
498.037 104.542 60.446 90
498.037 104.554 60.447 91
498.039 104.556 60.448 104
498.040 104.561 60.448 88
498.039 104.575 60.451 91
498.041 104.575 60.450 111
498.044 104.576 60.451 106
496.148 108.937 61.152 199
496.152 108.937 61.152 204
496.158 108.935 61.151 200
496.162 108.937 61.152 209
496.167 108.937 61.151 213
496.172 108.937 61.151 207
496.176 108.938 61.151 197
496.180 108.939 61.151 205
496.185 108.938 61.151 208
496.190 108.937 61.150 206
496.194 108.939 61.150 197
496.200 108.937 61.150 200
496.204 108.937 61.150 206
496.208 108.939 61.150 173
496.214 108.937 61.149 148
497.279 105.521 60.614 117
497.284 105.513 60.613 115
497.287 105.513 60.612 116
497.290 105.514 60.613 115
497.293 105.512 60.612 117
497.297 105.508 60.611 113
497.300 105.510 60.612 115
497.301 105.513 60.612 113
497.305 105.511 60.611 114
497.308 105.511 60.611 111
497.310 105.513 60.611 112
497.314 105.512 60.611 111
497.317 105.513 60.611 112
497.320 105.511 60.611 99
497.321 105.525 60.613 94
496.291 108.944 61.147 120
496.297 108.941 61.146 171
496.301 108.940 61.146 197
496.306 108.940 61.146 210
496.311 108.940 61.145 202
496.316 108.940 61.145 204
496.320 108.942 61.145 194
496.325 108.940 61.145 186
496.329 108.942 61.145 162
496.329 108.956 61.147 151
497.711 104.320 60.423 172
497.706 104.346 60.427 200
497.707 104.352 60.428 166
497.708 104.354 60.428 174
497.709 104.359 60.429 170
497.711 104.361 60.429 172
497.711 104.367 60.430 170
497.712 104.372 60.431 168
497.713 104.376 60.431 174
497.715 104.380 60.432 178
497.715 104.386 60.433 179
497.709 104.417 60.437 182
497.709 104.423 60.438 182
497.710 104.429 60.439 180
497.710 104.436 60.440 178
497.712 104.440 60.440 181
497.713 104.441 60.441 170
497.715 104.445 60.441 162
497.716 104.449 60.442 159
497.717 104.454 60.442 159
497.719 104.454 60.442 163
497.719 104.462 60.443 162
497.721 104.465 60.444 159
497.722 104.468 60.444 160
497.724 104.472 60.445 161
497.725 104.477 60.445 168
497.725 104.484 60.446 180
497.726 104.488 60.447 181
497.727 104.492 60.447 184
497.729 104.494 60.448 183
497.732 104.493 60.447 179
497.740 104.472 60.444 177
497.744 104.467 60.443 173
497.745 104.472 60.444 169
497.747 104.472 60.444 173
497.752 104.464 60.442 181
497.763 104.431 60.437 222
497.767 104.426 60.436 243
497.770 104.425 60.436 242
497.772 104.424 60.436 236
497.775 104.423 60.435 245
497.778 104.420 60.435 244
497.780 104.420 60.435 233
497.783 104.419 60.434 241
497.786 104.419 60.434 233
497.788 104.418 60.434 243
497.791 104.417 60.434 239
497.793 104.417 60.434 242
497.796 104.415 60.433 244
497.798 104.415 60.433 231
497.801 104.414 60.433 248
497.803 104.413 60.433 250
497.806 104.412 60.433 250
497.808 104.411 60.432 236
497.811 104.410 60.432 235
497.814 104.409 60.432 232
497.816 104.408 60.432 237
497.819 104.408 60.432 243
497.821 104.407 60.431 243
497.823 104.407 60.431 244
497.826 104.405 60.431 239
497.829 104.405 60.431 246
497.831 104.403 60.430 236
497.834 104.402 60.430 237
497.836 104.403 60.430 236
497.839 104.400 60.430 234
497.842 104.399 60.429 235
497.844 104.400 60.429 243
497.846 104.400 60.429 246
497.849 104.398 60.429 239
497.852 104.397 60.429 236
497.854 104.396 60.428 239
497.857 104.395 60.428 244
497.859 104.395 60.428 242
497.862 104.393 60.428 238
497.864 104.393 60.428 237
497.867 104.392 60.427 244
497.869 104.392 60.427 246
497.872 104.389 60.427 244
497.874 104.390 60.427 232
497.877 104.388 60.426 236
497.879 104.388 60.426 236
497.882 104.387 60.426 235
497.884 104.386 60.426 236
497.886 104.386 60.426 239
497.889 104.384 60.425 236
497.892 104.383 60.425 239
497.894 104.382 60.425 237
497.897 104.381 60.425 239
497.900 104.379 60.424 239
497.902 104.379 60.424 237
497.904 104.379 60.424 234
497.907 104.378 60.424 233
497.910 104.376 60.424 244
497.912 104.375 60.423 247
497.914 104.376 60.423 246
497.917 104.373 60.423 237
497.920 104.372 60.423 239
497.922 104.372 60.422 247
497.924 104.371 60.422 246
497.927 104.369 60.422 241
497.929 104.370 60.422 244
497.932 104.369 60.422 237
497.934 104.370 60.422 240
497.937 104.367 60.421 234
497.939 104.366 60.421 244
497.941 104.366 60.421 246
497.945 104.364 60.420 240
497.947 104.364 60.420 239
497.949 104.362 60.420 244
497.951 104.362 60.420 249
497.954 104.362 60.420 248
497.957 104.360 60.420 242
497.959 104.359 60.419 243
497.962 104.357 60.419 224
498.150 103.584 60.300 135
496.876 108.917 61.120 191
496.881 108.916 61.120 215
496.886 108.917 61.120 229
496.890 108.918 61.120 237
496.894 108.916 61.119 226
496.899 108.918 61.119 227
496.903 108.918 61.119 222
496.908 108.918 61.119 226
496.912 108.918 61.119 223
496.917 108.918 61.119 239
496.921 108.919 61.119 218
496.925 108.920 61.119 224
496.929 108.922 61.119 192
496.929 108.944 61.122 209
496.933 108.946 61.122 252
496.939 108.939 61.121 203
496.944 108.935 61.120 177
496.948 108.939 61.121 152
496.951 108.945 61.122 144
496.957 108.938 61.120 91
497.976 104.522 60.442 99
497.979 104.519 60.442 104
497.983 104.513 60.441 90
497.986 104.509 60.440 98
497.991 104.496 60.438 106
497.993 104.500 60.439 116
497.995 104.502 60.439 119
497.997 104.500 60.439 127
498.001 104.496 60.438 129
498.002 104.499 60.438 128
498.005 104.497 60.438 130
498.008 104.495 60.438 129
498.010 104.496 60.438 130
498.013 104.492 60.437 124
498.016 104.488 60.436 120
498.018 104.491 60.437 132
498.021 104.488 60.436 141
498.023 104.489 60.436 139
498.025 104.488 60.436 139
498.027 104.490 60.436 141
498.027 104.501 60.438 118
498.031 104.496 60.437 109
498.032 104.500 60.437 112
498.032 104.511 60.439 105
498.030 104.529 60.442 106
498.031 104.536 60.443 111
498.033 104.539 60.443 105
498.033 104.549 60.444 97
498.035 104.550 60.445 104
498.035 104.562 60.446 86
498.039 104.556 60.445 91
498.039 104.566 60.447 82
498.039 104.576 60.448 86
498.041 104.575 60.448 94
498.043 104.581 60.449 98
496.148 108.936 61.147 199
496.153 108.936 61.147 195
496.158 108.935 61.147 202
496.162 108.936 61.147 205
496.166 108.937 61.147 211
496.171 108.937 61.147 200
496.176 108.937 61.146 201
496.180 108.938 61.146 208
496.185 108.938 61.146 212
496.190 108.937 61.146 201
496.194 108.939 61.146 202
496.200 108.936 61.145 196
496.204 108.937 61.145 195
496.209 108.937 61.145 172
496.214 108.936 61.144 147
497.279 105.518 60.611 116
497.284 105.514 60.610 115
497.288 105.508 60.609 116
497.290 105.514 60.610 116
497.293 105.514 60.609 115
497.296 105.512 60.609 117
497.299 105.511 60.609 116
497.302 105.511 60.609 116
497.305 105.511 60.608 117
497.307 105.515 60.609 113
497.311 105.511 60.608 113
497.313 105.514 60.609 113
497.317 105.510 60.608 115
497.320 105.511 60.608 100
497.319 105.525 60.610 84
497.320 105.530 60.611 94
496.292 108.940 61.142 118
496.297 108.939 61.141 167
496.301 108.939 61.141 193
496.306 108.939 61.141 203
496.310 108.941 61.141 207
496.316 108.939 61.140 208
496.320 108.940 61.141 202
496.325 108.941 61.140 188
496.329 108.943 61.140 165
496.329 108.956 61.142 151
497.712 104.318 60.421 165
497.706 104.346 60.425 194
497.707 104.351 60.426 167
497.708 104.355 60.426 171
497.710 104.358 60.426 167
497.710 104.363 60.427 171
497.711 104.368 60.428 169
497.713 104.371 60.428 170
497.714 104.376 60.429 175
497.715 104.381 60.430 179
497.715 104.388 60.430 179
497.709 104.417 60.435 182
497.709 104.422 60.436 177
497.709 104.431 60.437 175
497.710 104.437 60.438 177
497.711 104.441 60.438 171
497.713 104.443 60.439 170
497.714 104.448 60.439 163
497.715 104.451 60.440 160
497.717 104.455 60.440 162
497.718 104.458 60.440 160
497.719 104.463 60.441 160
497.721 104.466 60.441 162
497.722 104.468 60.442 164
497.723 104.474 60.442 162
497.724 104.477 60.443 166
497.724 104.488 60.444 170
497.725 104.491 60.445 179
497.727 104.493 60.445 186
497.729 104.495 60.445 181
497.731 104.495 60.445 184
497.740 104.472 60.442 181
497.744 104.466 60.441 172
497.745 104.472 60.441 170
497.747 104.473 60.441 169
497.752 104.464 60.440 168
497.763 104.431 60.435 219
497.767 104.427 60.434 244
497.769 104.426 60.434 244
497.772 104.424 60.433 247
497.775 104.422 60.433 250
497.777 104.422 60.433 250
497.780 104.420 60.432 241
497.783 104.419 60.432 243
497.786 104.419 60.432 237
497.788 104.418 60.432 243
497.791 104.418 60.432 249
497.793 104.418 60.432 246
497.796 104.416 60.431 249
497.798 104.415 60.431 242
497.801 104.414 60.431 241
497.803 104.413 60.431 237
497.806 104.412 60.430 240
497.809 104.410 60.430 244
497.811 104.410 60.430 234
497.814 104.410 60.430 240
497.816 104.409 60.430 238
497.819 104.407 60.429 244
497.821 104.407 60.429 242
497.823 104.407 60.429 236
497.826 104.406 60.429 224
497.829 104.405 60.428 242
497.832 104.402 60.428 237
497.834 104.403 60.428 241
497.836 104.401 60.428 240
497.839 104.402 60.428 238
497.841 104.400 60.427 234
497.844 104.400 60.427 247
497.846 104.399 60.427 249
497.849 104.399 60.427 234
497.852 104.396 60.426 245
497.854 104.396 60.426 235
497.857 104.396 60.426 248
497.859 104.395 60.426 248
497.862 104.393 60.425 244
497.864 104.393 60.425 234
497.867 104.391 60.425 239
497.869 104.391 60.425 244
497.872 104.391 60.425 236
497.874 104.389 60.424 240
497.877 104.388 60.424 239
497.879 104.388 60.424 238
497.882 104.385 60.424 229
497.884 104.386 60.424 238
497.887 104.385 60.423 235
497.889 104.383 60.423 235
497.892 104.381 60.423 237
497.894 104.383 60.423 243
497.897 104.381 60.422 247
497.900 104.379 60.422 242
497.902 104.379 60.422 240
497.904 104.379 60.422 230
497.907 104.377 60.421 238
497.910 104.375 60.421 237
497.912 104.375 60.421 239
497.914 104.374 60.421 250
497.917 104.374 60.421 246
497.920 104.372 60.420 242
497.922 104.373 60.420 242
497.925 104.371 60.420 236
497.927 104.371 60.420 243
497.929 104.370 60.420 244
497.932 104.369 60.419 245
497.935 104.367 60.419 238
497.937 104.367 60.419 239
497.939 104.367 60.419 238
497.942 104.365 60.418 241
497.945 104.364 60.418 237
497.947 104.364 60.418 239
497.949 104.362 60.418 247
497.952 104.362 60.418 249
497.954 104.361 60.417 245
497.956 104.361 60.417 247
497.959 104.359 60.417 239
497.962 104.358 60.417 227
498.326 102.849 60.185 128
496.876 108.917 61.116 192
496.881 108.916 61.115 213
496.885 108.917 61.115 237
496.890 108.918 61.115 228
496.895 108.916 61.115 223
496.899 108.918 61.115 226
496.903 108.917 61.115 220
496.907 108.919 61.115 230
496.912 108.919 61.115 228
496.917 108.917 61.114 223
496.921 108.917 61.114 227
496.926 108.919 61.114 225
496.929 108.922 61.115 192
496.929 108.943 61.118 207
496.933 108.946 61.118 251
496.939 108.939 61.117 186
496.944 108.937 61.116 166
496.947 108.942 61.117 151
496.951 108.946 61.117 150
496.959 108.929 61.114 94
497.978 104.514 60.439 101
497.981 104.511 60.438 105
497.982 104.516 60.439 86
497.996 104.497 60.436 84
497.998 104.498 60.436 113
498.000 104.498 60.436 121
498.003 104.496 60.435 124
498.005 104.496 60.435 128
498.008 104.494 60.435 127
498.010 104.495 60.435 129
498.012 104.494 60.435 128
498.015 104.492 60.434 131
498.017 104.494 60.435 134
498.021 104.488 60.434 135
498.022 104.491 60.434 136
498.025 104.488 60.434 139
498.027 104.492 60.434 120
498.028 104.495 60.434 108
498.029 104.503 60.436 105
498.031 104.504 60.436 109
498.030 104.519 60.438 107
498.029 104.535 60.440 113
498.031 104.537 60.440 118
498.033 104.537 60.440 116
498.033 104.547 60.442 116
498.035 104.550 60.442 146
498.037 104.552 60.442 106
498.038 104.560 60.444 121
498.040 104.562 60.444 100
498.041 104.566 60.444 87
498.041 104.578 60.446 91
498.042 104.583 60.447 94
496.148 108.936 61.143 202
496.153 108.937 61.143 210
496.157 108.936 61.142 197
496.161 108.938 61.142 195
496.166 108.937 61.142 198
496.172 108.936 61.142 196
496.176 108.938 61.142 205
496.181 108.937 61.141 199
496.185 108.939 61.142 201
496.190 108.937 61.141 200
496.195 108.937 61.141 199
496.200 108.937 61.141 201
496.204 108.937 61.140 202
496.209 108.939 61.140 177
496.214 108.937 61.140 148
497.279 105.520 60.608 118
497.285 105.511 60.607 114
497.287 105.512 60.607 115
497.292 105.507 60.606 115
497.294 105.510 60.606 113
497.297 105.510 60.606 117
497.298 105.515 60.606 115
497.302 105.510 60.606 115
497.305 105.511 60.606 116
497.308 105.511 60.605 113
497.310 105.515 60.606 113
497.314 105.510 60.605 113
497.317 105.513 60.605 115
497.318 105.516 60.606 104
497.319 105.525 60.607 87
497.321 105.528 60.607 97
496.291 108.943 61.137 119
496.297 108.941 61.137 173
496.301 108.939 61.137 200
496.306 108.939 61.136 200
496.310 108.941 61.136 201
496.316 108.939 61.136 201
496.320 108.941 61.136 200
496.325 108.941 61.136 186
496.329 108.942 61.136 169
496.329 108.956 61.138 152
497.712 104.318 60.418 163
497.706 104.346 60.423 208
497.708 104.350 60.423 165
497.708 104.354 60.424 168
497.709 104.358 60.424 166
497.711 104.362 60.425 169
497.711 104.368 60.425 173
497.713 104.371 60.426 176
497.714 104.374 60.426 173
497.714 104.381 60.427 175
497.715 104.386 60.428 174
497.709 104.417 60.433 186
497.709 104.424 60.434 182
497.708 104.434 60.435 180
497.709 104.439 60.436 176
497.711 104.443 60.436 172
497.712 104.445 60.436 167
497.713 104.450 60.437 162
497.715 104.453 60.438 159
497.716 104.457 60.438 163
497.718 104.459 60.438 159
497.718 104.465 60.439 161
497.720 104.468 60.439 161
497.721 104.471 60.440 162
497.723 104.475 60.440 162
497.724 104.480 60.441 168
497.724 104.488 60.442 170
497.725 104.493 60.443 179
497.727 104.495 60.443 180
497.728 104.498 60.443 186
497.731 104.495 60.443 185
497.740 104.472 60.439 182
497.744 104.467 60.438 174
497.746 104.469 60.439 168
497.747 104.473 60.439 169
497.752 104.465 60.438 179
497.763 104.431 60.432 218
497.767 104.426 60.431 238
497.770 104.425 60.431 245
497.773 104.423 60.431 249
497.775 104.423 60.431 251
497.777 104.422 60.431 250
497.780 104.421 60.430 246
497.783 104.419 60.430 231
497.785 104.420 60.430 233
497.788 104.418 60.430 247
497.790 104.418 60.429 243
497.793 104.418 60.429 245
497.796 104.416 60.429 249
497.798 104.415 60.429 240
497.801 104.413 60.428 238
497.803 104.413 60.428 232
497.806 104.411 60.428 234
497.809 104.410 60.428 242
497.811 104.411 60.428 241
497.814 104.409 60.427 236
497.816 104.408 60.427 237
497.818 104.409 60.427 242
497.821 104.408 60.427 243
497.823 104.407 60.427 240
497.826 104.405 60.426 239
497.829 104.404 60.426 241
497.832 104.402 60.426 243
497.834 104.403 60.426 234
497.836 104.402 60.425 230
497.839 104.402 60.425 232
497.841 104.401 60.425 240
497.844 104.399 60.425 244
497.846 104.400 60.425 244
497.849 104.398 60.424 231
497.852 104.395 60.424 236
497.854 104.397 60.424 237
497.857 104.395 60.424 249
497.859 104.394 60.423 245
497.862 104.394 60.423 244
497.864 104.393 60.423 232
497.867 104.392 60.423 233
497.869 104.390 60.422 227
497.872 104.391 60.422 233
497.874 104.389 60.422 238
497.877 104.388 60.422 230
497.879 104.387 60.422 241
497.882 104.387 60.421 228
497.884 104.386 60.421 230
497.887 104.385 60.421 227
497.889 104.384 60.421 235
497.892 104.383 60.421 240
497.894 104.384 60.421 248
497.897 104.381 60.420 231
497.900 104.379 60.420 231
497.902 104.380 60.420 244
497.904 104.378 60.419 243
497.907 104.376 60.419 240
497.910 104.376 60.419 246
497.912 104.375 60.419 244
497.914 104.375 60.419 242
497.917 104.374 60.418 246
497.920 104.372 60.418 236
497.922 104.373 60.418 244
497.924 104.372 60.418 238
497.927 104.371 60.418 238
497.929 104.369 60.417 236
497.932 104.369 60.417 244
497.935 104.368 60.417 241
497.937 104.367 60.417 239
497.940 104.365 60.416 232
497.942 104.366 60.416 236
497.944 104.365 60.416 247
497.947 104.363 60.416 246
497.949 104.363 60.416 245
497.952 104.361 60.415 244
497.954 104.360 60.415 249
497.957 104.360 60.415 241
497.959 104.359 60.415 240
497.962 104.358 60.414 224
498.151 103.576 60.295 134
496.876 108.918 61.111 188
496.881 108.917 61.111 218
496.886 108.916 61.111 224
496.890 108.917 61.111 226
496.894 108.919 61.111 221
496.899 108.918 61.110 219
496.904 108.916 61.110 224
496.908 108.919 61.110 228
496.912 108.918 61.110 228
496.917 108.918 61.110 226
496.921 108.919 61.110 228
496.926 108.919 61.110 231
496.929 108.923 61.110 192
496.930 108.940 61.113 210
496.935 108.938 61.112 190
496.941 108.931 61.111 199
496.945 108.933 61.111 185
496.949 108.936 61.111 150
496.952 108.940 61.112 134
496.961 108.923 61.109 83
497.975 104.526 60.438 101
497.979 104.518 60.437 105
497.981 104.520 60.437 85
497.994 104.514 60.436 91
497.999 104.504 60.434 107
498.002 104.500 60.434 106
498.003 104.504 60.434 111
498.007 104.496 60.433 118
498.010 104.495 60.433 125
498.012 104.497 60.433 130
498.015 104.492 60.432 132
498.018 104.491 60.432 132
498.020 104.491 60.432 134
498.023 104.490 60.432 134
498.025 104.490 60.432 116
498.025 104.500 60.433 102
498.027 104.503 60.433 89
498.029 104.503 60.433 100
498.031 104.503 60.433 104
498.030 104.519 60.436 99
498.030 104.532 60.437 104
498.031 104.538 60.438 116
498.032 104.540 60.439 117
498.034 104.546 60.439 112
498.036 104.548 60.440 135
498.037 104.552 60.440 112
498.038 104.560 60.441 147
498.040 104.559 60.441 111
498.041 104.566 60.442 93
498.041 104.575 60.443 105
498.044 104.574 60.443 102
496.148 108.936 61.138 196
496.153 108.936 61.138 201
496.158 108.936 61.138 198
496.162 108.937 61.138 201
496.167 108.936 61.137 200
496.172 108.936 61.137 205
496.176 108.937 61.137 201
496.181 108.936 61.137 203
496.186 108.936 61.137 197
496.190 108.938 61.137 205
496.195 108.938 61.136 209
496.200 108.936 61.136 205
496.204 108.937 61.136 193
496.208 108.939 61.136 179
496.214 108.936 61.135 149
497.280 105.516 60.605 119
497.283 105.516 60.604 119
497.288 105.510 60.603 116
497.290 105.512 60.604 114
497.293 105.514 60.604 116
497.296 105.514 60.603 113
497.299 105.512 60.603 113
497.302 105.511 60.603 117
497.305 105.513 60.603 114
497.308 105.511 60.603 113
497.310 105.513 60.603 116
497.313 105.513 60.603 113
497.317 105.512 60.602 116
497.317 105.519 60.603 105
497.320 105.520 60.603 87
497.321 105.527 60.604 96
496.292 108.941 61.133 118
496.297 108.942 61.132 171
496.302 108.939 61.132 198
496.306 108.941 61.132 203
496.311 108.941 61.132 209
496.316 108.939 61.131 201
496.320 108.940 61.131 197
496.325 108.941 61.131 184
496.329 108.943 61.131 165
496.330 108.952 61.133 150
497.714 104.313 60.415 160
497.706 104.347 60.421 209
497.707 104.350 60.421 166
497.708 104.355 60.421 166
497.709 104.360 60.422 167
497.710 104.364 60.423 171
497.711 104.368 60.423 174
497.713 104.370 60.423 180
497.714 104.375 60.424 174
497.715 104.381 60.425 178
497.715 104.388 60.426 178
497.708 104.419 60.431 186
497.709 104.425 60.431 183
497.708 104.434 60.433 176
497.709 104.441 60.434 175
497.710 104.447 60.434 175
497.711 104.449 60.435 167
497.713 104.451 60.435 163
497.714 104.454 60.435 162
497.715 104.460 60.436 166
497.717 104.463 60.436 162
497.718 104.468 60.437 163
497.719 104.470 60.437 160
497.721 104.474 60.438 162
497.722 104.476 60.438 162
497.723 104.483 60.439 167
497.724 104.489 60.440 177
497.724 104.494 60.441 180
497.726 104.497 60.441 183
497.728 104.498 60.441 182
497.731 104.497 60.441 180
497.740 104.471 60.437 184
497.744 104.467 60.436 176
497.745 104.471 60.436 171
497.746 104.475 60.437 176
497.751 104.466 60.436 181
497.763 104.431 60.430 218
497.767 104.425 60.429 239
497.770 104.425 60.429 242
497.772 104.425 60.429 244
497.775 104.422 60.428 251
497.777 104.423 60.428 237
497.780 104.421 60.428 239
497.783 104.420 60.428 241
497.785 104.420 60.428 241
497.788 104.418 60.427 246
497.791 104.417 60.427 225
497.793 104.417 60.427 235
497.796 104.415 60.426 244
497.798 104.415 60.426 236
497.800 104.414 60.426 235
497.803 104.414 60.426 235
497.806 104.412 60.426 232
497.808 104.411 60.425 246
497.811 104.411 60.425 236
497.813 104.410 60.425 241
497.816 104.409 60.425 237
497.819 104.408 60.425 239
497.821 104.407 60.424 244
497.824 104.406 60.424 243
497.826 104.406 60.424 247
497.829 104.404 60.424 245
497.831 104.403 60.423 233
497.834 104.403 60.423 238
497.836 104.402 60.423 239
497.839 104.402 60.423 239
497.841 104.400 60.423 239
497.844 104.399 60.422 237
497.846 104.399 60.422 242
497.849 104.398 60.422 234
497.852 104.396 60.422 231
497.854 104.395 60.421 239
497.857 104.395 60.421 243
497.859 104.395 60.421 241
497.862 104.393 60.421 241
497.864 104.392 60.421 239
497.867 104.392 60.420 231
497.869 104.392 60.420 227
497.872 104.390 60.420 237
497.874 104.389 60.420 236
497.877 104.389 60.420 231
497.879 104.388 60.420 234
497.882 104.385 60.419 230
497.884 104.386 60.419 237
497.887 104.385 60.419 236
497.889 104.384 60.419 247
497.892 104.383 60.418 232
497.895 104.381 60.418 239
497.897 104.380 60.418 235
497.900 104.379 60.418 240
497.902 104.379 60.417 239
497.904 104.379 60.417 243
497.907 104.378 60.417 238
497.910 104.376 60.417 241
497.912 104.374 60.416 237
497.914 104.375 60.416 233
497.917 104.375 60.416 235
497.920 104.372 60.416 231
497.922 104.373 60.416 237
497.924 104.371 60.415 240
497.927 104.370 60.415 244
497.929 104.370 60.415 233
497.932 104.369 60.415 236
497.934 104.368 60.415 237
497.937 104.366 60.414 237
497.939 104.367 60.414 230
497.942 104.365 60.414 247
497.945 104.364 60.414 248
497.947 104.363 60.413 247
497.949 104.363 60.413 245
497.952 104.361 60.413 249
497.954 104.360 60.413 235
497.957 104.359 60.413 238
497.959 104.360 60.413 250
497.962 104.358 60.412 229
498.150 103.583 60.294 133
496.877 108.916 61.106 187
496.881 108.917 61.106 216
496.886 108.917 61.106 228
496.890 108.916 61.106 230
496.894 108.917 61.106 231
496.899 108.918 61.106 230
496.903 108.917 61.106 222
496.908 108.917 61.106 225
496.912 108.918 61.106 229
496.917 108.918 61.105 228
496.921 108.919 61.105 228
496.926 108.919 61.105 230
496.929 108.922 61.105 190
496.930 108.939 61.108 215
496.935 108.936 61.107 198
496.941 108.931 61.106 218
496.946 108.928 61.106 201
496.949 108.935 61.107 153
496.952 108.939 61.107 133
496.959 108.931 61.106 87
497.977 104.518 60.435 101
497.980 104.515 60.434 104
497.983 104.512 60.434 86
497.995 104.508 60.433 89
497.996 104.515 60.434 104
498.000 104.507 60.432 96
498.001 104.513 60.433 91
498.009 104.490 60.430 81
498.010 104.494 60.430 104
498.012 104.495 60.430 113
498.014 104.497 60.431 121
498.017 104.494 60.430 124
498.019 104.495 60.430 116
498.021 104.499 60.431 102
498.025 104.491 60.429 80
498.023 104.511 60.432 86
498.028 104.498 60.430 85
498.028 104.508 60.432 101
498.030 104.508 60.432 91
498.030 104.519 60.433 94
498.030 104.532 60.435 94
498.031 104.537 60.436 107
498.032 104.543 60.437 115
498.033 104.547 60.437 97
498.036 104.546 60.437 96
498.037 104.551 60.438 96
498.038 104.559 60.439 110
498.040 104.559 60.439 97
498.040 104.570 60.440 94
498.040 104.580 60.442 110
498.045 104.570 60.440 104
496.148 108.937 61.134 204
496.153 108.937 61.133 203
496.157 108.936 61.133 202
496.162 108.936 61.133 195
496.167 108.936 61.133 204
496.171 108.937 61.133 206
496.176 108.938 61.133 207
496.181 108.937 61.132 205
496.186 108.936 61.132 202
496.190 108.937 61.132 201
496.195 108.938 61.132 207
496.200 108.937 61.131 202
496.204 108.938 61.131 205
496.209 108.937 61.131 170
496.214 108.937 61.131 148
497.279 105.519 60.602 119
497.284 105.514 60.601 117
497.287 105.513 60.601 117
497.290 105.512 60.601 115
497.292 105.517 60.601 115
497.296 105.513 60.600 116
497.299 105.512 60.600 114
497.303 105.509 60.600 114
497.306 105.509 60.599 116
497.308 105.511 60.600 113
497.310 105.514 60.600 115
497.315 105.509 60.599 115
497.317 105.513 60.600 124
497.318 105.516 60.600 105
497.318 105.526 60.601 86
497.320 105.529 60.602 95
496.292 108.940 61.128 120
496.297 108.940 61.128 173
496.301 108.940 61.127 199
496.305 108.941 61.127 202
496.311 108.940 61.127 198
496.316 108.939 61.127 195
496.320 108.940 61.127 194
496.325 108.942 61.127 191
496.329 108.943 61.127 168
496.330 108.953 61.128 154
497.918 103.625 60.307 157
497.707 104.344 60.418 207
497.707 104.351 60.419 165
497.708 104.355 60.419 166
497.709 104.359 60.420 167
497.710 104.363 60.420 168
497.712 104.367 60.421 174
497.713 104.371 60.421 181
497.713 104.376 60.422 176
497.715 104.380 60.422 175
497.715 104.386 60.423 182
497.708 104.420 60.428 184
497.708 104.427 60.429 182
497.708 104.436 60.431 182
497.708 104.444 60.432 179
497.709 104.448 60.432 173
497.711 104.451 60.433 167
497.712 104.454 60.433 164
497.713 104.459 60.434 161
497.714 104.463 60.434 163
497.715 104.467 60.435 162
497.717 104.470 60.435 163
497.719 104.473 60.435 160
497.720 104.477 60.436 163
497.722 104.479 60.436 166
497.722 104.485 60.437 169
497.723 104.491 60.438 173
497.724 104.497 60.439 179
497.726 104.498 60.439 181
497.727 104.501 60.439 176
497.731 104.498 60.439 183
497.740 104.471 60.434 179
497.743 104.468 60.434 179
497.745 104.471 60.434 174
497.747 104.473 60.434 170
497.751 104.467 60.433 175
497.763 104.434 60.428 214
497.767 104.426 60.427 237
497.770 104.425 60.427 243
497.772 104.424 60.426 244
497.775 104.421 60.426 244
497.777 104.422 60.426 235
497.780 104.420 60.426 238
497.783 104.421 60.426 235
497.785 104.420 60.425 245
497.788 104.418 60.425 238
497.791 104.418 60.425 224
497.793 104.417 60.425 242
497.795 104.416 60.424 249
497.798 104.416 60.424 245
497.800 104.415 60.424 237
497.803 104.413 60.424 232
497.805 104.414 60.424 234
497.808 104.412 60.423 235
497.811 104.410 60.423 235
497.814 104.409 60.423 236
497.816 104.408 60.422 244
497.818 104.409 60.422 249
497.821 104.407 60.422 246
497.824 104.406 60.422 247
497.826 104.405 60.422 236
497.829 104.405 60.421 248
497.832 104.403 60.421 229
497.834 104.402 60.421 234
497.836 104.402 60.421 234
497.839 104.401 60.421 233
497.841 104.401 60.421 235
497.844 104.399 60.420 230
497.846 104.398 60.420 235
497.849 104.396 60.419 234
497.852 104.396 60.419 223
497.854 104.396 60.419 238
497.857 104.394 60.419 235
497.859 104.394 60.419 234
497.862 104.393 60.419 244
497.864 104.392 60.418 238
497.867 104.392 60.418 239
497.869 104.391 60.418 243
497.872 104.390 60.418 240
497.874 104.390 60.418 237
497.876 104.389 60.418 239
497.879 104.388 60.417 240
497.882 104.386 60.417 233
497.884 104.385 60.417 240
497.887 104.385 60.417 246
497.889 104.384 60.416 243
497.892 104.383 60.416 241
497.895 104.381 60.416 235
497.897 104.380 60.415 225
497.899 104.380 60.415 231
497.902 104.378 60.415 235
497.904 104.379 60.415 243
497.907 104.377 60.415 231
497.909 104.377 60.414 238
497.912 104.374 60.414 231
497.915 104.374 60.414 231
497.917 104.373 60.414 227
497.920 104.372 60.413 226
497.922 104.372 60.413 235
497.925 104.371 60.413 238
497.927 104.370 60.413 230
497.929 104.371 60.413 232
497.932 104.369 60.413 231
497.934 104.368 60.412 242
497.937 104.368 60.412 240
497.939 104.366 60.412 240
497.942 104.366 60.412 235
497.944 104.364 60.411 236
497.947 104.363 60.411 249
497.949 104.363 60.411 247
497.951 104.363 60.411 245
497.954 104.361 60.411 244
497.956 104.361 60.411 238
497.959 104.360 60.410 247
497.962 104.357 60.410 237
498.149 103.587 60.293 134
496.877 108.915 61.102 193
496.880 108.918 61.102 219
496.886 108.916 61.102 222
496.890 108.917 61.102 243
496.894 108.917 61.101 225
496.899 108.918 61.101 223
496.903 108.917 61.101 223
496.908 108.919 61.101 224
496.912 108.918 61.101 220
496.917 108.918 61.101 221
496.921 108.917 61.101 227
496.926 108.919 61.101 222
496.929 108.923 61.101 189
496.929 108.942 61.104 215
496.934 108.939 61.103 210
496.940 108.934 61.102 206
496.945 108.933 61.102 182
496.949 108.935 61.102 152
496.952 108.941 61.103 139
496.958 108.933 61.102 94
497.976 104.521 60.433 100
497.979 104.521 60.433 105
497.983 104.512 60.431 84
497.996 104.506 60.430 86
497.997 104.513 60.431 103
498.000 104.509 60.430 94
498.004 104.502 60.429 87
498.009 104.509 60.430 82
498.011 104.510 60.430 104
498.014 104.509 60.430 96
498.014 104.521 60.432 94
498.017 104.517 60.431 105
498.018 104.523 60.432 105
498.022 104.512 60.430 101
498.024 104.514 60.430 106
498.026 104.517 60.431 110
498.027 104.522 60.431 89
498.029 104.527 60.432 91
498.030 104.532 60.433 92
498.030 104.540 60.434 102
498.031 104.549 60.435 114
498.035 104.542 60.434 108
498.035 104.550 60.435 92
498.038 104.547 60.435 91
498.039 104.556 60.436 90
498.039 104.566 60.437 91
498.039 104.575 60.439 98
498.041 104.578 60.439 108
498.042 104.582 60.440 100
496.148 108.937 61.129 203
496.152 108.937 61.129 207
496.157 108.937 61.129 206
496.161 108.938 61.129 204
496.166 108.937 61.128 203
496.172 108.937 61.128 204
496.176 108.938 61.128 201
496.181 108.937 61.128 198
496.186 108.936 61.127 197
496.190 108.937 61.127 201
496.195 108.937 61.127 202
496.200 108.937 61.127 201
496.204 108.937 61.127 200
496.210 108.935 61.126 170
496.214 108.937 61.126 148
497.279 105.518 60.599 118
497.284 105.512 60.598 115
497.288 105.508 60.597 118
497.289 105.516 60.598 114
497.293 105.513 60.598 116
497.297 105.510 60.597 115
497.299 105.512 60.597 115
497.302 105.511 60.597 114
497.304 105.515 60.597 113
497.307 105.514 60.597 112
497.311 105.511 60.597 113
497.313 105.513 60.597 122
497.316 105.514 60.597 117
497.318 105.517 60.597 106
497.319 105.525 60.598 88
497.319 105.534 60.600 95
496.293 108.938 61.123 119
496.298 108.939 61.123 166
496.301 108.939 61.123 197
496.306 108.939 61.122 202
496.311 108.940 61.122 201
496.316 108.939 61.122 203
496.320 108.940 61.122 205
496.325 108.941 61.122 189
496.329 108.943 61.122 165
496.330 108.952 61.123 154
497.921 103.616 60.304 155
497.707 104.344 60.415 208
497.707 104.352 60.417 165
497.708 104.357 60.417 173
497.709 104.359 60.417 168
497.711 104.361 60.418 169
497.712 104.367 60.418 171
497.713 104.371 60.419 176
497.714 104.376 60.420 180
497.714 104.381 60.420 181
497.715 104.387 60.421 182
497.708 104.421 60.426 183
497.708 104.428 60.427 181
497.707 104.438 60.429 180
497.707 104.448 60.430 180
497.708 104.451 60.430 174
497.710 104.454 60.431 168
497.711 104.456 60.431 164
497.712 104.461 60.432 161
497.714 104.466 60.432 161
497.715 104.469 60.433 162
497.716 104.474 60.433 164
497.718 104.474 60.433 160
497.719 104.478 60.434 160
497.721 104.482 60.434 162
497.722 104.486 60.435 166
497.722 104.496 60.436 178
497.722 104.502 60.437 180
497.725 104.501 60.437 182
497.727 104.502 60.437 182
497.730 104.498 60.436 178
497.740 104.472 60.432 176
497.744 104.467 60.431 174
497.745 104.471 60.432 174
497.747 104.472 60.432 169
497.751 104.466 60.431 177
497.762 104.435 60.426 218
497.767 104.426 60.424 242
497.770 104.425 60.424 240
497.772 104.424 60.424 249
497.775 104.423 60.424 242
497.777 104.422 60.424 245
497.780 104.421 60.423 238
497.783 104.420 60.423 237
497.785 104.420 60.423 238
497.788 104.418 60.423 234
497.790 104.418 60.423 237
497.793 104.416 60.422 243
497.796 104.415 60.422 246
497.798 104.416 60.422 245
497.801 104.413 60.421 240
497.803 104.414 60.421 242
497.806 104.412 60.421 241
497.808 104.412 60.421 230
497.811 104.411 60.421 227
497.814 104.409 60.420 233
497.816 104.408 60.420 238
497.819 104.407 60.420 235
497.821 104.407 60.420 248
497.824 104.406 60.420 246
497.827 104.405 60.419 238
497.829 104.404 60.419 239
497.831 104.403 60.419 233
497.834 104.403 60.419 240
497.836 104.402 60.418 236
497.839 104.401 60.418 239
497.841 104.401 60.418 235
497.844 104.399 60.418 238
497.846 104.400 60.418 247
497.849 104.398 60.417 237
497.851 104.397 60.417 229
497.854 104.396 60.417 232
497.857 104.395 60.417 227
497.859 104.393 60.416 220
497.862 104.394 60.416 228
497.864 104.392 60.416 234
497.867 104.392 60.416 231
497.869 104.390 60.416 230
497.872 104.389 60.415 224
497.874 104.389 60.415 223
497.877 104.388 60.415 240
497.879 104.387 60.415 239
497.882 104.386 60.415 239
497.884 104.386 60.414 240
497.887 104.384 60.414 238
497.889 104.384 60.414 234
497.892 104.382 60.414 223
497.895 104.381 60.413 224
497.897 104.381 60.413 232
497.899 104.380 60.413 230
497.902 104.378 60.413 236
497.904 104.379 60.413 229
497.907 104.377 60.412 237
497.910 104.376 60.412 245
497.912 104.376 60.412 235
497.915 104.374 60.412 241
497.917 104.374 60.411 229
497.920 104.372 60.411 236
497.922 104.371 60.411 237
497.925 104.371 60.411 235
497.927 104.370 60.411 239
497.929 104.370 60.411 231
497.932 104.369 60.410 236
497.934 104.368 60.410 245
497.937 104.367 60.410 244
497.939 104.367 60.410 239
497.941 104.366 60.410 241
497.944 104.364 60.409 241
497.947 104.364 60.409 244
497.949 104.364 60.409 248
497.951 104.363 60.409 235
497.954 104.360 60.408 236
497.957 104.360 60.408 239
497.959 104.360 60.408 232
497.962 104.356 60.407 231
498.144 103.607 60.294 138
496.876 108.918 61.098 189
496.881 108.917 61.097 217
496.886 108.917 61.097 224
496.890 108.918 61.097 234
496.894 108.917 61.097 229
496.899 108.916 61.097 218
496.903 108.917 61.097 226
496.908 108.918 61.097 226
496.912 108.919 61.097 232
496.917 108.919 61.096 224
496.921 108.918 61.096 232
496.926 108.918 61.096 223
496.929 108.922 61.097 190
496.929 108.944 61.100 212
496.933 108.947 61.100 251
496.938 108.943 61.099 215
496.943 108.939 61.098 184
496.947 108.942 61.099 159
496.951 108.944 61.099 151
496.959 108.932 61.097 99
497.976 104.523 60.431 100
497.979 104.519 60.430 101
497.984 104.508 60.429 84
497.996 104.507 60.428 86
497.999 104.504 60.427 104
497.999 104.512 60.429 94
498.001 104.517 60.429 87
498.007 104.518 60.429 91
498.009 104.518 60.429 105
498.013 104.513 60.428 103
498.014 104.521 60.429 135
498.016 104.519 60.429 143
498.019 104.519 60.429 143
498.021 104.517 60.429 108
498.023 104.519 60.429 118
498.026 104.517 60.428 130
498.027 104.522 60.429 91
498.027 104.533 60.431 94
498.030 104.531 60.430 94
498.030 104.540 60.432 99
498.031 104.546 60.432 110
498.033 104.548 60.433 107
498.036 104.548 60.433 98
498.038 104.548 60.432 90
498.038 104.561 60.434 89
498.040 104.560 60.434 100
498.040 104.569 60.435 118
498.042 104.572 60.436 112
498.044 104.574 60.436 92
496.148 108.936 61.124 211
496.153 108.936 61.124 202
496.158 108.935 61.124 199
496.162 108.935 61.124 208
496.166 108.937 61.124 199
496.171 108.938 61.123 213
496.177 108.936 61.123 203
496.181 108.936 61.123 198
496.186 108.937 61.123 205
496.190 108.937 61.123 206
496.194 108.938 61.123 205
496.199 108.939 61.122 199
496.205 108.936 61.122 192
496.209 108.937 61.122 172
496.214 108.935 61.121 148
497.278 105.521 60.597 120
497.285 105.511 60.595 119
497.288 105.509 60.594 120
497.290 105.514 60.595 118
497.294 105.510 60.594 116
497.297 105.507 60.594 113
497.299 105.512 60.594 117
497.302 105.511 60.594 115
497.305 105.512 60.594 112
497.308 105.512 60.594 115
497.310 105.515 60.594 112
497.314 105.510 60.594 117
497.316 105.514 60.594 117
497.318 105.517 60.594 105
497.320 105.519 60.595 88
497.318 105.537 60.597 90
496.292 108.942 61.119 118
496.298 108.938 61.118 166
496.301 108.940 61.118 194
496.306 108.939 61.118 195
496.311 108.939 61.118 200
496.316 108.939 61.117 200
496.320 108.940 61.117 197
496.325 108.940 61.117 189
496.329 108.942 61.117 168
496.331 108.948 61.118 154
497.921 103.616 60.302 154
497.706 104.345 60.413 213
497.707 104.350 60.414 167
497.708 104.356 60.415 169
497.709 104.359 60.415 173
497.711 104.362 60.416 174
497.712 104.366 60.416 174
497.712 104.372 60.417 176
497.714 104.375 60.417 176
497.715 104.381 60.418 181
497.715 104.387 60.419 181
497.708 104.420 60.424 185
497.707 104.429 60.425 180
497.706 104.442 60.427 179
497.706 104.451 60.428 173
497.707 104.456 60.429 174
497.709 104.458 60.429 169
497.710 104.461 60.429 162
497.711 104.466 60.430 162
497.712 104.470 60.431 161
497.714 104.473 60.431 159
497.715 104.478 60.432 160
497.717 104.479 60.432 160
497.718 104.482 60.432 159
497.719 104.486 60.433 162
497.721 104.490 60.433 168
497.721 104.498 60.434 175
497.722 104.504 60.435 183
497.724 104.505 60.435 184
497.726 104.506 60.435 179
497.729 104.502 60.434 182
497.740 104.473 60.430 183
497.744 104.465 60.429 170
497.745 104.470 60.429 171
497.747 104.472 60.430 170
497.751 104.467 60.429 178
497.762 104.435 60.424 216
497.767 104.425 60.422 245
497.770 104.425 60.422 240
497.772 104.424 60.422 251
497.775 104.423 60.422 250
497.777 104.423 60.421 250
497.780 104.421 60.421 244
497.783 104.420 60.421 244
497.785 104.420 60.421 242
497.787 104.420 60.421 238
497.790 104.419 60.420 243
497.793 104.418 60.420 243
497.796 104.416 60.420 248
497.798 104.416 60.420 250
497.801 104.414 60.419 250
497.803 104.413 60.419 250
497.806 104.413 60.419 241
497.809 104.410 60.418 226
497.811 104.411 60.418 230
497.814 104.409 60.418 231
497.816 104.408 60.418 231
497.819 104.408 60.418 237
497.821 104.408 60.418 247
497.824 104.406 60.417 242
497.826 104.406 60.417 232
497.829 104.403 60.417 231
497.832 104.401 60.416 226
497.834 104.402 60.416 224
497.836 104.401 60.416 233
497.839 104.401 60.416 239
497.841 104.400 60.416 235
497.844 104.400 60.416 241
497.846 104.398 60.415 235
497.849 104.398 60.415 231
497.852 104.396 60.415 233
497.854 104.396 60.415 234
497.857 104.395 60.414 238
497.859 104.394 60.414 220
497.862 104.393 60.414 222
497.864 104.392 60.414 230
497.867 104.392 60.414 241
497.869 104.390 60.413 228
497.872 104.389 60.413 229
497.874 104.389 60.413 225
497.877 104.388 60.413 229
497.879 104.387 60.413 235
497.882 104.387 60.412 229
497.884 104.385 60.412 238
497.887 104.385 60.412 223
497.889 104.384 60.412 234
497.892 104.382 60.411 239
497.895 104.382 60.411 240
497.897 104.381 60.411 233
497.900 104.379 60.411 220
497.902 104.379 60.411 228
497.904 104.378 60.410 233
497.907 104.377 60.410 226
497.910 104.376 60.410 231
497.912 104.377 60.410 230
497.914 104.375 60.409 241
497.917 104.373 60.409 240
497.919 104.373 60.409 237
497.922 104.372 60.409 228
497.924 104.371 60.409 239
497.927 104.371 60.408 244
497.929 104.370 60.408 232
497.932 104.370 60.408 230
497.934 104.368 60.408 230
497.937 104.368 60.408 239
497.939 104.367 60.407 237
497.942 104.366 60.407 251
497.944 104.364 60.407 250
497.947 104.363 60.407 249
497.949 104.362 60.406 245
497.951 104.363 60.406 241
497.954 104.361 60.406 240
497.957 104.360 60.406 236
497.959 104.359 60.406 234
497.961 104.359 60.406 227
498.143 103.612 60.293 140
496.876 108.918 61.093 183
496.881 108.917 61.093 214
496.886 108.915 61.092 228
496.890 108.918 61.093 224
496.894 108.917 61.092 229
496.899 108.918 61.092 230
496.903 108.917 61.092 228
496.908 108.917 61.092 224
496.912 108.918 61.092 231
496.917 108.918 61.092 237
496.921 108.918 61.092 225
496.926 108.919 61.092 218
496.929 108.922 61.092 193
496.929 108.943 61.095 211
496.933 108.945 61.095 235
496.939 108.939 61.094 186
496.944 108.938 61.094 163
496.947 108.942 61.094 152
496.951 108.947 61.095 149
496.959 108.932 61.092 98
497.975 104.525 60.429 101
497.979 104.519 60.428 105
497.983 104.513 60.427 85
497.996 104.506 60.425 85
497.997 104.512 60.426 104
497.998 104.518 60.427 95
498.001 104.514 60.426 91
498.008 104.514 60.426 103
498.009 104.519 60.427 107
498.012 104.517 60.426 108
498.013 104.522 60.427 145
498.016 104.521 60.427 147
498.019 104.519 60.427 143
498.020 104.521 60.427 109
498.023 104.518 60.426 123
498.026 104.517 60.426 138
498.027 104.524 60.427 91
498.028 104.529 60.428 94
498.030 104.531 60.428 97
498.030 104.540 60.429 111
498.032 104.541 60.429 104
498.032 104.553 60.431 106
498.034 104.557 60.432 118
498.036 104.556 60.431 105
498.038 104.559 60.432 98
498.039 104.562 60.432 95
498.040 104.569 60.433 112
498.043 104.568 60.433 107
498.046 104.566 60.432 85
496.148 108.936 61.120 207
496.153 108.936 61.119 206
496.157 108.937 61.119 198
496.162 108.937 61.119 202
496.167 108.937 61.119 202
496.172 108.936 61.119 203
496.176 108.937 61.119 208
496.181 108.937 61.118 205
496.186 108.937 61.118 208
496.190 108.937 61.118 213
496.195 108.937 61.118 200
496.199 108.938 61.118 203
496.204 108.937 61.117 191
496.208 108.939 61.117 179
496.213 108.938 61.117 149
497.279 105.521 60.594 121
497.285 105.509 60.592 117
497.287 105.511 60.592 118
497.291 105.510 60.592 116
497.294 105.509 60.591 116
497.296 105.510 60.591 115
497.298 105.514 60.592 116
497.301 105.514 60.592 116
497.306 105.508 60.591 115
497.309 105.508 60.591 113
497.310 105.515 60.592 112
497.312 105.517 60.592 112
497.317 105.511 60.591 115
497.319 105.515 60.591 105
497.321 105.517 60.591 83
497.318 105.535 60.594 92
496.292 108.941 61.114 117
496.298 108.938 61.113 168
496.301 108.940 61.114 199
496.306 108.938 61.113 191
496.311 108.939 61.113 198
496.316 108.941 61.113 209
496.320 108.940 61.113 199
496.325 108.942 61.113 187
496.329 108.942 61.113 171
496.331 108.950 61.114 152
497.920 103.617 60.300 154
497.706 104.347 60.411 215
497.707 104.351 60.412 168
497.708 104.356 60.413 172
497.709 104.359 60.413 176
497.710 104.363 60.413 171
497.712 104.366 60.414 169
497.713 104.371 60.414 176
497.714 104.375 60.415 175
497.715 104.381 60.416 181
497.715 104.388 60.417 182
497.708 104.421 60.422 183
497.707 104.430 60.423 185
497.705 104.445 60.425 173
497.705 104.453 60.426 180
497.706 104.459 60.427 178
497.708 104.461 60.427 168
497.709 104.466 60.428 163
497.710 104.470 60.428 162
497.711 104.473 60.429 160
497.713 104.477 60.429 159
497.713 104.482 60.430 160
497.715 104.484 60.430 159
497.717 104.488 60.431 159
497.718 104.490 60.431 163
497.719 104.495 60.432 166
497.719 104.504 60.433 173
497.720 104.510 60.434 178
497.723 104.508 60.433 177
497.725 104.508 60.433 177
497.730 104.500 60.432 181
497.740 104.473 60.428 182
497.744 104.468 60.427 174
497.745 104.470 60.427 172
497.747 104.472 60.427 168
497.751 104.467 60.426 176
497.762 104.437 60.422 215
497.767 104.425 60.420 247
497.769 104.426 60.420 249
497.772 104.424 60.419 250
497.774 104.425 60.420 251
497.777 104.423 60.419 246
497.780 104.422 60.419 245
497.783 104.420 60.419 242
497.785 104.420 60.418 238
497.788 104.418 60.418 238
497.791 104.418 60.418 236
497.793 104.417 60.418 249
497.795 104.418 60.418 245
497.798 104.415 60.417 247
497.800 104.415 60.417 244
497.803 104.413 60.417 239
497.806 104.411 60.416 239
497.808 104.412 60.416 229
497.811 104.410 60.416 232
497.814 104.409 60.416 228
497.816 104.408 60.416 233
497.819 104.408 60.415 238
497.821 104.408 60.415 234
497.823 104.407 60.415 240
497.826 104.406 60.415 231
497.829 104.402 60.414 237
497.832 104.402 60.414 227
497.834 104.402 60.414 229
497.836 104.402 60.414 239
497.839 104.401 60.414 237
497.842 104.400 60.413 233
497.844 104.399 60.413 226
497.846 104.398 60.413 231
497.849 104.398 60.413 229
497.852 104.396 60.413 225
497.854 104.397 60.413 234
497.857 104.395 60.412 234
497.859 104.393 60.412 228
497.862 104.393 60.412 228
497.864 104.392 60.411 234
497.866 104.393 60.411 241
497.869 104.392 60.411 234
497.872 104.390 60.411 231
497.875 104.388 60.411 231
497.877 104.389 60.411 241
497.879 104.388 60.410 231
497.882 104.386 60.410 227
497.884 104.387 60.410 229
497.887 104.386 60.410 233
497.889 104.384 60.409 237
497.892 104.383 60.409 230
497.895 104.381 60.409 231
497.897 104.381 60.409 231
497.900 104.379 60.408 224
497.902 104.379 60.408 227
497.905 104.377 60.408 220
497.907 104.377 60.408 225
497.909 104.378 60.408 240
497.912 104.374 60.407 230
497.915 104.374 60.407 236
497.917 104.374 60.407 232
497.919 104.373 60.407 232
497.922 104.371 60.406 233
497.925 104.370 60.406 235
497.927 104.370 60.406 236
497.930 104.368 60.406 232
497.932 104.369 60.406 235
497.934 104.369 60.406 237
497.937 104.367 60.405 235
497.939 104.367 60.405 239
497.942 104.366 60.405 249
497.944 104.365 60.405 248
497.946 104.365 60.405 249
497.949 104.363 60.404 243
497.952 104.362 60.404 235
497.954 104.362 60.404 241
497.957 104.359 60.403 239
497.959 104.359 60.403 239
497.962 104.357 60.403 234
498.140 103.624 60.293 144
496.876 108.917 61.088 190
496.881 108.916 61.088 214
496.886 108.917 61.088 232
496.890 108.917 61.088 224
496.894 108.917 61.088 232
496.900 108.915 61.087 223
496.904 108.916 61.087 220
496.908 108.918 61.088 223
496.912 108.917 61.087 233
496.917 108.918 61.087 223
496.921 108.918 61.087 228
496.926 108.918 61.087 221
496.929 108.921 61.087 205
496.930 108.939 61.090 212
496.935 108.938 61.089 193
496.940 108.934 61.089 198
496.945 108.933 61.088 186
496.949 108.935 61.089 153
496.952 108.940 61.089 135
496.959 108.930 61.088 90
497.978 104.513 60.425 102
497.979 104.521 60.426 106
497.981 104.522 60.426 84
497.997 104.502 60.423 87
497.997 104.513 60.424 104
497.999 104.514 60.424 99
498.001 104.516 60.424 91
498.008 104.514 60.424 104
498.009 104.520 60.425 106
498.010 104.524 60.425 109
498.014 104.520 60.425 145
498.016 104.518 60.424 149
498.018 104.522 60.425 145
498.021 104.520 60.424 110
498.023 104.519 60.424 125
498.026 104.519 60.424 135
498.026 104.529 60.425 91
498.027 104.536 60.426 94
498.029 104.534 60.426 97
498.028 104.549 60.428 126
498.031 104.547 60.428 115
498.033 104.549 60.428 107
498.032 104.563 60.430 129
498.032 104.576 60.432 129
498.036 104.567 60.431 112
498.040 104.561 60.430 104
498.041 104.564 60.430 100
498.043 104.567 60.430 93
498.043 104.579 60.432 86
496.148 108.936 61.115 202
496.153 108.936 61.115 209
496.158 108.935 61.114 197
496.162 108.935 61.114 199
496.166 108.938 61.114 208
496.171 108.937 61.114 206
496.176 108.938 61.114 209
496.181 108.936 61.114 208
496.185 108.938 61.114 201
496.190 108.937 61.113 202
496.195 108.937 61.113 194
496.199 108.938 61.113 210
496.204 108.938 61.113 206
496.209 108.937 61.112 173
496.213 108.939 61.113 149
497.278 105.522 60.591 120
497.284 105.512 60.589 119
497.287 105.512 60.589 119
497.290 105.513 60.589 117
497.293 105.513 60.589 119
497.296 105.513 60.589 117
497.301 105.507 60.588 117
497.302 105.511 60.588 118
497.305 105.511 60.588 116
497.308 105.512 60.588 113
497.311 105.512 60.588 113
497.313 105.514 60.588 114
497.316 105.514 60.588 115
497.318 105.516 60.588 104
497.317 105.530 60.590 83
497.320 105.530 60.590 94
496.292 108.942 61.110 117
496.297 108.939 61.109 168
496.301 108.940 61.109 199
496.306 108.940 61.109 207
496.311 108.940 61.109 208
496.316 108.939 61.108 204
496.320 108.940 61.108 204
496.325 108.940 61.108 189
496.329 108.943 61.108 168
496.331 108.950 61.109 153
497.923 103.609 60.297 153
497.706 104.346 60.409 216
497.707 104.351 60.410 166
497.708 104.354 60.410 175
497.709 104.359 60.411 176
497.711 104.362 60.411 176
497.712 104.367 60.412 168
497.713 104.370 60.412 171
497.714 104.375 60.413 172
497.714 104.381 60.413 179
497.715 104.387 60.414 185
497.708 104.420 60.419 186
497.706 104.433 60.421 187
497.704 104.449 60.423 178
497.704 104.457 60.425 175
497.705 104.463 60.425 171
497.706 104.465 60.425 166
497.707 104.470 60.426 160
497.708 104.475 60.427 160
497.710 104.479 60.427 159
497.711 104.484 60.428 162
497.712 104.486 60.428 160
497.714 104.488 60.428 157
497.716 104.492 60.429 161
497.717 104.494 60.429 160
497.719 104.498 60.430 163
497.719 104.506 60.431 172
497.718 104.517 60.432 171
497.721 104.514 60.432 181
497.724 104.511 60.431 181
497.729 104.502 60.430 181
497.740 104.472 60.425 176
497.744 104.468 60.424 172
497.745 104.471 60.425 169
497.747 104.472 60.425 173
497.750 104.470 60.424 175
497.761 104.438 60.419 210
497.767 104.426 60.418 247
497.770 104.426 60.417 247
497.772 104.425 60.417 249
497.775 104.423 60.417 248
497.777 104.424 60.417 240
497.780 104.422 60.417 243
497.783 104.420 60.416 235
497.785 104.420 60.416 243
497.788 104.419 60.416 236
497.790 104.418 60.416 239
497.793 104.418 60.415 244
497.796 104.416 60.415 246
497.798 104.416 60.415 250
497.801 104.414 60.415 245
497.804 104.412 60.414 235
497.806 104.412 60.414 223
497.808 104.411 60.414 232
497.811 104.410 60.414 243
497.814 104.409 60.413 228
497.816 104.409 60.413 233
497.819 104.407 60.413 227
497.821 104.406 60.413 220
497.824 104.406 60.413 235
497.826 104.406 60.413 230
497.829 104.403 60.412 230
497.832 104.403 60.412 220
497.834 104.403 60.412 231
497.836 104.402 60.412 243
497.839 104.402 60.412 237
497.842 104.399 60.411 242
497.844 104.400 60.411 238
497.847 104.398 60.411 237
497.849 104.397 60.410 227
497.852 104.396 60.410 227
497.854 104.396 60.410 246
497.856 104.397 60.410 232
497.859 104.394 60.410 232
497.861 104.395 60.410 233
497.864 104.392 60.409 231
497.866 104.392 60.409 227
497.869 104.391 60.409 227
497.872 104.390 60.409 233
497.874 104.390 60.408 226
497.877 104.389 60.408 239
497.879 104.388 60.408 229
497.882 104.387 60.408 231
497.884 104.386 60.408 229
497.887 104.384 60.407 224
497.889 104.384 60.407 224
497.892 104.384 60.407 229
497.894 104.383 60.407 230
497.897 104.381 60.406 223
497.900 104.379 60.406 223
497.902 104.380 60.406 221
497.904 104.380 60.406 229
497.907 104.377 60.405 227
497.910 104.376 60.405 237
497.912 104.376 60.405 228
497.914 104.374 60.405 229
497.917 104.373 60.405 220
497.919 104.373 60.404 235
497.922 104.372 60.404 239
497.925 104.371 60.404 236
497.927 104.370 60.404 240
497.929 104.370 60.404 241
497.932 104.370 60.404 239
497.934 104.370 60.404 239
497.937 104.368 60.403 232
497.939 104.367 60.403 244
497.942 104.366 60.403 247
497.944 104.365 60.403 246
497.947 104.365 60.402 249
497.949 104.362 60.402 237
497.951 104.364 60.402 239
497.954 104.362 60.402 234
497.956 104.361 60.401 248
497.959 104.359 60.401 248
497.962 104.359 60.401 236
498.138 103.630 60.292 144
496.876 108.917 61.084 179
496.881 108.916 61.084 202
496.885 108.917 61.084 224
496.890 108.917 61.083 224
496.894 108.917 61.083 234
496.899 108.918 61.083 227
496.903 108.919 61.083 223
496.908 108.918 61.083 224
496.912 108.917 61.083 224
496.917 108.919 61.083 219
496.921 108.919 61.083 233
496.926 108.917 61.082 228
496.929 108.922 61.083 215
496.930 108.940 61.085 213
496.935 108.936 61.085 203
496.941 108.931 61.084 216
496.945 108.934 61.084 194
496.949 108.936 61.084 155
496.953 108.937 61.084 135
496.959 108.929 61.083 89
497.976 104.523 60.424 101
497.978 104.523 60.424 104
497.981 104.519 60.423 86
497.997 104.501 60.420 87
497.998 104.508 60.421 104
497.999 104.513 60.422 96
498.002 104.510 60.421 88
498.008 104.516 60.422 105
498.009 104.522 60.423 108
498.012 104.517 60.422 109
498.014 104.521 60.422 146
498.016 104.521 60.422 150
498.018 104.520 60.422 145
498.021 104.518 60.422 111
498.023 104.520 60.422 123
498.025 104.519 60.422 128
498.027 104.521 60.422 91
498.029 104.527 60.423 93
498.030 104.530 60.423 94
498.028 104.550 60.426 120
498.030 104.551 60.426 128
498.032 104.553 60.426 107
498.032 104.565 60.428 115
498.033 104.573 60.429 128
498.037 104.561 60.427 107
498.039 104.563 60.428 102
498.040 104.572 60.429 96
498.043 104.567 60.428 112
498.045 104.572 60.429 107
496.148 108.936 61.110 202
496.153 108.935 61.110 207
496.158 108.935 61.110 204
496.162 108.936 61.110 203
496.167 108.937 61.110 197
496.172 108.936 61.109 207
496.176 108.936 61.109 200
496.181 108.937 61.109 200
496.185 108.939 61.109 202
496.190 108.938 61.109 206
496.195 108.938 61.109 202
496.200 108.937 61.108 208
496.204 108.938 61.108 205
496.209 108.938 61.108 174
496.213 108.940 61.108 149
497.279 105.519 60.588 122
497.285 105.509 60.586 121
497.287 105.511 60.586 124
497.290 105.514 60.587 120
497.293 105.511 60.586 117
497.297 105.508 60.585 120
497.300 105.510 60.585 120
497.302 105.512 60.586 119
497.305 105.512 60.586 116
497.307 105.514 60.586 116
497.310 105.513 60.585 115
497.314 105.512 60.585 114
497.317 105.513 60.585 115
497.319 105.513 60.585 104
497.318 105.527 60.587 85
497.319 105.533 60.588 94
496.292 108.940 61.105 118
496.297 108.941 61.105 173
496.302 108.938 61.104 199
496.306 108.938 61.104 203
496.311 108.940 61.104 204
496.316 108.939 61.104 201
496.320 108.941 61.104 205
496.325 108.941 61.104 192
496.329 108.943 61.104 171
496.331 108.948 61.104 154
497.924 103.605 60.294 151
497.707 104.344 60.406 218
497.707 104.351 60.407 164
497.708 104.355 60.408 170
497.709 104.359 60.408 168
497.710 104.363 60.409 174
497.712 104.366 60.409 174
497.713 104.371 60.410 175
497.714 104.375 60.410 181
497.715 104.381 60.411 178
497.715 104.387 60.412 184
497.707 104.422 60.417 186
497.706 104.436 60.419 179
497.703 104.452 60.421 181
497.702 104.464 60.423 173
497.703 104.469 60.424 168
497.705 104.471 60.424 167
497.706 104.476 60.425 161
497.707 104.479 60.425 159
497.708 104.484 60.426 161
497.709 104.488 60.426 164
497.710 104.493 60.427 162
497.713 104.493 60.427 159
497.714 104.496 60.427 158
497.716 104.498 60.427 160
497.717 104.504 60.428 164
497.716 104.517 60.430 167
497.717 104.522 60.431 171
497.721 104.516 60.430 174
497.723 104.516 60.430 184
497.728 104.505 60.428 181
497.740 104.472 60.423 173
497.744 104.467 60.422 172
497.746 104.469 60.422 166
497.747 104.473 60.423 171
497.750 104.469 60.422 173
497.761 104.438 60.417 207
497.767 104.426 60.415 242
497.770 104.424 60.415 237
497.772 104.424 60.415 245
497.775 104.423 60.415 240
497.778 104.421 60.414 240
497.780 104.421 60.414 244
497.783 104.419 60.414 237
497.785 104.420 60.414 246
497.787 104.420 60.414 235
497.790 104.418 60.413 249
497.793 104.418 60.413 247
497.795 104.417 60.413 247
497.798 104.415 60.413 245
497.801 104.414 60.412 245
497.803 104.413 60.412 235
497.806 104.411 60.412 223
497.808 104.412 60.412 238
497.811 104.410 60.411 224
497.814 104.409 60.411 230
497.816 104.408 60.411 230
497.819 104.407 60.411 222
497.821 104.406 60.410 224
497.824 104.406 60.410 227
497.826 104.405 60.410 236
497.829 104.405 60.410 225
497.831 104.404 60.410 222
497.834 104.402 60.409 231
497.836 104.401 60.409 232
497.839 104.402 60.409 237
497.841 104.401 60.409 240
497.844 104.400 60.409 244
497.846 104.398 60.408 248
497.849 104.397 60.408 239
497.851 104.398 60.408 234
497.854 104.395 60.408 235
497.857 104.395 60.408 233
497.859 104.395 60.407 225
497.861 104.395 60.407 222
497.864 104.392 60.407 226
497.867 104.392 60.407 220
497.869 104.390 60.406 224
497.872 104.391 60.406 224
497.875 104.388 60.406 230
497.877 104.389 60.406 233
497.879 104.389 60.406 230
497.882 104.387 60.405 226
497.884 104.386 60.405 231
497.887 104.385 60.405 220
497.890 104.383 60.405 222
497.892 104.383 60.405 225
497.894 104.382 60.404 229
497.897 104.382 60.404 229
497.899 104.381 60.404 225
497.902 104.378 60.404 220
497.904 104.379 60.404 232
497.907 104.379 60.403 227
497.909 104.376 60.403 225
497.912 104.375 60.403 224
497.915 104.374 60.402 220
497.917 104.374 60.402 223
497.919 104.373 60.402 231
497.922 104.372 60.402 230
497.925 104.370 60.402 226
497.927 104.371 60.402 227
497.929 104.370 60.401 239
497.931 104.371 60.401 244
497.934 104.368 60.401 241
497.937 104.367 60.401 239
497.939 104.367 60.401 240
497.942 104.366 60.400 234
497.944 104.365 60.400 232
497.947 104.363 60.400 238
497.949 104.363 60.400 237
497.952 104.361 60.399 237
497.954 104.362 60.399 242
497.956 104.361 60.399 240
497.959 104.360 60.399 241
497.962 104.358 60.399 236
498.139 103.626 60.289 144
496.876 108.919 61.080 179
496.881 108.916 61.079 205
496.885 108.918 61.079 224
496.890 108.918 61.079 217
496.894 108.919 61.079 229
496.899 108.917 61.079 223
496.903 108.918 61.079 229
496.908 108.919 61.079 231
496.912 108.920 61.079 227
496.917 108.917 61.078 223
496.920 108.920 61.078 225
496.925 108.920 61.078 229
496.930 108.920 61.078 214
496.930 108.940 61.081 219
496.934 108.942 61.081 217
496.940 108.934 61.080 208
496.944 108.935 61.080 190
496.949 108.937 61.080 152
496.952 108.941 61.080 140
496.960 108.924 61.078 96
497.977 104.516 60.420 100
497.977 104.527 60.422 106
497.981 104.521 60.421 84
497.996 104.504 60.418 87
497.997 104.513 60.419 104
498.000 104.511 60.419 98
498.002 104.511 60.419 87
498.007 104.519 60.420 106
498.009 104.519 60.420 107
498.012 104.517 60.420 110
498.014 104.520 60.420 146
498.016 104.520 60.420 149
498.018 104.520 60.420 146
498.019 104.526 60.421 110
498.023 104.519 60.419 126
498.025 104.520 60.420 134
498.027 104.525 60.420 92
498.030 104.522 60.420 91
498.029 104.534 60.421 89
498.027 104.553 60.424 105
498.029 104.556 60.425 124
498.033 104.549 60.423 118
498.034 104.557 60.425 106
498.034 104.567 60.426 103
498.039 104.555 60.424 98
498.037 104.572 60.426 102
498.040 104.569 60.426 112
498.042 104.575 60.427 118
498.044 104.575 60.427 107
496.148 108.937 61.106 205
496.153 108.936 61.106 209
496.157 108.936 61.105 204
496.162 108.936 61.105 208
496.167 108.936 61.105 202
496.172 108.936 61.105 202
496.176 108.938 61.105 205
496.180 108.939 61.105 206
496.186 108.937 61.104 203
496.190 108.936 61.104 202
496.195 108.938 61.104 202
496.199 108.938 61.104 198
496.204 108.939 61.104 199
496.209 108.937 61.103 180
496.214 108.936 61.103 149
497.280 105.517 60.584 120
497.285 105.510 60.583 119
497.288 105.510 60.583 124
497.291 105.511 60.583 118
497.294 105.511 60.583 114
497.296 105.512 60.583 116
497.299 105.512 60.583 122
497.302 105.510 60.583 118
497.305 105.511 60.582 115
497.307 105.514 60.583 116
497.310 105.513 60.583 119
497.312 105.516 60.583 113
497.316 105.514 60.583 118
497.318 105.515 60.583 105
497.320 105.520 60.583 84
497.320 105.531 60.585 91
496.291 108.943 61.101 118
496.297 108.939 61.100 168
496.302 108.939 61.100 202
496.306 108.938 61.099 204
496.311 108.939 61.099 201
496.316 108.940 61.099 196
496.320 108.939 61.099 207
496.325 108.941 61.099 191
496.329 108.943 61.099 168
496.331 108.950 61.100 154
497.928 103.593 60.291 150
497.707 104.345 60.404 213
497.707 104.352 60.405 169
497.708 104.356 60.406 171
497.709 104.359 60.406 167
497.711 104.362 60.406 168
497.712 104.367 60.407 171
497.713 104.371 60.407 171
497.714 104.375 60.408 181
497.715 104.380 60.409 175
497.715 104.388 60.410 180
497.707 104.424 60.415 182
497.705 104.438 60.417 179
497.702 104.456 60.420 183
497.701 104.469 60.422 172
497.701 104.476 60.423 165
497.703 104.478 60.423 163
497.704 104.482 60.423 159
497.705 104.487 60.424 160
497.706 104.492 60.425 158
497.707 104.495 60.425 160
497.709 104.498 60.425 163
497.710 104.501 60.426 161
497.712 104.503 60.426 160
497.714 104.505 60.426 159
497.716 104.508 60.426 162
497.714 104.524 60.429 166
497.715 104.529 60.429 169
497.718 104.524 60.429 177
497.722 104.520 60.428 181
497.728 104.506 60.426 180
497.739 104.474 60.421 180
497.744 104.467 60.420 176
497.746 104.469 60.420 168
497.747 104.473 60.420 169
497.750 104.469 60.420 168
497.761 104.439 60.415 204
497.767 104.426 60.413 246
497.770 104.425 60.413 245
497.772 104.424 60.412 241
497.775 104.424 60.412 248
497.777 104.423 60.412 250
497.780 104.422 60.412 236
497.782 104.421 60.412 231
497.785 104.421 60.412 248
497.788 104.419 60.411 245
497.790 104.419 60.411 250
497.793 104.417 60.411 238
497.795 104.416 60.411 241
497.798 104.415 60.410 240
497.800 104.415 60.410 247
497.803 104.414 60.410 233
497.806 104.411 60.409 227
497.808 104.411 60.409 230
497.811 104.411 60.409 231
497.813 104.410 60.409 235
497.816 104.408 60.409 230
497.819 104.408 60.408 223
497.821 104.406 60.408 229
497.823 104.407 60.408 224
497.826 104.405 60.408 224
497.829 104.404 60.407 221
497.831 104.404 60.407 225
497.834 104.402 60.407 229
497.836 104.402 60.407 228
497.839 104.402 60.407 231
497.841 104.401 60.407 249
497.844 104.399 60.406 244
497.846 104.398 60.406 233
497.849 104.397 60.406 233
497.851 104.397 60.406 231
497.854 104.397 60.406 233
497.856 104.396 60.405 235
497.859 104.395 60.405 237
497.862 104.393 60.405 237
497.864 104.393 60.405 227
497.867 104.392 60.404 225
497.869 104.391 60.404 229
497.872 104.390 60.404 231
497.874 104.390 60.404 234
497.877 104.389 60.404 241
497.879 104.389 60.404 229
497.882 104.387 60.403 226
497.884 104.386 60.403 238
497.887 104.386 60.403 229
497.889 104.384 60.403 222
497.892 104.382 60.402 228
497.895 104.381 60.402 229
497.897 104.382 60.402 224
497.899 104.381 60.402 229
497.902 104.379 60.401 230
497.904 104.380 60.401 233
497.907 104.378 60.401 235
497.909 104.377 60.401 238
497.912 104.375 60.400 234
497.914 104.375 60.400 228
497.917 104.374 60.400 229
497.919 104.373 60.400 235
497.922 104.373 60.400 231
497.924 104.371 60.400 228
497.927 104.371 60.399 227
497.929 104.370 60.399 241
497.931 104.371 60.399 242
497.934 104.369 60.399 244
497.937 104.368 60.399 241
497.939 104.366 60.398 230
497.942 104.366 60.398 234
497.944 104.365 60.398 241
497.947 104.364 60.398 242
497.949 104.363 60.397 236
497.952 104.362 60.397 235
497.954 104.361 60.397 234
497.956 104.361 60.397 244
497.959 104.360 60.397 247
497.961 104.359 60.396 243
498.138 103.632 60.288 146
496.876 108.919 61.075 184
496.880 108.918 61.075 217
496.886 108.917 61.075 230
496.890 108.916 61.074 218
496.894 108.918 61.074 226
496.899 108.916 61.074 222
496.903 108.917 61.074 221
496.908 108.917 61.074 239
496.912 108.918 61.074 224
496.917 108.918 61.074 223
496.921 108.919 61.074 220
496.925 108.920 61.074 231
496.929 108.921 61.074 215
496.930 108.941 61.076 215
496.933 108.943 61.077 244
496.939 108.939 61.076 212
496.943 108.940 61.076 187
496.947 108.942 61.076 158
496.951 108.947 61.077 151
496.959 108.930 61.074 99
497.976 104.520 60.419 98
497.979 104.519 60.419 104
497.982 104.515 60.418 81
497.995 104.512 60.417 86
497.998 104.508 60.416 102
498.000 104.509 60.416 96
498.002 104.508 60.416 89
498.007 104.519 60.418 105
498.010 104.517 60.417 107
498.012 104.517 60.417 112
498.014 104.519 60.417 149
498.016 104.521 60.418 149
498.018 104.521 60.418 145
498.020 104.522 60.418 111
498.023 104.520 60.417 127
498.026 104.519 60.417 135
498.027 104.524 60.418 88
498.030 104.519 60.417 89
498.029 104.536 60.419 84
498.029 104.544 60.420 92
498.028 104.561 60.423 108
498.031 104.557 60.422 117
498.034 104.555 60.422 112
498.037 104.553 60.421 89
498.036 104.569 60.424 99
498.037 104.576 60.425 110
498.040 104.571 60.424 116
498.042 104.572 60.424 114
498.042 104.582 60.425 94
496.148 108.937 61.101 208
496.152 108.937 61.101 211
496.158 108.936 61.101 212
496.162 108.937 61.101 205
496.166 108.937 61.100 200
496.172 108.937 61.100 198
496.176 108.937 61.100 204
496.181 108.937 61.100 199
496.186 108.936 61.100 197
496.190 108.937 61.099 203
496.195 108.937 61.099 202
496.200 108.936 61.099 201
496.204 108.938 61.099 203
496.209 108.937 61.099 174
496.213 108.938 61.099 148
497.279 105.520 60.582 120
497.283 105.517 60.581 121
497.288 105.510 60.580 120
497.291 105.509 60.580 120
497.293 105.513 60.580 117
497.296 105.513 60.580 117
497.299 105.512 60.580 119
497.303 105.509 60.579 118
497.306 105.510 60.580 115
497.307 105.514 60.580 117
497.310 105.512 60.580 115
497.314 105.510 60.579 113
497.316 105.515 60.580 119
497.319 105.513 60.579 104
497.319 105.525 60.581 85
497.320 105.530 60.582 93
496.292 108.941 61.096 117
496.298 108.939 61.095 168
496.301 108.940 61.095 197
496.306 108.939 61.095 204
496.311 108.941 61.095 203
496.316 108.939 61.094 196
496.320 108.940 61.094 203
496.325 108.940 61.094 193
496.329 108.942 61.094 165
496.331 108.950 61.095 155
497.926 103.599 60.290 151
497.706 104.345 60.402 218
497.707 104.352 60.403 171
497.708 104.356 60.403 175
497.709 104.360 60.404 168
497.710 104.363 60.404 167
497.711 104.368 60.405 172
497.713 104.370 60.405 174
497.713 104.376 60.406 178
497.715 104.380 60.406 179
497.715 104.388 60.407 183
497.707 104.424 60.413 184
497.704 104.440 60.415 182
497.700 104.463 60.418 183
497.698 104.477 60.420 172
497.699 104.484 60.421 169
497.700 104.486 60.422 161
497.702 104.491 60.422 159
497.702 104.497 60.423 158
497.703 104.501 60.424 157
497.705 104.505 60.424 160
497.706 104.508 60.424 159
497.708 104.508 60.424 158
497.710 104.511 60.425 160
497.712 104.512 60.425 161
497.714 104.515 60.425 164
497.711 104.532 60.428 168
497.712 104.537 60.428 172
497.716 104.532 60.427 171
497.721 104.524 60.426 181
497.728 104.508 60.424 182
497.740 104.472 60.418 179
497.743 104.469 60.418 174
497.746 104.469 60.417 167
497.747 104.473 60.418 168
497.750 104.470 60.417 175
497.761 104.438 60.413 210
497.767 104.427 60.411 246
497.769 104.426 60.411 248
497.772 104.424 60.410 248
497.775 104.425 60.410 246
497.777 104.422 60.410 249
497.780 104.421 60.409 231
497.783 104.420 60.409 235
497.785 104.421 60.409 247
497.788 104.419 60.409 243
497.790 104.418 60.409 229
497.793 104.417 60.408 229
497.795 104.417 60.408 236
497.798 104.416 60.408 245
497.801 104.414 60.408 242
497.803 104.413 60.407 237
497.806 104.412 60.407 240
497.808 104.412 60.407 234
497.811 104.411 60.407 229
497.814 104.409 60.407 235
497.816 104.409 60.406 230
497.819 104.408 60.406 237
497.821 104.407 60.406 233
497.824 104.406 60.406 233
497.826 104.406 60.406 231
497.829 104.404 60.405 226
497.831 104.403 60.405 235
497.834 104.403 60.405 243
497.836 104.401 60.405 239
497.839 104.401 60.404 226
497.841 104.401 60.404 236
497.844 104.399 60.404 228
497.846 104.398 60.404 235
497.849 104.399 60.404 235
497.852 104.397 60.403 236
497.854 104.396 60.403 232
497.857 104.395 60.403 231
497.859 104.394 60.403 232
497.862 104.394 60.403 225
497.864 104.392 60.402 227
497.867 104.392 60.402 229
497.869 104.392 60.402 225
497.872 104.391 60.402 224
497.874 104.390 60.402 231
497.877 104.388 60.401 231
497.879 104.387 60.401 231
497.882 104.387 60.401 231
497.884 104.386 60.401 227
497.887 104.385 60.401 226
497.890 104.383 60.400 223
497.892 104.383 60.400 226
497.894 104.383 60.400 235
497.897 104.381 60.400 236
497.899 104.380 60.399 234
497.902 104.380 60.399 231
497.905 104.377 60.399 231
497.907 104.378 60.399 237
497.909 104.377 60.399 239
497.912 104.377 60.398 235
497.915 104.374 60.398 234
497.917 104.374 60.398 229
497.919 104.374 60.398 232
497.922 104.373 60.398 230
497.924 104.372 60.397 239
497.927 104.371 60.397 235
497.930 104.369 60.397 234
497.932 104.369 60.397 239
497.934 104.369 60.397 234
497.937 104.367 60.396 241
497.939 104.367 60.396 242
497.942 104.366 60.396 249
497.944 104.365 60.396 244
497.946 104.365 60.396 241
497.949 104.362 60.395 234
497.951 104.363 60.395 237
497.954 104.362 60.395 244
497.956 104.361 60.395 240
497.959 104.360 60.394 234
497.962 104.358 60.394 240
498.136 103.640 60.287 149
496.876 108.919 61.071 178
496.881 108.916 61.070 210
496.885 108.918 61.070 227
496.890 108.918 61.070 230
496.894 108.918 61.070 221
496.899 108.918 61.070 225
496.903 108.918 61.070 220
496.908 108.916 61.069 223
496.912 108.918 61.069 220
496.916 108.919 61.069 236
496.921 108.919 61.069 230
496.926 108.919 61.069 220
496.930 108.918 61.069 218
496.932 108.932 61.071 199
496.935 108.934 61.071 211
496.940 108.932 61.070 192
496.945 108.934 61.071 167
496.948 108.939 61.071 149
496.952 108.943 61.072 148
496.959 108.933 61.070 101
497.977 104.517 60.416 98
497.979 104.518 60.416 106
497.981 104.521 60.416 84
497.997 104.502 60.413 86
497.997 104.511 60.414 104
498.000 104.506 60.414 96
498.002 104.512 60.414 93
498.006 104.521 60.416 104
498.009 104.518 60.415 106
498.012 104.516 60.415 111
498.014 104.520 60.415 150
498.017 104.518 60.415 149
498.018 104.520 60.415 146
498.020 104.524 60.416 111
498.023 104.519 60.415 125
498.025 104.520 60.415 131
498.028 104.517 60.414 92
498.030 104.522 60.415 86
498.030 104.531 60.416 85
498.030 104.541 60.418 88
498.031 104.547 60.419 93
498.032 104.555 60.420 106
498.036 104.548 60.418 106
498.037 104.554 60.419 86
498.037 104.563 60.421 103
498.037 104.574 60.422 109
498.040 104.569 60.421 110
498.042 104.571 60.421 102
498.045 104.569 60.421 111
496.148 108.937 61.097 202
496.153 108.936 61.096 202
496.157 108.937 61.096 208
496.162 108.937 61.096 203
496.167 108.936 61.096 199
496.172 108.936 61.095 205
496.177 108.935 61.095 199
496.181 108.937 61.095 205
496.186 108.937 61.095 207
496.190 108.938 61.095 203
496.195 108.938 61.095 207
496.199 108.938 61.095 202
496.205 108.937 61.094 196
496.209 108.936 61.094 182
496.214 108.937 61.094 151
497.279 105.518 60.579 121
497.284 105.514 60.578 120
497.288 105.511 60.577 118
497.291 105.511 60.577 117
497.294 105.511 60.577 117
497.296 105.512 60.577 116
497.299 105.513 60.577 118
497.303 105.510 60.577 116
497.305 105.511 60.577 117
497.307 105.515 60.577 121
497.310 105.513 60.577 115
497.314 105.510 60.576 114
497.318 105.510 60.576 120
497.319 105.513 60.576 106
497.323 105.509 60.576 83
497.325 105.514 60.576 92
496.292 108.941 61.091 117
496.298 108.938 61.090 172
496.301 108.940 61.091 200
496.306 108.938 61.090 202
496.311 108.939 61.090 201
496.315 108.941 61.090 200
496.320 108.940 61.090 196
496.325 108.941 61.090 192
496.329 108.941 61.090 171
496.331 108.950 61.091 155
497.929 103.589 60.286 148
497.706 104.345 60.400 215
497.708 104.350 60.400 172
497.708 104.354 60.401 170
497.710 104.357 60.401 167
497.711 104.362 60.402 168
497.711 104.368 60.402 176
497.713 104.370 60.403 172
497.714 104.375 60.403 176
497.714 104.382 60.404 178
497.714 104.389 60.405 177
497.707 104.425 60.410 186
497.703 104.444 60.413 183
497.698 104.470 60.417 178
497.696 104.486 60.419 169
497.696 104.494 60.421 165
497.698 104.496 60.421 165
497.699 104.500 60.421 159
497.699 104.506 60.422 157
497.701 104.511 60.423 156
497.702 104.514 60.423 160
497.703 104.519 60.424 160
497.706 104.518 60.423 159
497.707 104.521 60.424 158
497.710 104.519 60.423 159
497.711 104.525 60.424 163
497.708 104.543 60.427 165
497.709 104.548 60.427 165
497.713 104.541 60.426 171
497.719 104.532 60.425 174
497.728 104.508 60.421 179
497.740 104.472 60.416 176
497.744 104.467 60.415 176
497.745 104.471 60.415 174
497.747 104.471 60.415 167
497.751 104.468 60.415 173
497.761 104.439 60.410 206
497.767 104.428 60.409 246
497.769 104.426 60.408 239
497.772 104.424 60.408 240
497.775 104.424 60.408 248
497.777 104.425 60.408 249
497.780 104.422 60.407 246
497.782 104.421 60.407 240
497.785 104.420 60.407 250
497.788 104.420 60.407 242
497.790 104.419 60.406 232
497.792 104.418 60.406 232
497.795 104.418 60.406 244
497.798 104.416 60.406 243
497.801 104.414 60.405 241
497.803 104.413 60.405 239
497.806 104.413 60.405 233
497.809 104.410 60.404 231
497.811 104.410 60.404 230
497.814 104.409 60.404 235
497.816 104.409 60.404 230
497.818 104.409 60.404 231
497.821 104.407 60.404 225
497.824 104.406 60.403 235
497.826 104.407 60.403 235
497.829 104.404 60.403 230
497.832 104.402 60.403 218
497.834 104.403 60.403 233
497.836 104.404 60.403 235
497.839 104.401 60.402 223
497.841 104.400 60.402 225
497.844 104.400 60.402 221
497.846 104.399 60.402 232
497.849 104.398 60.401 240
497.852 104.397 60.401 243
497.854 104.396 60.401 242
497.857 104.395 60.401 234
497.859 104.395 60.401 227
497.862 104.393 60.400 222
497.864 104.393 60.400 229
497.866 104.393 60.400 241
497.869 104.391 60.400 235
497.872 104.390 60.399 237
497.874 104.390 60.399 234
497.877 104.388 60.399 241
497.879 104.388 60.399 228
497.882 104.387 60.399 228
497.884 104.386 60.398 233
497.886 104.386 60.398 225
497.889 104.384 60.398 225
497.892 104.384 60.398 237
497.894 104.383 60.398 238
497.897 104.381 60.397 230
497.899 104.381 60.397 235
497.902 104.379 60.397 230
497.904 104.379 60.397 238
497.907 104.377 60.396 237
497.909 104.377 60.396 235
497.912 104.377 60.396 231
497.914 104.376 60.396 229
497.917 104.374 60.396 224
497.919 104.373 60.395 223
497.922 104.372 60.395 223
497.924 104.372 60.395 235
497.927 104.372 60.395 239
497.929 104.371 60.395 241
497.932 104.370 60.394 241
497.934 104.369 60.394 234
497.937 104.368 60.394 249
497.939 104.367 60.394 250
497.941 104.367 60.394 249
497.944 104.366 60.393 243
497.947 104.364 60.393 226
497.949 104.364 60.393 228
497.951 104.364 60.393 242
497.954 104.361 60.393 243
497.957 104.360 60.392 234
497.959 104.360 60.392 237
497.962 104.359 60.392 243
498.136 103.640 60.286 151
496.876 108.917 61.066 178
496.881 108.917 61.066 215
496.885 108.917 61.066 220
496.890 108.918 61.065 222
496.894 108.917 61.065 231
496.899 108.918 61.065 229
496.903 108.918 61.065 227
496.908 108.918 61.065 230
496.912 108.917 61.065 233
496.917 108.918 61.065 229
496.921 108.918 61.065 219
496.926 108.918 61.064 216
496.930 108.920 61.064 218
496.932 108.931 61.066 218
496.936 108.932 61.066 218
496.941 108.931 61.066 224
496.945 108.932 61.066 189
496.948 108.937 61.066 150
496.952 108.943 61.067 140
496.958 108.936 61.066 98
497.978 104.515 60.413 103
497.979 104.519 60.414 107
497.982 104.515 60.413 87
497.997 104.500 60.411 84
497.997 104.511 60.412 104
498.000 104.508 60.412 97
498.003 104.507 60.411 89
498.006 104.523 60.413 103
498.008 104.523 60.413 107
498.012 104.517 60.412 111
498.014 104.520 60.413 146
498.016 104.520 60.413 151
498.019 104.519 60.413 146
498.021 104.520 60.413 111
498.023 104.520 60.413 124
498.026 104.516 60.412 130
498.028 104.517 60.412 87
498.029 104.524 60.413 89
498.030 104.530 60.414 84
498.032 104.532 60.414 82
498.030 104.550 60.417 81
498.033 104.547 60.416 88
498.037 104.562 60.418 91
498.039 104.566 60.419 98
498.040 104.569 60.419 87
498.042 104.573 60.420 99
498.044 104.574 60.420 117
496.148 108.937 61.092 206
496.153 108.934 61.091 205
496.157 108.937 61.092 203
496.162 108.937 61.091 199
496.166 108.938 61.091 206
496.172 108.937 61.091 207
496.176 108.937 61.091 203
496.181 108.937 61.091 205
496.186 108.938 61.091 201
496.190 108.936 61.090 196
496.195 108.937 61.090 201
496.200 108.937 61.090 204
496.205 108.936 61.089 196
496.209 108.937 61.089 178
496.214 108.936 61.089 150
497.280 105.518 60.576 120
497.283 105.515 60.575 121
497.287 105.513 60.575 123
497.290 105.513 60.575 118
497.294 105.510 60.574 116
497.296 105.512 60.574 116
497.300 105.510 60.574 117
497.302 105.510 60.574 116
497.304 105.514 60.574 115
497.308 105.512 60.574 117
497.311 105.510 60.573 116
497.313 105.515 60.574 118
497.317 105.513 60.574 120
497.318 105.516 60.574 106
497.322 105.515 60.574 86
497.320 105.529 60.576 97
496.293 108.936 61.086 117
496.298 108.937 61.086 167
496.302 108.939 61.086 191
496.306 108.940 61.086 204
496.311 108.939 61.085 205
496.316 108.939 61.085 207
496.320 108.941 61.085 205
496.325 108.939 61.085 191
496.329 108.942 61.085 169
496.332 108.947 61.086 153
497.932 103.577 60.282 145
497.707 104.345 60.397 209
497.707 104.351 60.398 173
497.708 104.355 60.399 172
497.710 104.358 60.399 169
497.711 104.362 60.399 167
497.711 104.368 60.400 173
497.713 104.371 60.401 176
497.714 104.375 60.401 178
497.715 104.381 60.402 180
497.714 104.389 60.403 179
497.706 104.426 60.408 186
497.702 104.449 60.412 183
497.696 104.476 60.416 176
497.693 104.496 60.419 174
497.692 104.508 60.420 166
497.694 104.507 60.420 164
497.696 104.511 60.420 158
497.696 104.519 60.422 156
497.697 104.523 60.422 156
497.698 104.527 60.423 156
497.699 104.531 60.423 156
497.702 104.529 60.423 155
497.704 104.532 60.423 157
497.706 104.533 60.423 157
497.708 104.535 60.423 161
497.705 104.556 60.426 160
497.705 104.562 60.427 163
497.711 104.552 60.426 166
497.716 104.539 60.424 172
497.727 104.510 60.419 181
497.739 104.474 60.414 177
497.744 104.467 60.413 180
497.746 104.469 60.413 170
497.747 104.472 60.413 168
497.750 104.469 60.413 173
497.761 104.439 60.408 214
497.767 104.427 60.406 247
497.770 104.425 60.406 237
497.772 104.424 60.406 236
497.775 104.423 60.405 241
497.777 104.423 60.405 245
497.780 104.422 60.405 248
497.783 104.421 60.405 246
497.785 104.420 60.404 249
497.788 104.418 60.404 241
497.790 104.418 60.404 239
497.793 104.418 60.404 246
497.796 104.416 60.403 247
497.798 104.415 60.403 239
497.801 104.414 60.403 232
497.803 104.414 60.403 241
497.806 104.413 60.403 239
497.808 104.412 60.403 226
497.811 104.411 60.402 229
497.813 104.410 60.402 237
497.816 104.410 60.402 232
497.819 104.406 60.401 234
497.821 104.407 60.401 232
497.824 104.404 60.401 230
497.826 104.405 60.401 231
497.829 104.405 60.401 228
497.831 104.403 60.400 222
497.834 104.403 60.400 231
497.836 104.403 60.400 233
497.839 104.401 60.400 219
497.841 104.400 60.400 223
497.844 104.401 60.400 219
497.846 104.400 60.399 223
497.849 104.398 60.399 221
497.851 104.398 60.399 237
497.854 104.397 60.399 236
497.856 104.397 60.399 235
497.859 104.396 60.398 237
497.862 104.393 60.398 229
497.864 104.393 60.398 221
497.867 104.392 60.398 232
497.869 104.392 60.397 234
497.872 104.390 60.397 242
497.874 104.390 60.397 236
497.877 104.388 60.397 220
497.879 104.388 60.397 228
497.882 104.386 60.396 229
497.884 104.387 60.396 230
497.887 104.384 60.396 226
497.890 104.383 60.396 233
497.892 104.382 60.395 238
497.894 104.383 60.395 229
497.897 104.382 60.395 231
497.899 104.380 60.395 229
497.902 104.379 60.395 233
497.904 104.379 60.394 228
497.907 104.378 60.394 226
497.909 104.377 60.394 229
497.912 104.375 60.394 231
497.914 104.375 60.394 224
497.917 104.374 60.393 235
497.919 104.373 60.393 233
497.922 104.372 60.393 229
497.924 104.372 60.393 233
497.927 104.372 60.393 251
497.930 104.369 60.392 243
497.932 104.369 60.392 242
497.934 104.369 60.392 243
497.937 104.368 60.392 242
497.939 104.368 60.392 249
497.942 104.366 60.391 246
497.944 104.366 60.391 234
497.947 104.363 60.391 233
497.949 104.363 60.391 238
497.951 104.363 60.391 228
497.954 104.362 60.390 233
497.956 104.361 60.390 248
497.959 104.361 60.390 236
497.961 104.359 60.390 233
498.136 103.641 60.284 152
496.876 108.918 61.062 178
496.881 108.916 61.061 210
496.886 108.917 61.061 225
496.890 108.917 61.061 219
496.894 108.918 61.061 228
496.899 108.918 61.061 225
496.903 108.917 61.060 234
496.908 108.917 61.060 236
496.912 108.918 61.060 229
496.917 108.918 61.060 231
496.921 108.919 61.060 220
496.925 108.920 61.060 233
496.930 108.919 61.060 216
496.932 108.933 61.062 216
496.936 108.932 61.062 223
496.941 108.930 61.061 216
496.945 108.933 61.061 185
496.949 108.935 61.061 151
496.951 108.945 61.063 141
496.958 108.933 61.061 101
497.977 104.520 60.412 101
497.979 104.520 60.412 104
497.982 104.518 60.411 81
497.995 104.509 60.410 81
497.998 104.507 60.409 103
497.999 104.513 60.410 100
498.002 104.508 60.409 90
498.006 104.521 60.411 103
498.010 104.513 60.410 108
498.011 104.520 60.411 111
498.014 104.520 60.411 146
498.016 104.519 60.410 152
498.018 104.520 60.410 148
498.020 104.521 60.411 112
498.023 104.521 60.410 124
498.026 104.515 60.409 127
498.027 104.523 60.411 87
498.029 104.526 60.411 84
498.029 104.534 60.412 88
498.032 104.534 60.412 82
498.035 104.540 60.413 81
498.042 104.561 60.415 82
498.041 104.579 60.418 80
498.045 104.572 60.417 88
496.148 108.937 61.087 199
496.153 108.935 61.087 207
496.157 108.937 61.087 207
496.161 108.938 61.087 207
496.166 108.937 61.087 205
496.171 108.938 61.087 208
496.176 108.936 61.086 196
496.181 108.937 61.086 204
496.186 108.936 61.086 208
496.190 108.938 61.086 195
496.195 108.937 61.085 204
496.199 108.937 61.085 212
496.204 108.937 61.085 202
496.210 108.936 61.085 171
496.214 108.938 61.085 147
497.279 105.519 60.573 120
497.285 105.511 60.572 118
497.287 105.511 60.572 122
497.290 105.512 60.572 120
497.294 105.509 60.571 120
497.295 105.514 60.572 118
497.299 105.512 60.571 118
497.301 105.514 60.571 116
497.305 105.511 60.571 114
497.307 105.513 60.571 116
497.310 105.513 60.571 117
497.314 105.511 60.571 119
497.317 105.512 60.571 123
497.319 105.515 60.571 106
497.318 105.527 60.573 84
497.321 105.525 60.572 97
496.293 108.937 61.081 118
496.297 108.939 61.081 171
496.301 108.940 61.081 201
496.306 108.940 61.081 202
496.311 108.939 61.081 202
496.316 108.939 61.081 204
496.320 108.941 61.081 203
496.325 108.940 61.080 192
496.329 108.941 61.080 173
496.332 108.946 61.081 155
495.904 110.402 61.298 146
497.707 104.343 60.395 207
497.707 104.350 60.396 173
497.709 104.354 60.396 176
497.709 104.359 60.397 171
497.711 104.362 60.397 172
497.711 104.368 60.398 176
497.713 104.370 60.398 176
497.714 104.375 60.399 180
497.714 104.381 60.400 180
497.715 104.387 60.400 180
497.706 104.428 60.406 189
497.701 104.451 60.410 185
497.693 104.487 60.415 176
497.689 104.509 60.418 168
497.688 104.523 60.420 162
497.690 104.523 60.420 160
497.691 104.528 60.421 156
497.691 104.536 60.422 155
497.692 104.540 60.422 154
497.694 104.543 60.423 154
497.695 104.547 60.423 154
497.698 104.545 60.423 153
497.700 104.545 60.423 155
497.703 104.545 60.423 155
497.704 104.548 60.423 158
497.700 104.573 60.427 158
497.701 104.578 60.427 159
497.707 104.564 60.425 163
497.714 104.548 60.422 170
497.726 104.514 60.417 182
497.739 104.474 60.411 181
497.744 104.465 60.410 171
497.746 104.470 60.411 169
497.747 104.472 60.411 174
497.750 104.469 60.410 173
497.761 104.440 60.406 200
497.767 104.425 60.404 242
497.770 104.425 60.403 249
497.772 104.424 60.403 240
497.775 104.423 60.403 237
497.777 104.424 60.403 248
497.780 104.421 60.403 238
497.782 104.422 60.403 243
497.785 104.421 60.402 243
497.788 104.419 60.402 234
497.791 104.418 60.402 235
497.793 104.418 60.402 245
497.795 104.417 60.401 249
497.798 104.415 60.401 236
497.800 104.414 60.401 233
497.803 104.414 60.401 238
497.806 104.412 60.400 230
497.808 104.412 60.400 230
497.811 104.411 60.400 228
497.813 104.410 60.400 234
497.816 104.409 60.399 222
497.819 104.408 60.399 226
497.821 104.408 60.399 231
497.824 104.406 60.399 228
497.826 104.407 60.399 230
497.829 104.405 60.398 228
497.831 104.404 60.398 228
497.834 104.403 60.398 232
497.836 104.402 60.398 235
497.839 104.402 60.398 231
497.841 104.400 60.397 222
497.844 104.400 60.397 234
497.846 104.400 60.397 227
497.849 104.398 60.397 222
497.851 104.398 60.397 230
497.854 104.396 60.396 239
497.857 104.395 60.396 244
497.859 104.395 60.396 244
497.862 104.393 60.396 231
497.864 104.392 60.395 234
497.867 104.391 60.395 234
497.869 104.391 60.395 229
497.872 104.391 60.395 241
497.874 104.390 60.395 239
497.877 104.389 60.394 233
497.879 104.388 60.394 239
497.881 104.388 60.394 237
497.884 104.387 60.394 244
497.887 104.385 60.394 229
497.889 104.385 60.394 227
497.892 104.384 60.393 224
497.894 104.382 60.393 237
497.897 104.382 60.393 232
497.899 104.380 60.393 226
497.902 104.381 60.393 236
497.905 104.378 60.392 233
497.907 104.377 60.392 229
497.910 104.376 60.392 232
497.912 104.376 60.392 239
497.914 104.375 60.391 227
497.917 104.375 60.391 236
497.919 104.373 60.391 238
497.922 104.371 60.391 224
497.924 104.372 60.391 233
497.927 104.370 60.390 243
497.929 104.371 60.390 243
497.931 104.370 60.390 241
497.934 104.368 60.390 243
497.936 104.369 60.390 242
497.939 104.368 60.389 238
497.942 104.366 60.389 243
497.944 104.364 60.389 247
497.946 104.365 60.389 244
497.949 104.364 60.389 244
497.952 104.361 60.388 235
497.954 104.362 60.388 233
497.956 104.361 60.388 241
497.959 104.359 60.388 234
497.961 104.360 60.388 233
498.136 103.641 60.282 152
496.876 108.919 61.057 176
496.881 108.917 61.057 213
496.886 108.916 61.056 219
496.890 108.917 61.056 227
496.894 108.918 61.056 225
496.899 108.918 61.056 229
496.903 108.917 61.056 223
496.908 108.917 61.056 227
496.912 108.918 61.056 228
496.917 108.918 61.056 219
496.921 108.919 61.056 227
496.926 108.919 61.055 230
496.930 108.920 61.055 220
496.931 108.936 61.058 215
496.935 108.938 61.058 231
496.940 108.936 61.057 212
496.944 108.936 61.057 186
496.948 108.939 61.058 155
496.951 108.946 61.058 152
496.959 108.932 61.056 101
497.976 104.520 60.409 102
497.977 104.526 60.410 103
497.981 104.521 60.409 84
497.995 104.511 60.407 84
497.997 104.513 60.408 101
497.998 104.518 60.408 97
498.001 104.513 60.408 89
498.007 104.516 60.408 104
498.010 104.514 60.408 109
498.012 104.518 60.408 111
498.014 104.519 60.408 151
498.016 104.519 60.408 153
498.018 104.522 60.408 150
498.020 104.521 60.408 111
498.023 104.522 60.408 122
498.025 104.520 60.408 125
498.026 104.525 60.409 87
498.028 104.532 60.409 82
498.028 104.539 60.410 86
498.032 104.531 60.409 82
498.033 104.536 60.410 80
498.038 104.558 60.413 80
498.043 104.556 60.412 82
498.044 104.574 60.415 81
496.148 108.936 61.083 211
496.153 108.936 61.082 211
496.157 108.938 61.083 208
496.162 108.938 61.082 208
496.166 108.938 61.082 200
496.171 108.937 61.082 201
496.177 108.936 61.081 204
496.181 108.937 61.081 201
496.186 108.937 61.081 205
496.190 108.937 61.081 201
496.195 108.938 61.081 210
496.200 108.937 61.081 203
496.204 108.938 61.081 201
496.209 108.937 61.080 174
496.213 108.938 61.080 149
497.280 105.516 60.570 119
497.285 105.511 60.569 120
497.287 105.511 60.569 122
497.290 105.512 60.569 121
497.293 105.512 60.569 119
497.296 105.511 60.568 119
497.298 105.516 60.569 120
497.303 105.508 60.568 118
497.305 105.512 60.568 115
497.308 105.512 60.568 115
497.310 105.513 60.568 115
497.313 105.515 60.568 119
497.317 105.512 60.568 123
497.318 105.515 60.568 106
497.321 105.516 60.568 87
497.320 105.531 60.570 95
496.292 108.941 61.077 117
496.298 108.939 61.077 168
496.302 108.939 61.077 200
496.306 108.939 61.076 198
496.311 108.940 61.076 205
496.316 108.940 61.076 193
496.320 108.940 61.076 199
496.325 108.941 61.076 199
496.329 108.942 61.076 171
496.332 108.945 61.076 154
498.139 102.883 60.176 146
497.707 104.342 60.392 217
497.707 104.350 60.393 166
497.709 104.354 60.394 171
497.709 104.359 60.394 171
497.711 104.363 60.395 171
497.712 104.366 60.395 171
497.713 104.369 60.396 176
497.714 104.376 60.397 178
497.714 104.383 60.398 181
497.714 104.389 60.398 182
497.706 104.428 60.404 186
497.700 104.455 60.408 182
497.689 104.500 60.414 171
497.685 104.524 60.418 161
497.683 104.540 60.420 157
497.685 104.540 60.420 155
497.686 104.545 60.421 153
497.686 104.554 60.422 152
497.687 104.557 60.422 151
497.688 104.562 60.423 151
497.689 104.567 60.424 151
497.693 104.563 60.423 152
497.696 104.562 60.423 152
497.699 104.559 60.422 154
497.700 104.565 60.423 155
497.694 104.592 60.427 153
497.695 104.597 60.428 155
497.703 104.580 60.425 161
497.711 104.557 60.421 171
497.725 104.517 60.415 177
497.739 104.474 60.409 177
497.744 104.466 60.408 173
497.745 104.470 60.408 174
497.747 104.472 60.408 171
497.750 104.470 60.408 173
497.760 104.443 60.404 195
497.767 104.427 60.402 248
497.770 104.425 60.401 250
497.772 104.425 60.401 245
497.775 104.424 60.401 241
497.777 104.424 60.401 248
497.780 104.421 60.400 249
497.783 104.420 60.400 242
497.785 104.421 60.400 243
497.788 104.419 60.400 241
497.790 104.418 60.399 237
497.793 104.418 60.399 243
497.795 104.417 60.399 241
497.798 104.415 60.399 235
497.801 104.414 60.398 234
497.803 104.414 60.398 227
497.806 104.412 60.398 226
497.808 104.411 60.398 233
497.811 104.411 60.398 231
497.814 104.409 60.397 236
497.816 104.410 60.397 230
497.819 104.408 60.397 224
497.821 104.407 60.397 228
497.823 104.407 60.397 233
497.826 104.406 60.396 230
497.829 104.405 60.396 230
497.832 104.402 60.396 227
497.834 104.403 60.396 226
497.836 104.403 60.396 234
497.839 104.402 60.395 229
497.841 104.401 60.395 227
497.844 104.400 60.395 238
497.846 104.400 60.395 238
497.849 104.398 60.395 235
497.851 104.398 60.394 234
497.854 104.396 60.394 232
497.856 104.396 60.394 246
497.859 104.395 60.394 250
497.862 104.393 60.393 231
497.864 104.392 60.393 228
497.866 104.392 60.393 232
497.869 104.392 60.393 230
497.872 104.390 60.393 238
497.874 104.389 60.392 248
497.877 104.389 60.392 235
497.879 104.388 60.392 225
497.882 104.387 60.392 233
497.884 104.387 60.392 247
497.887 104.386 60.391 238
497.889 104.384 60.391 222
497.892 104.384 60.391 226
497.894 104.383 60.391 231
497.897 104.381 60.390 226
497.899 104.381 60.390 225
497.902 104.380 60.390 227
497.904 104.379 60.390 232
497.907 104.378 60.390 236
497.910 104.376 60.389 236
497.912 104.376 60.389 233
497.914 104.375 60.389 224
497.917 104.375 60.389 229
497.919 104.373 60.389 240
497.922 104.373 60.389 233
497.924 104.372 60.388 236
497.927 104.371 60.388 242
497.929 104.371 60.388 239
497.932 104.370 60.388 241
497.934 104.369 60.388 240
497.937 104.367 60.387 244
497.939 104.368 60.387 247
497.942 104.366 60.387 248
497.944 104.365 60.387 251
497.946 104.365 60.387 245
497.949 104.364 60.386 236
497.952 104.362 60.386 233
497.954 104.361 60.386 231
497.956 104.361 60.386 244
497.959 104.359 60.385 246
497.961 104.360 60.385 241
498.135 103.643 60.280 152
496.876 108.918 61.052 177
496.881 108.916 61.052 209
496.886 108.916 61.052 222
496.890 108.916 61.052 220
496.894 108.916 61.052 224
496.899 108.917 61.052 224
496.903 108.917 61.051 220
496.908 108.918 61.051 231
496.912 108.918 61.051 220
496.917 108.917 61.051 225
496.921 108.919 61.051 225
496.926 108.919 61.051 228
496.930 108.918 61.051 216
496.931 108.934 61.053 205
496.934 108.939 61.053 222
496.939 108.937 61.053 198
496.944 108.937 61.053 167
496.947 108.944 61.054 156
496.951 108.946 61.054 153
496.959 108.933 61.052 100
497.977 104.519 60.407 101
497.979 104.519 60.407 105
497.981 104.519 60.407 84
497.997 104.501 60.404 90
497.997 104.509 60.405 104
497.999 104.513 60.405 97
498.000 104.518 60.406 87
498.009 104.508 60.404 104
498.010 104.516 60.405 107
498.012 104.517 60.405 111
498.014 104.521 60.406 151
498.016 104.519 60.406 153
498.019 104.519 60.406 150
498.020 104.525 60.406 111
498.023 104.519 60.405 123
498.025 104.521 60.406 129
498.027 104.524 60.406 87
498.031 104.518 60.405 83
498.029 104.534 60.407 83
498.031 104.535 60.407 82
498.034 104.545 60.409 80
498.034 104.553 60.410 80
498.038 104.548 60.409 81
498.041 104.544 60.408 81
496.149 108.935 61.078 202
496.153 108.936 61.078 208
496.158 108.936 61.078 205
496.162 108.936 61.077 206
496.167 108.936 61.077 213
496.172 108.937 61.077 209
496.176 108.938 61.077 202
496.181 108.935 61.077 201
496.186 108.937 61.077 210
496.190 108.938 61.077 203
496.195 108.938 61.076 207
496.200 108.937 61.076 207
496.204 108.939 61.076 195
496.209 108.938 61.076 183
496.214 108.936 61.075 149
497.279 105.520 60.568 120
497.284 105.512 60.566 120
497.287 105.511 60.566 122
497.290 105.512 60.566 122
497.293 105.512 60.566 119
497.296 105.512 60.566 116
497.300 105.509 60.565 123
497.302 105.511 60.565 119
497.306 105.507 60.565 114
497.308 105.510 60.565 115
497.310 105.513 60.565 117
497.314 105.511 60.565 119
497.316 105.514 60.565 121
497.320 105.511 60.565 107
497.319 105.523 60.566 82
497.320 105.528 60.567 98
496.291 108.943 61.073 117
496.297 108.940 61.072 172
496.302 108.939 61.072 200
496.306 108.939 61.072 200
496.310 108.941 61.072 208
496.316 108.940 61.072 195
496.320 108.940 61.071 200
496.325 108.941 61.071 189
496.329 108.941 61.071 174
496.332 108.946 61.072 157
495.907 110.394 61.286 147
497.707 104.342 60.390 219
497.708 104.350 60.391 171
497.709 104.353 60.391 172
497.710 104.357 60.392 172
497.711 104.360 60.392 169
497.712 104.366 60.393 178
497.713 104.370 60.393 174
497.714 104.376 60.394 178
497.715 104.380 60.395 179
497.715 104.389 60.396 182
497.705 104.430 60.402 188
497.698 104.462 60.407 187
497.686 104.512 60.414 167
497.679 104.543 60.418 156
497.677 104.560 60.421 153
497.678 104.562 60.421 151
497.680 104.565 60.421 148
497.680 104.575 60.423 147
497.681 104.580 60.423 146
497.682 104.585 60.424 147
497.683 104.590 60.425 145
497.687 104.584 60.424 147
497.690 104.582 60.423 148
497.694 104.578 60.423 150
497.695 104.581 60.423 151
495.739 111.477 61.440 148
497.689 104.620 60.429 150
497.697 104.599 60.425 157
497.708 104.570 60.421 168
497.724 104.520 60.414 185
497.739 104.475 60.407 185
497.744 104.466 60.405 171
497.746 104.468 60.406 168
497.747 104.472 60.406 168
497.749 104.473 60.406 177
497.760 104.443 60.402 203
497.767 104.427 60.399 237
497.770 104.425 60.399 249
497.772 104.424 60.399 243
497.775 104.423 60.398 236
497.777 104.422 60.398 240
497.780 104.422 60.398 248
497.782 104.421 60.398 242
497.785 104.420 60.398 246
497.788 104.420 60.397 242
497.790 104.418 60.397 243
497.793 104.416 60.397 243
497.795 104.416 60.397 237
497.798 104.415 60.396 243
497.800 104.415 60.396 235
497.803 104.413 60.396 235
497.806 104.412 60.396 223
497.808 104.412 60.396 233
497.811 104.411 60.395 228
497.813 104.410 60.395 229
497.816 104.409 60.395 228
497.818 104.409 60.395 233
497.821 104.407 60.394 234
497.824 104.406 60.394 233
497.826 104.406 60.394 235
497.829 104.406 60.394 225
497.831 104.403 60.394 227
497.834 104.403 60.393 226
497.836 104.402 60.393 236
497.839 104.400 60.393 232
497.841 104.401 60.393 232
497.844 104.400 60.393 230
497.846 104.399 60.392 233
497.849 104.399 60.392 235
497.851 104.398 60.392 235
497.854 104.397 60.392 226
497.857 104.395 60.391 231
497.859 104.395 60.391 239
497.862 104.393 60.391 231
497.864 104.392 60.391 227
497.867 104.392 60.391 222
497.869 104.392 60.391 220
497.872 104.389 60.390 237
497.874 104.390 60.390 238
497.877 104.389 60.390 234
497.880 104.386 60.389 220
497.882 104.387 60.390 223
497.884 104.386 60.389 238
497.886 104.387 60.389 233
497.889 104.385 60.389 224
497.892 104.383 60.389 231
497.894 104.383 60.388 232
497.897 104.382 60.388 228
497.899 104.382 60.388 231
497.902 104.380 60.388 230
497.904 104.380 60.388 234
497.907 104.378 60.387 238
497.910 104.375 60.387 237
497.912 104.376 60.387 235
497.914 104.375 60.387 236
497.917 104.375 60.387 241
497.919 104.374 60.386 241
497.922 104.372 60.386 232
497.925 104.371 60.386 235
497.927 104.371 60.386 233
497.929 104.372 60.386 233
497.931 104.371 60.386 235
497.934 104.370 60.385 238
497.937 104.368 60.385 245
497.939 104.366 60.385 249
497.941 104.368 60.385 251
497.944 104.366 60.384 245
497.946 104.365 60.384 238
497.949 104.365 60.384 232
497.951 104.363 60.384 241
497.954 104.362 60.384 241
497.956 104.362 60.383 242
497.959 104.359 60.383 249
497.962 104.357 60.383 232
497.968 104.341 60.380 153
496.875 108.922 61.048 169
496.881 108.916 61.048 208
496.886 108.916 61.047 227
496.890 108.916 61.047 227
496.894 108.918 61.047 229
496.899 108.917 61.047 231
496.904 108.917 61.047 234
496.908 108.918 61.047 227
496.912 108.918 61.047 233
496.917 108.918 61.047 232
496.921 108.917 61.046 226
496.926 108.919 61.046 227
496.930 108.918 61.046 223
496.931 108.934 61.048 208
496.935 108.935 61.048 208
496.941 108.929 61.047 210
496.945 108.931 61.047 179
496.948 108.938 61.048 146
496.951 108.946 61.049 145
496.959 108.930 61.047 99
497.977 104.519 60.404 101
497.978 104.524 60.405 104
497.981 104.521 60.405 81
497.995 104.509 60.403 87
497.996 104.515 60.403 102
498.000 104.509 60.402 102
498.002 104.511 60.403 87
498.006 104.523 60.404 104
498.009 104.518 60.403 109
498.012 104.516 60.403 113
498.014 104.521 60.404 148
498.016 104.518 60.403 150
498.018 104.519 60.403 150
498.020 104.522 60.404 111
498.023 104.521 60.403 123
498.026 104.516 60.403 129
498.027 104.522 60.403 89
498.028 104.528 60.404 83
498.028 104.538 60.406 82
498.032 104.533 60.405 81
498.032 104.541 60.406 80
498.036 104.544 60.406 80
498.039 104.555 60.408 84
496.148 108.938 61.074 206
496.153 108.936 61.073 202
496.158 108.935 61.073 199
496.162 108.936 61.073 202
496.167 108.936 61.073 213
496.172 108.936 61.072 204
496.176 108.936 61.072 202
496.181 108.936 61.072 205
496.186 108.936 61.072 202
496.190 108.938 61.072 207
496.195 108.936 61.071 205
496.200 108.936 61.071 206
496.204 108.937 61.071 195
496.208 108.939 61.071 176
496.214 108.937 61.071 150
497.279 105.519 60.564 120
497.283 105.515 60.564 122
497.288 105.510 60.563 122
497.290 105.513 60.563 118
497.292 105.515 60.563 120
497.296 105.512 60.563 121
497.299 105.514 60.563 120
497.301 105.514 60.563 116
497.305 105.513 60.563 117
497.308 105.511 60.562 118
497.310 105.512 60.562 118
497.312 105.517 60.563 117
497.316 105.514 60.562 119
497.319 105.513 60.562 106
497.320 105.522 60.563 85
497.321 105.527 60.564 95
496.292 108.940 61.068 117
496.298 108.938 61.067 166
496.301 108.939 61.067 197
496.306 108.939 61.067 203
496.311 108.940 61.067 209
496.316 108.939 61.067 208
496.320 108.939 61.067 203
496.325 108.939 61.066 192
496.330 108.940 61.066 177
496.332 108.946 61.067 160
496.113 109.700 61.178 146
497.708 104.341 60.388 213
497.708 104.350 60.389 174
497.709 104.353 60.389 167
497.710 104.358 60.390 167
497.711 104.361 60.390 168
497.712 104.366 60.391 168
497.713 104.371 60.391 173
497.714 104.375 60.392 175
497.715 104.380 60.393 178
497.715 104.389 60.394 181
497.705 104.430 60.400 186
497.696 104.467 60.405 183
497.680 104.531 60.414 158
497.673 104.566 60.419 151
479.023 168.996 69.905 146
489.351 133.371 64.660 145
481.260 161.479 68.796 142
493.526 118.996 62.543 141
479.147 169.050 69.908 141
497.675 104.609 60.425 141
497.676 104.614 60.426 141
481.400 161.534 68.798 144
481.429 161.540 68.798 144
497.687 104.600 60.424 146
497.689 104.604 60.424 147
493.588 119.053 62.548 142
481.535 161.613 68.803 144
497.691 104.621 60.426 152
497.703 104.588 60.421 160
497.723 104.525 60.412 180
497.739 104.474 60.404 181
497.744 104.467 60.403 172
497.746 104.468 60.403 170
497.747 104.472 60.404 172
497.750 104.472 60.404 179
497.759 104.445 60.400 201
497.767 104.426 60.397 245
497.769 104.426 60.397 250
497.772 104.424 60.396 242
497.775 104.424 60.396 247
497.777 104.422 60.396 236
497.780 104.422 60.396 238
497.783 104.421 60.395 239
497.785 104.420 60.395 246
497.788 104.419 60.395 243
497.790 104.419 60.395 247
497.793 104.418 60.395 248
497.795 104.417 60.394 240
497.798 104.415 60.394 237
497.801 104.413 60.394 236
497.803 104.414 60.394 231
497.806 104.413 60.393 237
497.808 104.412 60.393 241
497.810 104.412 60.393 233
497.813 104.410 60.393 236
497.816 104.408 60.393 233
497.819 104.408 60.392 232
497.821 104.408 60.392 224
497.824 104.406 60.392 230
497.826 104.406 60.392 235
497.829 104.406 60.392 226
497.831 104.403 60.391 227
497.833 104.404 60.391 228
497.836 104.401 60.391 235
497.839 104.401 60.391 241
497.841 104.402 60.391 231
497.844 104.400 60.390 229
497.846 104.400 60.390 230
497.849 104.398 60.390 235
497.851 104.398 60.390 234
497.854 104.397 60.390 230
497.857 104.396 60.389 231
497.859 104.396 60.389 236
497.862 104.394 60.389 246
497.864 104.392 60.389 243
497.867 104.392 60.388 222
497.869 104.392 60.388 225
497.872 104.391 60.388 230
497.874 104.390 60.388 225
497.877 104.389 60.388 235
497.879 104.388 60.387 220
497.882 104.388 60.387 232
497.884 104.387 60.387 232
497.886 104.386 60.387 228
497.889 104.384 60.387 228
497.892 104.383 60.386 241
497.894 104.384 60.386 236
497.897 104.381 60.386 224
497.899 104.381 60.386 241
497.902 104.379 60.385 232
497.904 104.380 60.385 228
497.907 104.378 60.385 229
497.909 104.377 60.385 229
497.912 104.376 60.385 237
497.914 104.375 60.384 228
497.917 104.375 60.384 237
497.919 104.374 60.384 237
497.922 104.373 60.384 234
497.924 104.372 60.384 230
497.927 104.372 60.384 233
497.929 104.370 60.383 232
497.931 104.371 60.383 244
497.934 104.370 60.383 243
497.937 104.368 60.383 248
497.939 104.368 60.383 249
497.941 104.367 60.382 248
497.944 104.367 60.382 234
497.946 104.365 60.382 236
497.949 104.364 60.382 236
497.951 104.363 60.381 240
497.954 104.362 60.381 233
497.957 104.360 60.381 236
497.959 104.359 60.381 240
497.961 104.359 60.381 239
497.967 104.346 60.379 157
496.875 108.922 61.044 176
496.881 108.916 61.043 203
496.886 108.916 61.043 218
496.890 108.918 61.043 237
496.894 108.917 61.043 230
496.899 108.917 61.043 223
496.904 108.917 61.042 224
496.908 108.917 61.042 224
496.912 108.918 61.042 229
496.917 108.917 61.042 223
496.921 108.918 61.042 231
496.926 108.919 61.042 217
496.930 108.919 61.042 214
496.932 108.932 61.044 210
496.936 108.931 61.043 221
496.941 108.929 61.043 218
496.945 108.933 61.043 192
496.948 108.938 61.044 147
496.952 108.943 61.044 145
496.960 108.927 61.042 102
497.978 104.514 60.401 101
497.979 104.520 60.402 105
497.981 104.521 60.402 86
497.995 104.508 60.400 82
497.999 104.503 60.399 104
497.999 104.514 60.401 99
498.001 104.515 60.401 93
498.007 104.517 60.401 104
498.009 104.518 60.401 110
498.012 104.519 60.401 112
498.014 104.521 60.401 149
498.016 104.519 60.401 150
498.019 104.517 60.401 148
498.019 104.526 60.402 111
498.023 104.520 60.401 122
498.026 104.516 60.400 125
498.026 104.528 60.402 86
498.030 104.519 60.401 86
498.029 104.537 60.403 81
498.030 104.539 60.403 85
498.032 104.541 60.404 85
498.034 104.544 60.404 86
498.036 104.544 60.404 82
498.035 104.561 60.406 82
498.039 104.552 60.405 81
496.148 108.938 61.069 216
496.153 108.937 61.069 212
496.158 108.935 61.068 205
496.162 108.937 61.068 208
496.166 108.937 61.068 197
496.171 108.937 61.068 212
496.176 108.937 61.068 208
496.181 108.937 61.068 197
496.186 108.937 61.067 198
496.190 108.937 61.067 207
496.195 108.936 61.067 204
496.200 108.937 61.067 206
496.205 108.936 61.066 200
496.209 108.937 61.066 179
496.214 108.937 61.066 149
497.280 105.518 60.561 120
497.284 105.514 60.561 121
497.287 105.511 60.560 121
497.291 105.510 60.560 120
497.294 105.509 60.560 118
497.296 105.512 60.560 120
497.298 105.515 60.560 121
497.302 105.513 60.560 119
497.305 105.511 60.559 116
497.308 105.512 60.560 118
497.310 105.515 60.560 117
497.312 105.518 60.560 118
497.317 105.513 60.559 120
497.319 105.512 60.559 107
497.320 105.520 60.560 85
497.320 105.528 60.561 95
496.292 108.940 61.063 117
496.298 108.939 61.063 165
496.301 108.940 61.063 202
496.306 108.939 61.063 212
496.311 108.939 61.063 201
496.316 108.940 61.062 204
496.320 108.939 61.062 208
496.325 108.939 61.062 190
496.329 108.942 61.062 183
496.333 108.943 61.062 161
496.117 109.684 61.171 149
497.708 104.339 60.385 208
497.708 104.349 60.386 171
497.709 104.354 60.387 167
497.710 104.357 60.387 170
497.711 104.361 60.388 166
497.712 104.366 60.388 170
497.713 104.369 60.389 179
497.714 104.374 60.389 180
497.715 104.379 60.390 184
497.715 104.387 60.391 184
497.705 104.430 60.397 189
497.694 104.475 60.404 179
497.675 104.549 60.415 154
485.345 147.071 66.654 145
497.661 104.613 60.424 139
491.522 125.860 63.541 138
497.665 104.619 60.424 134
493.518 119.023 62.537 133
495.695 111.489 61.432 131
495.699 111.494 61.432 132
495.703 111.501 61.433 131
481.391 161.564 68.772 136
483.379 154.712 67.766 139
483.407 154.710 67.765 141
491.630 125.900 63.542 143
497.672 104.671 60.431 134
497.673 104.676 60.432 134
485.642 147.206 66.661 145
497.697 104.608 60.422 156
497.722 104.527 60.410 181
497.739 104.475 60.402 185
497.744 104.467 60.401 174
497.746 104.469 60.401 172
497.747 104.473 60.402 174
497.750 104.472 60.401 175
497.759 104.446 60.397 192
497.767 104.427 60.395 236
497.769 104.427 60.394 242
497.772 104.424 60.394 244
497.774 104.425 60.394 243
497.777 104.423 60.394 237
497.780 104.422 60.393 236
497.783 104.421 60.393 248
497.785 104.420 60.393 243
497.788 104.419 60.393 244
497.790 104.418 60.392 247
497.793 104.418 60.392 234
497.795 104.417 60.392 232
497.798 104.415 60.392 236
497.801 104.414 60.392 236
497.803 104.414 60.391 239
497.806 104.411 60.391 228
497.808 104.412 60.391 227
497.811 104.411 60.391 229
497.813 104.411 60.391 241
497.816 104.408 60.390 231
497.818 104.409 60.390 226
497.821 104.408 60.390 227
497.823 104.408 60.390 230
497.826 104.406 60.390 230
497.829 104.404 60.389 234
497.831 104.404 60.389 236
497.834 104.402 60.389 229
497.836 104.402 60.389 235
497.839 104.403 60.389 240
497.841 104.402 60.388 234
497.844 104.400 60.388 229
497.846 104.399 60.388 242
497.849 104.398 60.388 231
497.851 104.398 60.388 231
497.854 104.397 60.387 222
497.856 104.396 60.387 221
497.859 104.396 60.387 228
497.862 104.393 60.386 231
497.864 104.393 60.386 234
497.866 104.393 60.386 229
497.869 104.392 60.386 241
497.871 104.391 60.386 224
497.874 104.390 60.386 233
497.877 104.389 60.385 229
497.879 104.388 60.385 230
497.881 104.388 60.385 240
497.884 104.387 60.385 239
497.886 104.387 60.385 234
497.889 104.384 60.384 221
497.892 104.384 60.384 235
497.894 104.382 60.384 236
497.897 104.381 60.384 231
497.899 104.380 60.383 228
497.902 104.380 60.383 235
497.904 104.379 60.383 237
497.907 104.378 60.383 238
497.909 104.377 60.383 231
497.912 104.376 60.382 230
497.914 104.376 60.382 233
497.917 104.375 60.382 226
497.919 104.374 60.382 222
497.922 104.373 60.382 223
497.924 104.371 60.381 233
497.927 104.371 60.381 236
497.930 104.368 60.381 243
497.931 104.370 60.381 248
497.934 104.370 60.381 249
497.937 104.368 60.380 243
497.939 104.368 60.380 245
497.941 104.368 60.380 241
497.944 104.367 60.380 235
497.947 104.364 60.380 235
497.949 104.364 60.379 242
497.952 104.362 60.379 235
497.954 104.362 60.379 248
497.956 104.361 60.379 242
497.959 104.360 60.379 238
497.961 104.360 60.379 239
497.968 104.341 60.376 154
496.876 108.918 61.039 169
496.881 108.917 61.039 204
496.885 108.917 61.039 224
496.890 108.918 61.038 231
496.894 108.918 61.038 228
496.899 108.917 61.038 221
496.903 108.917 61.038 226
496.908 108.917 61.038 223
496.912 108.918 61.038 225
496.917 108.918 61.038 223
496.921 108.919 61.038 220
496.926 108.919 61.037 232
496.930 108.919 61.037 220
496.931 108.935 61.039 210
496.935 108.935 61.039 217
496.941 108.930 61.039 213
496.944 108.935 61.039 186
496.948 108.939 61.040 151
496.951 108.946 61.040 151
496.958 108.935 61.039 102
497.977 104.516 60.399 97
497.979 104.519 60.400 105
497.980 104.527 60.401 87
497.995 104.512 60.398 87
497.997 104.510 60.398 106
497.998 104.518 60.399 98
498.002 104.511 60.398 96
498.008 104.515 60.398 104
498.010 104.517 60.399 108
498.011 104.521 60.399 113
498.014 104.521 60.399 152
498.016 104.519 60.399 153
498.018 104.520 60.399 148
498.020 104.523 60.399 110
498.023 104.521 60.399 123
498.026 104.519 60.398 126
498.027 104.523 60.399 88
498.030 104.519 60.398 85
498.029 104.537 60.401 86
498.031 104.537 60.401 84
498.032 104.544 60.402 85
498.036 104.536 60.400 89
498.035 104.551 60.402 84
498.037 104.554 60.403 83
496.149 108.935 61.064 212
496.153 108.937 61.064 205
496.157 108.937 61.064 205
496.162 108.936 61.064 211
496.167 108.936 61.063 204
496.171 108.938 61.064 207
496.176 108.937 61.063 202
496.181 108.936 61.063 208
496.186 108.936 61.063 206
496.190 108.937 61.063 205
496.195 108.937 61.062 208
496.200 108.937 61.062 195
496.204 108.939 61.062 198
496.209 108.938 61.062 182
496.213 108.940 61.062 152
497.279 105.521 60.559 121
497.284 105.513 60.558 121
497.287 105.513 60.558 123
497.290 105.514 60.558 120
497.292 105.515 60.558 117
497.296 105.512 60.557 119
497.299 105.513 60.557 120
497.302 105.511 60.557 117
497.306 105.510 60.556 115
497.308 105.512 60.557 117
497.311 105.509 60.556 117
497.313 105.516 60.557 117
497.316 105.513 60.556 123
497.319 105.512 60.556 107
497.320 105.519 60.557 89
497.321 105.525 60.558 95
496.291 108.944 61.059 116
496.298 108.938 61.058 166
496.302 108.939 61.058 198
496.306 108.940 61.058 206
496.311 108.939 61.058 206
496.316 108.940 61.058 208
496.320 108.939 61.058 199
496.325 108.940 61.057 198
496.329 108.942 61.058 185
496.333 108.943 61.058 168
496.331 108.967 61.061 151
497.922 103.619 60.277 152
497.709 104.344 60.383 156
497.709 104.351 60.384 160
497.710 104.356 60.385 164
497.711 104.361 60.385 166
497.712 104.366 60.386 168
497.714 104.368 60.386 166
497.714 104.374 60.387 171
497.715 104.380 60.388 183
497.714 104.389 60.389 186
497.705 104.431 60.395 187
497.691 104.486 60.403 180
485.326 147.052 66.629 149
495.669 111.473 61.425 134
497.653 104.644 60.426 118
497.654 104.645 60.426 117
497.656 104.648 60.426 116
497.656 104.658 60.428 111
497.656 104.665 60.429 110
497.658 104.668 60.429 111
497.658 104.675 60.430 109
497.664 104.664 60.428 118
497.667 104.662 60.428 123
495.717 111.515 61.429 131
493.574 119.069 62.531 134
497.663 104.702 60.433 106
497.664 104.707 60.434 105
497.675 104.676 60.429 136
497.690 104.631 60.423 151
497.720 104.533 60.408 189
497.739 104.474 60.400 185
497.744 104.468 60.399 177
497.745 104.471 60.399 173
497.747 104.472 60.399 175
497.750 104.473 60.399 174
497.759 104.447 60.395 192
497.767 104.427 60.392 236
497.770 104.425 60.392 243
497.772 104.424 60.392 232
497.775 104.423 60.391 243
497.777 104.423 60.391 245
497.780 104.422 60.391 239
497.783 104.421 60.391 244
497.785 104.420 60.391 240
497.788 104.419 60.390 240
497.790 104.418 60.390 237
497.793 104.417 60.390 233
497.795 104.417 60.390 241
497.798 104.416 60.390 239
497.801 104.414 60.389 240
497.803 104.415 60.389 232
497.805 104.414 60.389 236
497.808 104.412 60.389 234
497.811 104.411 60.388 230
497.813 104.410 60.388 227
497.816 104.408 60.388 231
497.818 104.409 60.388 235
497.821 104.408 60.388 236
497.823 104.407 60.387 226
497.826 104.405 60.387 231
497.829 104.404 60.387 232
497.831 104.404 60.387 244
497.834 104.403 60.387 236
497.836 104.403 60.386 229
497.839 104.401 60.386 233
497.841 104.401 60.386 228
497.844 104.400 60.386 230
497.846 104.399 60.386 232
497.849 104.398 60.385 224
497.852 104.396 60.385 231
497.854 104.396 60.385 234
497.856 104.396 60.385 234
497.859 104.395 60.385 227
497.862 104.394 60.384 224
497.864 104.393 60.384 234
497.866 104.394 60.384 238
497.869 104.393 60.384 244
497.871 104.391 60.384 242
497.874 104.390 60.383 223
497.876 104.390 60.383 235
497.879 104.387 60.383 221
497.882 104.387 60.383 226
497.884 104.386 60.382 233
497.886 104.386 60.382 223
497.889 104.385 60.382 223
497.892 104.382 60.382 226
497.894 104.383 60.382 225
497.897 104.381 60.381 221
497.899 104.382 60.381 230
497.902 104.381 60.381 231
497.904 104.380 60.381 240
497.907 104.378 60.381 232
497.909 104.377 60.380 238
497.912 104.377 60.380 230
497.914 104.376 60.380 239
497.917 104.375 60.380 231
497.919 104.375 60.380 219
497.922 104.372 60.379 224
497.924 104.373 60.379 234
497.927 104.372 60.379 245
497.929 104.370 60.379 243
497.931 104.370 60.379 248
497.934 104.368 60.378 241
497.937 104.368 60.378 246
497.939 104.367 60.378 236
497.941 104.366 60.378 241
497.944 104.366 60.378 236
497.946 104.365 60.377 247
497.949 104.364 60.377 239
497.951 104.363 60.377 234
497.954 104.363 60.377 249
497.956 104.361 60.377 232
497.959 104.360 60.376 233
497.961 104.360 60.376 236
497.968 104.342 60.374 154
496.875 108.921 61.035 168
496.881 108.916 61.034 215
496.886 108.915 61.034 226
496.890 108.917 61.034 223
496.894 108.917 61.034 221
496.899 108.917 61.034 230
496.903 108.917 61.033 233
496.908 108.917 61.033 224
496.912 108.918 61.033 230
496.917 108.917 61.033 227
496.921 108.918 61.033 233
496.926 108.918 61.033 227
496.930 108.918 61.033 218
496.930 108.940 61.036 225
496.934 108.942 61.036 251
496.939 108.937 61.035 219
496.944 108.938 61.035 187
496.947 108.944 61.036 184
496.952 108.942 61.035 152
496.958 108.935 61.034 103
497.976 104.523 60.398 99
497.979 104.521 60.398 105
497.980 104.525 60.398 86
497.995 104.509 60.396 84
497.997 104.511 60.396 101
497.999 104.511 60.396 94
498.002 104.511 60.396 86
498.007 104.518 60.397 101
498.009 104.520 60.397 107
498.011 104.520 60.397 112
498.014 104.521 60.397 150
498.016 104.520 60.396 151
498.018 104.522 60.397 148
498.020 104.523 60.397 112
498.023 104.522 60.396 126
498.025 104.522 60.396 128
498.027 104.524 60.397 87
498.026 104.537 60.399 83
498.029 104.534 60.398 94
498.031 104.538 60.399 102
498.032 104.542 60.399 104
498.034 104.544 60.399 93
498.038 104.539 60.398 84
498.039 104.543 60.399 82
498.038 104.557 60.401 81
496.148 108.937 61.060 206
496.153 108.937 61.060 203
496.157 108.937 61.059 209
496.162 108.937 61.059 205
496.167 108.935 61.059 204
496.171 108.937 61.059 196
496.176 108.937 61.058 199
496.181 108.936 61.058 207
496.186 108.936 61.058 208
496.190 108.937 61.058 200
496.195 108.937 61.058 210
496.199 108.938 61.058 200
496.205 108.936 61.057 196
496.209 108.938 61.057 184
496.213 108.938 61.057 151
497.281 105.515 60.555 122
497.284 105.513 60.555 121
497.287 105.512 60.555 122
497.291 105.511 60.554 122
497.294 105.510 60.554 119
497.295 105.514 60.555 120
497.299 105.512 60.554 119
497.302 105.510 60.554 118
497.305 105.512 60.554 118
497.307 105.515 60.554 119
497.310 105.515 60.554 120
497.315 105.509 60.553 121
497.316 105.515 60.554 120
497.319 105.514 60.554 107
497.320 105.521 60.554 87
497.319 105.533 60.556 97
496.292 108.942 61.054 117
496.297 108.940 61.054 171
496.301 108.940 61.054 194
496.306 108.940 61.054 206
496.310 108.941 61.054 204
496.316 108.940 61.053 206
496.320 108.940 61.053 203
496.325 108.941 61.053 204
496.329 108.942 61.053 195
496.333 108.942 61.053 178
496.338 108.944 61.053 159
496.340 108.950 61.054 155
496.336 108.983 61.058 146
496.123 109.718 61.165 140
497.930 103.612 60.274 142
497.720 104.330 60.379 147
497.714 104.358 60.383 153
497.717 104.355 60.382 151
497.715 104.370 60.384 156
497.715 104.379 60.385 160
497.715 104.387 60.387 165
497.706 104.428 60.392 165
497.689 104.493 60.402 164
491.489 125.841 63.513 141
497.648 104.650 60.424 110
497.658 104.693 60.430 90
497.663 104.685 60.429 109
497.664 104.688 60.429 112
497.667 104.705 60.431 112
485.658 147.228 66.616 145
497.719 104.540 60.407 188
497.739 104.477 60.398 185
497.744 104.467 60.396 180
497.746 104.469 60.396 173
497.747 104.473 60.397 175
497.750 104.472 60.397 175
497.758 104.450 60.393 193
497.767 104.428 60.390 232
497.769 104.426 60.390 241
497.772 104.424 60.389 236
497.775 104.424 60.389 239
497.777 104.423 60.389 244
497.780 104.423 60.389 242
497.783 104.421 60.389 244
497.785 104.420 60.388 231
497.787 104.420 60.388 232
497.790 104.420 60.388 242
497.793 104.416 60.388 242
497.795 104.417 60.388 240
497.797 104.418 60.388 242
497.800 104.415 60.387 236
497.803 104.413 60.387 233
497.806 104.413 60.387 239
497.808 104.413 60.386 230
497.811 104.411 60.386 224
497.813 104.411 60.386 231
497.815 104.411 60.386 232
497.819 104.408 60.386 230
497.821 104.407 60.385 229
497.823 104.408 60.385 235
497.826 104.406 60.385 230
497.829 104.405 60.385 233
497.831 104.405 60.385 229
497.834 104.403 60.384 231
497.836 104.404 60.384 239
497.839 104.402 60.384 233
497.841 104.401 60.384 230
497.844 104.401 60.384 228
497.846 104.399 60.383 239
497.849 104.398 60.383 234
497.852 104.397 60.383 233
497.854 104.398 60.383 230
497.857 104.395 60.382 224
497.859 104.395 60.382 229
497.861 104.395 60.382 229
497.864 104.394 60.382 243
497.866 104.393 60.382 245
497.868 104.394 60.382 238
497.872 104.390 60.381 238
497.874 104.390 60.381 231
497.877 104.389 60.381 236
497.879 104.389 60.381 223
497.882 104.388 60.380 227
497.884 104.387 60.380 229
497.886 104.386 60.380 228
497.889 104.384 60.380 225
497.892 104.384 60.380 230
497.894 104.383 60.379 226
497.897 104.381 60.379 231
497.899 104.381 60.379 236
497.902 104.380 60.379 236
497.904 104.380 60.379 237
497.907 104.378 60.378 233
497.909 104.379 60.378 234
497.912 104.377 60.378 232
497.914 104.375 60.378 240
497.917 104.375 60.378 243
497.919 104.374 60.377 232
497.921 104.374 60.377 231
497.924 104.372 60.377 241
497.927 104.372 60.377 245
497.929 104.371 60.377 241
497.932 104.370 60.376 240
497.934 104.369 60.376 249
497.937 104.368 60.376 242
497.939 104.367 60.376 233
497.941 104.367 60.376 239
497.944 104.367 60.376 242
497.946 104.366 60.375 247
497.949 104.364 60.375 238
497.951 104.363 60.375 238
497.954 104.363 60.375 233
497.956 104.361 60.374 241
497.959 104.361 60.374 236
497.961 104.360 60.374 225
497.967 104.345 60.372 157
496.876 108.920 61.030 165
496.881 108.916 61.029 212
496.886 108.917 61.029 226
496.890 108.918 61.029 231
496.895 108.916 61.029 226
496.899 108.917 61.029 222
496.904 108.917 61.029 224
496.908 108.916 61.029 230
496.912 108.918 61.029 239
496.917 108.917 61.028 223
496.921 108.917 61.028 228
496.926 108.918 61.028 227
496.930 108.919 61.028 218
496.930 108.938 61.031 207
496.935 108.938 61.031 209
496.940 108.933 61.030 187
496.944 108.934 61.030 161
496.948 108.941 61.031 152
496.952 108.943 61.031 148
496.958 108.935 61.030 104
497.976 104.522 60.396 101
497.980 104.516 60.395 106
497.981 104.520 60.395 87
497.995 104.511 60.394 84
497.997 104.511 60.393 102
497.999 104.515 60.394 96
498.001 104.515 60.394 98
498.007 104.519 60.394 100
498.010 104.516 60.394 107
498.011 104.521 60.394 111
498.014 104.520 60.394 147
498.016 104.520 60.394 150
498.018 104.520 60.394 149
498.021 104.520 60.394 111
498.023 104.522 60.394 123
498.026 104.517 60.393 125
498.027 104.521 60.394 87
498.028 104.531 60.395 84
498.029 104.536 60.396 93
498.031 104.537 60.396 96
498.033 104.538 60.396 96
498.035 104.542 60.397 96
498.036 104.544 60.397 98
498.037 104.552 60.398 102
498.037 104.564 60.400 94
498.040 104.558 60.399 88
498.042 104.563 60.399 86
498.042 104.574 60.401 86
496.148 108.936 61.055 201
496.153 108.936 61.055 205
496.158 108.936 61.055 209
496.162 108.937 61.054 208
496.167 108.936 61.054 201
496.172 108.937 61.054 201
496.176 108.937 61.054 200
496.181 108.936 61.054 202
496.186 108.937 61.053 211
496.190 108.937 61.053 204
496.195 108.937 61.053 212
496.200 108.936 61.053 205
496.205 108.937 61.053 194
496.209 108.936 61.052 175
496.214 108.937 61.052 148
497.280 105.515 60.552 121
497.284 105.512 60.552 118
497.286 105.515 60.552 120
497.291 105.511 60.551 121
497.294 105.511 60.551 121
497.296 105.511 60.551 120
497.299 105.514 60.551 118
497.303 105.508 60.550 116
497.305 105.511 60.551 117
497.308 105.510 60.551 117
497.310 105.512 60.551 118
497.315 105.509 60.550 121
497.316 105.514 60.551 122
497.320 105.509 60.550 108
497.320 105.522 60.552 88
497.321 105.526 60.552 94
496.291 108.943 61.050 115
496.298 108.939 61.049 164
496.301 108.940 61.049 194
496.306 108.939 61.049 204
496.311 108.939 61.049 197
496.316 108.940 61.049 202
496.320 108.939 61.048 203
496.325 108.940 61.048 198
496.329 108.940 61.048 197
496.334 108.941 61.048 190
496.338 108.943 61.048 176
496.343 108.941 61.048 164
496.347 108.944 61.048 156
496.352 108.944 61.048 155
496.355 108.947 61.048 152
496.359 108.951 61.048 148
496.357 108.974 61.051 143
496.365 108.961 61.050 146
496.365 108.977 61.052 142
496.155 109.710 61.158 139
496.157 109.723 61.160 137
496.364 109.030 61.059 142
496.137 109.824 61.174 134
495.883 110.715 61.303 105
497.675 104.686 60.426 133
497.717 104.547 60.406 179
497.739 104.474 60.395 177
497.744 104.467 60.394 177
497.746 104.470 60.394 175
497.747 104.471 60.394 177
497.750 104.471 60.394 174
497.759 104.448 60.391 191
497.767 104.427 60.388 234
497.769 104.427 60.387 250
497.772 104.425 60.387 250
497.775 104.423 60.387 243
497.777 104.423 60.387 240
497.780 104.421 60.386 239
497.783 104.421 60.386 238
497.785 104.419 60.386 242
497.787 104.420 60.386 237
497.791 104.418 60.385 239
497.793 104.418 60.385 241
497.795 104.417 60.385 247
497.798 104.416 60.385 242
497.800 104.415 60.385 239
497.803 104.413 60.384 230
497.806 104.412 60.384 232
497.808 104.412 60.384 222
497.811 104.411 60.384 223
497.813 104.410 60.384 234
497.816 104.409 60.383 232
497.819 104.408 60.383 234
497.821 104.408 60.383 239
497.823 104.408 60.383 236
497.826 104.406 60.383 231
497.828 104.406 60.383 248
497.831 104.404 60.382 232
497.834 104.403 60.382 230
497.836 104.404 60.382 234
497.839 104.403 60.382 230
497.841 104.402 60.381 239
497.844 104.400 60.381 231
497.846 104.399 60.381 219
497.849 104.398 60.381 224
497.851 104.398 60.381 232
497.854 104.398 60.380 233
497.856 104.397 60.380 233
497.859 104.396 60.380 228
497.862 104.394 60.380 225
497.864 104.393 60.380 231
497.867 104.392 60.379 227
497.869 104.392 60.379 236
497.872 104.390 60.379 233
497.874 104.390 60.379 233
497.877 104.389 60.379 228
497.879 104.388 60.378 228
497.882 104.388 60.378 239
497.884 104.388 60.378 230
497.887 104.385 60.378 233
497.889 104.385 60.378 232
497.891 104.385 60.378 231
497.894 104.383 60.377 231
497.897 104.382 60.377 235
497.899 104.381 60.377 233
497.902 104.380 60.376 243
497.904 104.379 60.376 232
497.907 104.378 60.376 230
497.909 104.378 60.376 230
497.912 104.377 60.376 233
497.914 104.375 60.375 228
497.917 104.375 60.375 241
497.919 104.373 60.375 229
497.922 104.373 60.375 229
497.924 104.372 60.375 242
497.927 104.372 60.375 237
497.929 104.371 60.374 243
497.932 104.369 60.374 247
497.934 104.369 60.374 248
497.937 104.369 60.374 242
497.939 104.368 60.374 241
497.941 104.368 60.373 239
497.944 104.367 60.373 246
497.946 104.365 60.373 241
497.949 104.364 60.373 232
497.951 104.363 60.373 233
497.954 104.363 60.372 233
497.956 104.362 60.372 240
497.958 104.363 60.372 236
497.961 104.359 60.372 236
497.968 104.342 60.369 155
496.876 108.919 61.025 171
496.881 108.915 61.025 203
496.886 108.917 61.025 226
496.890 108.917 61.025 227
496.894 108.917 61.025 227
496.899 108.917 61.025 232
496.903 108.917 61.024 230
496.908 108.918 61.024 220
496.912 108.918 61.024 225
496.917 108.917 61.024 227
496.921 108.918 61.024 228
496.926 108.918 61.024 223
496.930 108.919 61.024 209
496.931 108.933 61.026 208
496.936 108.932 61.025 215
496.941 108.931 61.025 217
496.945 108.931 61.025 185
496.949 108.934 61.025 147
496.952 108.941 61.026 144
496.957 108.941 61.026 105
497.976 104.521 60.393 102
497.978 104.524 60.393 104
497.981 104.522 60.393 89
497.995 104.509 60.391 87
497.997 104.512 60.391 102
497.999 104.514 60.392 99
498.001 104.516 60.392 91
498.006 104.523 60.393 103
498.011 104.512 60.391 108
498.012 104.516 60.391 110
498.013 104.522 60.392 145
498.016 104.519 60.392 152
498.018 104.520 60.392 147
498.020 104.523 60.392 112
498.024 104.518 60.391 122
498.026 104.517 60.391 122
498.026 104.526 60.392 84
498.029 104.525 60.392 86
498.030 104.529 60.393 96
498.032 104.534 60.393 97
498.031 104.545 60.395 99
498.035 104.540 60.394 96
498.038 104.539 60.394 94
498.037 104.554 60.396 97
498.039 104.555 60.396 94
498.040 104.560 60.397 95
498.042 104.560 60.397 104
498.042 104.573 60.398 105
498.043 104.581 60.399 98
496.148 108.937 61.050 210
496.152 108.937 61.050 205
496.158 108.936 61.050 202
496.162 108.936 61.050 206
496.167 108.936 61.050 203
496.172 108.936 61.049 204
496.176 108.936 61.049 201
496.181 108.935 61.049 199
496.186 108.936 61.049 200
496.190 108.938 61.049 197
496.195 108.938 61.049 207
496.200 108.936 61.048 202
496.204 108.937 61.048 210
496.209 108.938 61.048 181
496.214 108.937 61.048 148
497.279 105.520 60.550 123
497.284 105.512 60.549 119
497.286 105.515 60.549 121
497.290 105.513 60.549 121
497.294 105.510 60.548 118
497.296 105.512 60.548 116
497.300 105.511 60.548 118
497.302 105.511 60.548 116
497.304 105.515 60.548 118
497.308 105.512 60.548 117
497.310 105.515 60.548 117
497.314 105.512 60.548 117
497.317 105.513 60.548 121
497.319 105.515 60.548 107
497.321 105.518 60.548 84
497.320 105.530 60.550 96
496.292 108.942 61.045 115
496.298 108.938 61.045 163
496.301 108.940 61.045 195
496.306 108.940 61.044 201
496.311 108.941 61.044 199
496.316 108.940 61.044 199
496.320 108.940 61.044 202
496.325 108.941 61.044 203
496.329 108.941 61.044 195
496.334 108.941 61.043 189
496.338 108.941 61.043 188
496.343 108.941 61.043 186
496.348 108.940 61.043 171
496.352 108.942 61.043 169
496.357 108.942 61.043 166
496.361 108.944 61.043 161
496.365 108.945 61.043 158
496.370 108.943 61.042 163
496.375 108.943 61.042 162
496.379 108.948 61.043 160
496.382 108.952 61.043 158
496.374 108.996 61.049 160
496.351 109.091 61.063 151
497.666 104.717 60.428 105
497.714 104.556 60.405 174
497.739 104.475 60.393 182
497.744 104.466 60.391 181
497.746 104.468 60.392 173
497.748 104.471 60.392 179
497.750 104.470 60.392 168
497.758 104.449 60.389 191
497.767 104.428 60.385 236
497.769 104.427 60.385 241
497.772 104.425 60.385 248
497.775 104.424 60.385 243
497.777 104.423 60.384 242
497.780 104.421 60.384 244
497.782 104.422 60.384 240
497.785 104.420 60.384 248
497.787 104.420 60.384 241
497.791 104.418 60.383 243
497.792 104.419 60.383 235
497.795 104.418 60.383 241
497.798 104.416 60.383 242
497.800 104.415 60.382 242
497.803 104.415 60.382 234
497.806 104.413 60.382 229
497.808 104.413 60.382 228
497.811 104.412 60.382 229
497.813 104.410 60.381 233
497.816 104.409 60.381 226
497.818 104.409 60.381 227
497.821 104.407 60.381 229
497.824 104.406 60.380 231
497.826 104.407 60.380 226
497.829 104.405 60.380 235
497.831 104.404 60.380 237
497.834 104.403 60.380 239
497.836 104.403 60.379 245
497.839 104.403 60.379 236
497.841 104.402 60.379 239
497.844 104.400 60.379 229
497.846 104.399 60.379 221
497.849 104.398 60.378 227
497.851 104.398 60.378 243
497.854 104.397 60.378 235
497.856 104.396 60.378 236
497.859 104.394 60.378 235
497.862 104.394 60.377 228
497.864 104.393 60.377 224
497.866 104.393 60.377 219
497.869 104.391 60.377 230
497.871 104.391 60.377 222
497.874 104.391 60.377 225
497.876 104.391 60.377 227
497.879 104.388 60.376 225
497.881 104.388 60.376 228
497.884 104.387 60.376 228
497.887 104.386 60.375 227
497.889 104.384 60.375 230
497.892 104.384 60.375 232
497.894 104.383 60.375 240
497.897 104.382 60.375 236
497.899 104.380 60.374 226
497.901 104.381 60.374 232
497.904 104.379 60.374 226
497.906 104.379 60.374 225
497.909 104.378 60.374 228
497.911 104.378 60.374 239
497.914 104.374 60.373 227
497.917 104.376 60.373 247
497.919 104.375 60.373 248
497.922 104.373 60.373 242
497.924 104.372 60.372 243
497.927 104.372 60.372 242
497.929 104.371 60.372 249
497.931 104.370 60.372 233
497.934 104.369 60.372 234
497.936 104.369 60.372 243
497.939 104.368 60.371 238
497.941 104.368 60.371 235
497.944 104.367 60.371 243
497.946 104.366 60.371 241
497.949 104.365 60.371 237
497.951 104.363 60.370 235
497.954 104.363 60.370 236
497.956 104.362 60.370 241
497.959 104.361 60.370 239
497.961 104.360 60.369 243
497.968 104.342 60.367 156
496.876 108.919 61.021 164
496.881 108.915 61.020 205
496.886 108.917 61.020 220
496.890 108.917 61.020 221
496.894 108.916 61.020 225
496.899 108.917 61.020 230
496.904 108.916 61.020 231
496.908 108.918 61.020 224
496.912 108.918 61.020 223
496.917 108.917 61.019 224
496.921 108.918 61.019 228
496.926 108.917 61.019 221
496.929 108.922 61.020 200
496.931 108.934 61.021 219
496.936 108.931 61.021 220
496.941 108.930 61.020 231
496.945 108.934 61.021 195
496.949 108.936 61.021 149
496.951 108.943 61.022 147
496.958 108.936 61.021 104
497.977 104.516 60.390 102
497.978 104.525 60.391 105
497.982 104.517 60.390 84
497.996 104.504 60.388 84
497.998 104.506 60.388 104
497.999 104.511 60.389 98
498.002 104.508 60.388 94
498.006 104.522 60.390 104
498.011 104.513 60.389 109
498.011 104.521 60.390 111
498.014 104.521 60.390 148
498.016 104.520 60.390 157
498.018 104.523 60.390 151
498.020 104.525 60.390 113
498.023 104.522 60.390 120
498.025 104.520 60.389 122
498.027 104.521 60.389 87
498.029 104.526 60.390 83
498.031 104.526 60.390 93
498.030 104.540 60.392 93
498.032 104.542 60.392 98
498.034 104.544 60.392 94
498.036 104.546 60.392 95
498.037 104.554 60.393 108
498.038 104.561 60.394 105
498.040 104.560 60.394 102
498.041 104.566 60.395 102
498.043 104.569 60.395 100
498.043 104.578 60.397 94
496.148 108.936 61.046 196
496.153 108.936 61.046 209
496.158 108.936 61.045 203
496.162 108.936 61.045 203
496.167 108.936 61.045 207
496.172 108.936 61.045 205
496.176 108.938 61.045 214
496.180 108.938 61.045 200
496.186 108.938 61.044 205
496.190 108.937 61.044 196
496.195 108.937 61.044 198
496.199 108.938 61.044 205
496.204 108.938 61.044 198
496.209 108.939 61.044 176
496.214 108.938 61.043 147
497.279 105.518 60.547 125
497.284 105.514 60.546 122
497.288 105.509 60.546 126
497.290 105.514 60.546 124
497.293 105.513 60.546 118
497.296 105.513 60.546 120
497.300 105.509 60.545 118
497.302 105.512 60.545 116
497.305 105.512 60.545 117
497.309 105.507 60.544 116
497.310 105.513 60.545 114
497.314 105.511 60.545 119
497.317 105.512 60.545 120
497.319 105.513 60.545 107
497.320 105.520 60.546 89
497.323 105.521 60.546 96
496.291 108.944 61.041 117
496.297 108.940 61.040 167
496.301 108.941 61.040 193
496.307 108.937 61.039 207
496.311 108.940 61.040 197
496.316 108.939 61.039 199
496.320 108.939 61.039 205
496.325 108.940 61.039 197
496.329 108.941 61.039 207
496.334 108.941 61.039 197
496.339 108.940 61.039 203
496.343 108.942 61.039 198
496.348 108.941 61.038 195
496.352 108.941 61.038 196
496.357 108.942 61.038 193
496.362 108.941 61.038 186
496.366 108.943 61.038 182
496.370 108.943 61.038 181
496.375 108.944 61.038 184
496.379 108.946 61.038 182
496.382 108.952 61.038 187
496.373 108.998 61.045 185
496.345 109.109 61.061 154
497.710 104.571 60.404 153
497.739 104.477 60.391 169
497.744 104.465 60.389 172
497.746 104.467 60.389 171
497.748 104.471 60.390 174
497.750 104.472 60.390 171
497.758 104.451 60.387 189
497.766 104.429 60.383 239
497.769 104.426 60.383 242
497.772 104.425 60.383 239
497.775 104.424 60.382 231
497.777 104.422 60.382 238
497.780 104.422 60.382 235
497.783 104.421 60.382 241
497.785 104.421 60.381 236
497.787 104.420 60.381 241
497.790 104.418 60.381 239
497.792 104.419 60.381 237
497.795 104.416 60.380 231
497.798 104.415 60.380 232
497.800 104.416 60.380 235
497.803 104.414 60.380 236
497.806 104.412 60.379 231
497.808 104.412 60.379 228
497.811 104.412 60.379 233
497.813 104.411 60.379 237
497.816 104.409 60.379 233
497.818 104.410 60.379 238
497.821 104.408 60.378 224
497.824 104.406 60.378 242
497.826 104.407 60.378 246
497.829 104.405 60.378 222
497.831 104.405 60.378 233
497.834 104.403 60.377 228
497.836 104.403 60.377 240
497.839 104.402 60.377 232
497.841 104.401 60.377 229
497.843 104.401 60.377 239
497.846 104.400 60.376 236
497.849 104.399 60.376 230
497.851 104.398 60.376 238
497.854 104.398 60.376 230
497.856 104.398 60.376 229
497.859 104.394 60.375 224
497.862 104.394 60.375 225
497.864 104.393 60.375 226
497.866 104.393 60.375 225
497.869 104.392 60.375 232
497.871 104.392 60.375 229
497.874 104.389 60.374 235
497.877 104.389 60.374 234
497.879 104.389 60.374 229
497.882 104.387 60.374 226
497.884 104.386 60.373 232
497.886 104.387 60.373 242
497.889 104.385 60.373 234
497.892 104.384 60.373 229
497.894 104.382 60.372 236
497.897 104.382 60.372 231
497.899 104.381 60.372 234
497.902 104.380 60.372 238
497.904 104.380 60.372 234
497.907 104.379 60.372 226
497.909 104.377 60.371 222
497.912 104.377 60.371 232
497.914 104.376 60.371 240
497.917 104.375 60.371 239
497.919 104.375 60.371 240
497.922 104.373 60.370 239
497.924 104.373 60.370 248
497.927 104.371 60.370 241
497.929 104.371 60.370 249
497.931 104.371 60.370 237
497.934 104.369 60.369 241
497.936 104.369 60.369 243
497.939 104.368 60.369 230
497.942 104.366 60.369 229
497.944 104.366 60.369 241
497.946 104.365 60.368 240
497.949 104.364 60.368 227
497.951 104.363 60.368 233
497.954 104.362 60.368 245
497.957 104.360 60.367 241
497.959 104.360 60.367 238
497.961 104.359 60.367 238
497.967 104.345 60.365 158
496.876 108.919 61.017 166
496.881 108.917 61.016 203
496.886 108.916 61.016 224
496.890 108.917 61.016 231
496.894 108.916 61.016 216
496.899 108.917 61.015 225
496.904 108.916 61.015 228
496.908 108.917 61.015 230
496.912 108.918 61.015 221
496.917 108.919 61.015 224
496.921 108.919 61.015 231
496.926 108.918 61.015 230
496.929 108.922 61.015 190
496.930 108.938 61.017 215
496.935 108.937 61.017 218
496.940 108.935 61.017 215
496.944 108.936 61.017 179
496.947 108.941 61.017 151
496.951 108.944 61.017 151
496.959 108.929 61.015 102
497.976 104.524 60.389 100
497.979 104.520 60.388 105
497.981 104.520 60.388 83
497.996 104.507 60.386 90
497.998 104.507 60.386 105
497.999 104.512 60.387 101
498.002 104.512 60.387 90
498.007 104.519 60.387 103
498.010 104.516 60.387 109
498.012 104.516 60.387 112
498.014 104.520 60.387 149
498.016 104.520 60.387 152
498.018 104.520 60.387 149
498.020 104.523 60.387 113
498.024 104.516 60.386 120
498.026 104.518 60.387 124
498.026 104.528 60.388 85
498.027 104.535 60.389 85
498.030 104.531 60.388 96
498.031 104.536 60.389 108
498.033 104.538 60.389 110
498.035 104.540 60.389 103
498.035 104.549 60.390 104
498.037 104.552 60.391 104
498.038 104.559 60.392 97
498.039 104.566 60.393 103
498.042 104.561 60.392 104
498.043 104.569 60.393 103
498.042 104.584 60.395 80
496.148 108.937 61.041 206
496.153 108.936 61.041 203
496.157 108.937 61.041 198
496.162 108.936 61.041 211
496.167 108.937 61.040 200
496.171 108.939 61.041 209
496.176 108.938 61.040 210
496.181 108.937 61.040 206
496.186 108.938 61.040 200
496.190 108.937 61.039 199
496.195 108.937 61.039 200
496.200 108.936 61.039 196
496.204 108.937 61.039 199
496.209 108.938 61.039 178
496.213 108.938 61.039 149
497.279 105.520 60.544 126
497.283 105.515 60.544 124
497.287 105.513 60.543 126
497.289 105.516 60.543 124
497.294 105.510 60.543 119
497.296 105.512 60.543 119
497.299 105.513 60.543 120
497.302 105.512 60.542 117
497.305 105.514 60.543 119
497.307 105.515 60.543 119
497.312 105.508 60.542 116
497.315 105.508 60.541 118
497.317 105.512 60.542 118
497.318 105.517 60.542 106
497.320 105.519 60.543 86
497.319 105.532 60.544 95
496.291 108.943 61.036 118
496.297 108.941 61.036 171
496.302 108.939 61.035 197
496.305 108.941 61.035 202
496.310 108.941 61.035 200
496.316 108.941 61.035 204
496.320 108.941 61.035 210
496.325 108.941 61.035 205
496.329 108.940 61.034 207
496.334 108.940 61.034 203
496.338 108.940 61.034 202
496.343 108.940 61.034 194
496.348 108.940 61.034 205
496.353 108.939 61.033 202
496.357 108.942 61.033 206
496.362 108.940 61.033 200
496.366 108.942 61.033 206
496.371 108.941 61.033 207
496.375 108.943 61.033 205
496.379 108.947 61.033 208
496.382 108.950 61.034 198
496.374 108.997 61.040 207
479.785 166.007 69.237 153
497.684 104.663 60.415 114
497.730 104.507 60.393 123
497.738 104.489 60.390 139
497.742 104.484 60.389 143
497.745 104.481 60.389 149
497.750 104.471 60.387 155
497.758 104.449 60.384 181
497.766 104.429 60.381 239
497.769 104.427 60.380 244
497.772 104.424 60.380 250
497.774 104.425 60.380 245
497.777 104.422 60.380 233
497.780 104.422 60.380 231
497.783 104.421 60.379 233
497.785 104.421 60.379 235
497.788 104.419 60.379 232
497.790 104.419 60.379 240
497.793 104.418 60.378 233
497.795 104.417 60.378 238
497.798 104.416 60.378 243
497.800 104.415 60.378 231
497.803 104.415 60.378 231
497.805 104.414 60.377 231
497.808 104.413 60.377 229
497.811 104.412 60.377 224
497.814 104.409 60.377 222
497.816 104.410 60.377 234
497.818 104.409 60.376 239
497.821 104.407 60.376 228
497.823 104.407 60.376 239
497.826 104.406 60.376 241
497.829 104.406 60.376 229
497.831 104.405 60.375 231
497.833 104.405 60.375 234
497.836 104.403 60.375 239
497.839 104.402 60.375 228
497.841 104.402 60.375 224
497.844 104.401 60.374 232
497.846 104.400 60.374 237
497.849 104.398 60.374 231
497.851 104.398 60.374 230
497.854 104.397 60.374 236
497.856 104.396 60.373 237
497.859 104.396 60.373 231
497.861 104.395 60.373 233
497.863 104.395 60.373 231
497.866 104.393 60.373 225
497.869 104.392 60.372 227
497.871 104.391 60.372 233
497.874 104.389 60.372 235
497.877 104.389 60.372 226
497.879 104.388 60.372 228
497.881 104.388 60.371 221
497.884 104.387 60.371 236
497.886 104.387 60.371 232
497.889 104.384 60.371 228
497.892 104.384 60.370 227
497.894 104.385 60.371 234
497.897 104.381 60.370 238
497.899 104.381 60.370 243
497.901 104.381 60.370 226
497.904 104.380 60.369 235
497.907 104.379 60.369 230
497.909 104.378 60.369 231
497.912 104.377 60.369 235
497.914 104.376 60.369 230
497.917 104.375 60.368 236
497.919 104.373 60.368 230
497.922 104.373 60.368 236
497.924 104.373 60.368 237
497.926 104.372 60.368 239
497.929 104.371 60.367 243
497.931 104.370 60.367 249
497.934 104.370 60.367 244
497.936 104.370 60.367 247
497.939 104.368 60.367 237
497.941 104.368 60.367 241
497.944 104.366 60.366 238
497.946 104.366 60.366 238
497.949 104.365 60.366 233
497.951 104.364 60.366 243
497.953 104.364 60.366 245
497.956 104.361 60.365 244
497.959 104.361 60.365 237
497.961 104.360 60.365 230
497.967 104.347 60.363 161
496.876 108.920 61.012 165
496.881 108.917 61.012 206
496.886 108.917 61.011 222
496.890 108.916 61.011 228
496.895 108.916 61.011 220
496.899 108.918 61.011 236
496.903 108.918 61.011 228
496.908 108.917 61.011 229
496.913 108.916 61.010 226
496.917 108.918 61.010 232
496.921 108.919 61.010 239
496.926 108.919 61.010 230
496.929 108.923 61.011 184
496.928 108.946 61.014 222
496.933 108.946 61.014 252
496.939 108.937 61.012 204
496.944 108.938 61.012 166
496.947 108.944 61.013 164
496.951 108.944 61.013 152
496.958 108.933 61.011 104
497.977 104.517 60.386 100
497.978 104.523 60.386 105
497.981 104.520 60.386 88
497.982 104.527 60.387 81
497.995 104.508 60.384 85
497.997 104.509 60.384 103
498.000 104.509 60.384 98
498.002 104.512 60.384 89
498.008 104.513 60.384 100
498.009 104.518 60.385 108
498.011 104.522 60.385 111
498.014 104.520 60.385 151
498.016 104.521 60.385 154
498.018 104.521 60.385 149
498.020 104.524 60.385 113
498.023 104.518 60.384 123
498.026 104.518 60.384 135
498.024 104.537 60.387 88
498.029 104.526 60.385 84
498.029 104.536 60.387 91
498.031 104.535 60.386 103
498.031 104.547 60.388 99
498.035 104.538 60.387 95
498.035 104.550 60.388 98
498.037 104.554 60.389 103
498.038 104.560 60.390 100
498.039 104.566 60.390 103
498.041 104.566 60.390 99
498.042 104.573 60.391 97
498.046 104.566 60.390 88
496.149 108.936 61.036 210
496.153 108.936 61.036 196
496.158 108.936 61.036 205
496.162 108.935 61.036 201
496.167 108.936 61.036 203
496.171 108.937 61.036 206
496.176 108.937 61.035 196
496.181 108.935 61.035 195
496.186 108.936 61.035 210
496.190 108.938 61.035 205
496.195 108.937 61.035 205
496.199 108.938 61.035 211
496.204 108.937 61.034 197
496.209 108.937 61.034 185
496.215 108.935 61.034 149
497.280 105.517 60.541 126
497.284 105.512 60.540 125
497.287 105.512 60.540 126
497.291 105.511 60.540 120
497.294 105.509 60.539 120
497.297 105.510 60.540 118
497.299 105.512 60.540 121
497.301 105.515 60.540 119
497.304 105.514 60.540 120
497.308 105.511 60.539 118
497.311 105.512 60.539 116
497.314 105.512 60.539 114
497.317 105.512 60.539 117
497.319 105.515 60.539 106
497.320 105.522 60.540 91
497.320 105.531 60.541 93
496.290 108.948 61.032 114
496.298 108.939 61.031 164
496.302 108.939 61.031 195
496.306 108.940 61.031 199
496.311 108.940 61.030 209
496.316 108.940 61.030 206
496.320 108.941 61.030 202
496.325 108.940 61.030 206
496.330 108.939 61.030 197
496.334 108.940 61.030 206
496.339 108.940 61.029 203
496.343 108.940 61.029 201
496.348 108.942 61.029 204
496.353 108.939 61.029 202
496.357 108.941 61.029 193
496.362 108.941 61.029 199
496.366 108.942 61.029 202
496.371 108.941 61.028 206
496.375 108.942 61.028 206
496.379 108.947 61.029 213
496.382 108.951 61.029 213
496.372 109.002 61.036 220
496.330 109.162 61.059 143
497.662 104.739 60.424 111
497.709 104.583 60.401 102
497.713 104.576 60.400 108
497.715 104.579 60.400 112
497.722 104.563 60.398 113
497.748 104.477 60.386 112
497.762 104.435 60.380 150
497.767 104.427 60.378 226
497.770 104.426 60.378 236
497.772 104.425 60.378 248
497.774 104.425 60.378 238
497.777 104.424 60.378 242
497.780 104.423 60.377 241
497.782 104.422 60.377 240
497.785 104.420 60.377 229
497.787 104.420 60.377 234
497.790 104.419 60.376 234
497.793 104.418 60.376 234
497.795 104.418 60.376 250
497.798 104.416 60.376 235
497.800 104.416 60.376 233
497.803 104.415 60.375 231
497.805 104.414 60.375 230
497.808 104.413 60.375 240
497.811 104.410 60.375 232
497.814 104.410 60.374 220
497.816 104.410 60.374 234
497.819 104.408 60.374 232
497.821 104.408 60.374 227
497.824 104.406 60.374 233
497.826 104.406 60.373 235
497.829 104.405 60.373 225
497.831 104.405 60.373 224
497.834 104.403 60.373 234
497.836 104.402 60.373 241
497.839 104.402 60.372 227
497.841 104.402 60.372 220
497.844 104.401 60.372 230
497.846 104.399 60.372 232
497.849 104.398 60.372 231
497.851 104.399 60.372 244
497.854 104.398 60.371 237
497.857 104.396 60.371 237
497.859 104.396 60.371 237
497.861 104.395 60.371 233
497.864 104.393 60.370 221
497.866 104.393 60.370 231
497.869 104.392 60.370 238
497.871 104.391 60.370 243
497.874 104.391 60.370 237
497.877 104.389 60.369 226
497.879 104.390 60.369 225
497.882 104.388 60.369 228
497.884 104.386 60.369 232
497.886 104.386 60.369 232
497.889 104.386 60.369 235
497.892 104.384 60.368 230
497.894 104.383 60.368 235
497.897 104.382 60.368 226
497.899 104.381 60.368 231
497.902 104.381 60.367 224
497.904 104.380 60.367 232
497.907 104.378 60.367 220
497.909 104.377 60.367 239
497.912 104.377 60.367 235
497.914 104.376 60.366 232
497.917 104.375 60.366 232
497.919 104.374 60.366 235
497.922 104.374 60.366 239
497.924 104.373 60.366 241
497.927 104.372 60.365 247
497.929 104.372 60.365 236
497.931 104.370 60.365 239
497.934 104.370 60.365 249
497.937 104.369 60.365 241
497.939 104.368 60.364 242
497.941 104.367 60.364 241
497.944 104.367 60.364 240
497.946 104.366 60.364 238
497.949 104.364 60.364 236
497.951 104.363 60.363 237
497.954 104.363 60.363 242
497.956 104.361 60.363 238
497.959 104.362 60.363 242
497.962 104.358 60.362 235
497.967 104.347 60.361 168
496.876 108.920 61.008 165
496.881 108.915 61.007 209
496.886 108.917 61.007 228
496.890 108.916 61.007 227
496.894 108.917 61.007 221
496.899 108.917 61.006 231
496.903 108.917 61.006 226
496.908 108.919 61.006 227
496.912 108.917 61.006 228
496.917 108.918 61.006 230
496.921 108.918 61.006 234
496.926 108.918 61.006 224
496.928 108.926 61.007 184
496.930 108.939 61.008 203
496.935 108.935 61.008 208
496.941 108.930 61.007 199
496.945 108.931 61.007 173
496.948 108.937 61.008 147
496.951 108.945 61.009 144
496.959 108.929 61.006 104
497.976 104.522 60.384 100
497.979 104.518 60.383 106
497.982 104.515 60.383 84
497.997 104.502 60.381 89
497.997 104.512 60.382 104
497.999 104.511 60.382 98
498.003 104.508 60.381 89
498.008 104.514 60.382 102
498.009 104.519 60.382 109
498.011 104.520 60.383 111
498.014 104.521 60.383 151
498.016 104.521 60.383 154
498.018 104.520 60.382 149
498.020 104.524 60.383 112
498.022 104.523 60.383 122
498.025 104.520 60.382 128
498.027 104.523 60.383 84
498.029 104.527 60.383 82
498.031 104.526 60.383 86
498.031 104.534 60.384 88
498.033 104.536 60.384 89
498.035 104.540 60.385 91
498.036 104.546 60.385 89
498.037 104.554 60.386 89
498.040 104.551 60.386 89
498.040 104.558 60.387 88
498.041 104.567 60.388 96
498.043 104.568 60.388 99
498.045 104.568 60.388 97
496.148 108.936 61.032 210
496.153 108.937 61.032 210
496.158 108.936 61.032 208
496.162 108.935 61.031 200
496.167 108.936 61.031 211
496.172 108.936 61.031 207
496.177 108.936 61.031 202
496.181 108.936 61.031 198
496.186 108.937 61.031 208
496.190 108.938 61.030 207
496.195 108.937 61.030 205
496.200 108.937 61.030 208
496.204 108.937 61.030 195
496.209 108.937 61.030 180
496.214 108.937 61.029 150
497.281 105.515 60.538 124
497.284 105.512 60.537 120
497.287 105.512 60.537 123
497.291 105.510 60.537 120
497.293 105.513 60.537 120
497.297 105.508 60.536 118
497.299 105.511 60.537 118
497.301 105.514 60.537 118
497.306 105.510 60.536 118
497.309 105.509 60.536 115
497.311 105.511 60.536 115
497.313 105.515 60.537 113
497.316 105.514 60.536 115
497.317 105.521 60.537 105
497.322 105.515 60.536 86
497.321 105.528 60.538 93
496.291 108.944 61.027 114
496.297 108.940 61.026 168
496.302 108.939 61.026 196
496.306 108.939 61.026 197
496.311 108.940 61.026 204
496.316 108.940 61.026 201
496.320 108.940 61.025 200
496.325 108.940 61.025 204
496.330 108.940 61.025 199
496.334 108.941 61.025 207
496.339 108.940 61.025 205
496.343 108.940 61.025 201
496.348 108.941 61.024 202
496.353 108.941 61.024 198
496.358 108.939 61.024 197
496.362 108.941 61.024 205
496.366 108.941 61.024 210
496.371 108.941 61.024 211
496.375 108.943 61.024 210
496.379 108.946 61.024 213
496.381 108.953 61.025 216
496.371 109.005 61.032 216
496.321 109.194 61.059 117
489.521 133.613 64.534 105
497.706 104.593 60.400 99
497.715 104.572 60.397 93
497.721 104.557 60.395 98
497.725 104.553 60.394 97
497.736 104.520 60.389 110
497.760 104.443 60.378 147
497.767 104.427 60.376 224
497.769 104.426 60.376 240
497.772 104.425 60.376 244
497.775 104.423 60.375 246
497.777 104.424 60.375 247
497.780 104.422 60.375 241
497.782 104.422 60.375 237
497.785 104.421 60.375 236
497.787 104.420 60.374 233
497.790 104.419 60.374 234
497.792 104.419 60.374 240
497.795 104.417 60.374 245
497.798 104.416 60.373 242
497.800 104.416 60.373 231
497.803 104.415 60.373 230
497.806 104.413 60.373 220
497.808 104.412 60.373 226
497.810 104.413 60.373 229
497.813 104.410 60.372 231
497.816 104.410 60.372 227
497.818 104.409 60.372 232
497.821 104.409 60.372 232
497.823 104.408 60.372 232
497.826 104.408 60.371 235
497.829 104.406 60.371 231
497.831 104.405 60.371 241
497.833 104.404 60.371 237
497.836 104.403 60.370 239
497.839 104.402 60.370 243
497.841 104.403 60.370 239
497.844 104.401 60.370 233
497.846 104.401 60.370 237
497.849 104.399 60.369 232
497.851 104.399 60.369 238
497.854 104.397 60.369 237
497.856 104.397 60.369 233
497.859 104.395 60.368 232
497.861 104.394 60.368 222
497.864 104.392 60.368 221
497.867 104.392 60.368 233
497.869 104.391 60.368 227
497.871 104.392 60.368 233
497.874 104.391 60.367 231
497.877 104.389 60.367 230
497.879 104.389 60.367 224
497.882 104.388 60.367 232
497.884 104.388 60.367 221
497.887 104.386 60.366 226
497.889 104.385 60.366 231
497.892 104.384 60.366 223
497.894 104.384 60.366 236
497.897 104.382 60.366 230
497.899 104.381 60.365 231
497.902 104.380 60.365 223
497.904 104.380 60.365 238
497.907 104.378 60.365 238
497.909 104.377 60.364 242
497.912 104.377 60.364 234
497.914 104.377 60.364 235
497.917 104.376 60.364 231
497.919 104.374 60.364 245
497.921 104.375 60.364 243
497.924 104.372 60.363 234
497.927 104.372 60.363 247
497.929 104.371 60.363 237
497.931 104.371 60.363 238
497.934 104.370 60.363 240
497.936 104.369 60.362 236
497.939 104.367 60.362 235
497.941 104.367 60.362 238
497.944 104.368 60.362 242
497.946 104.367 60.362 247
497.949 104.365 60.361 241
497.951 104.362 60.361 241
497.954 104.363 60.361 233
497.956 104.362 60.361 243
497.959 104.360 60.360 233
497.961 104.361 60.361 236
497.966 104.348 60.359 170
496.876 108.921 61.003 162
496.881 108.916 61.002 208
496.886 108.917 61.002 220
496.890 108.916 61.002 222
496.894 108.917 61.002 218
496.899 108.917 61.002 232
496.903 108.918 61.002 225
496.908 108.917 61.002 219
496.912 108.918 61.002 226
496.917 108.918 61.002 230
496.921 108.917 61.001 222
496.926 108.918 61.001 224
496.929 108.923 61.002 183
496.931 108.933 61.003 220
496.936 108.931 61.003 216
496.941 108.929 61.002 223
496.945 108.930 61.002 197
496.949 108.935 61.003 150
496.951 108.944 61.004 141
496.959 108.931 61.002 104
497.976 104.521 60.381 102
497.979 104.521 60.381 104
497.982 104.517 60.381 86
497.994 104.514 60.380 90
497.998 104.508 60.379 105
498.001 104.506 60.379 101
498.003 104.508 60.379 89
498.007 104.520 60.380 102
498.009 104.520 60.380 109
498.012 104.519 60.380 110
498.013 104.522 60.380 150
498.016 104.519 60.380 152
498.018 104.522 60.380 147
498.020 104.524 60.381 112
498.023 104.521 60.380 120
498.025 104.521 60.380 121
498.026 104.528 60.381 82
498.031 104.526 60.380 80
498.035 104.538 60.382 84
498.034 104.553 60.384 81
498.039 104.545 60.383 82
498.038 104.557 60.385 85
498.040 104.561 60.385 87
498.041 104.567 60.386 94
498.044 104.561 60.385 82
498.043 104.579 60.387 80
496.148 108.937 61.027 205
496.153 108.936 61.027 206
496.158 108.936 61.027 204
496.162 108.936 61.027 205
496.166 108.938 61.027 199
496.171 108.939 61.027 204
496.177 108.936 61.026 207
496.181 108.937 61.026 208
496.186 108.936 61.026 207
496.189 108.939 61.026 215
496.195 108.938 61.026 198
496.199 108.938 61.025 203
496.204 108.937 61.025 198
496.209 108.937 61.025 173
496.214 108.938 61.025 150
497.281 105.514 60.535 123
497.285 105.511 60.534 120
497.287 105.513 60.535 124
497.289 105.515 60.535 122
497.293 105.511 60.534 118
497.297 105.508 60.533 121
497.299 105.513 60.534 118
497.301 105.516 60.534 117
497.307 105.506 60.533 115
497.307 105.514 60.534 118
497.311 105.511 60.533 116
497.313 105.513 60.533 113
497.316 105.514 60.533 118
497.319 105.513 60.533 105
497.318 105.526 60.535 82
497.323 105.521 60.534 91
496.292 108.942 61.022 115
496.297 108.941 61.022 169
496.301 108.940 61.022 201
496.305 108.941 61.022 199
496.311 108.939 61.021 205
496.316 108.941 61.021 206
496.320 108.939 61.021 199
496.326 108.938 61.020 202
496.329 108.941 61.021 201
496.334 108.940 61.020 210
496.339 108.940 61.020 202
496.343 108.940 61.020 196
496.348 108.941 61.020 200
496.353 108.939 61.020 200
496.357 108.940 61.019 204
496.362 108.940 61.019 200
496.367 108.939 61.019 201
496.370 108.942 61.019 213
496.375 108.943 61.019 210
496.379 108.947 61.019 212
496.381 108.953 61.020 216
496.370 109.009 61.028 215
485.638 147.386 66.472 108
497.704 104.599 60.399 108
497.716 104.565 60.394 89
497.717 104.570 60.394 99
497.718 104.577 60.395 119
497.726 104.556 60.392 123
497.756 104.457 60.378 146
497.767 104.427 60.374 219
497.769 104.426 60.374 240
497.772 104.426 60.373 250
497.775 104.422 60.373 236
497.777 104.423 60.373 237
497.780 104.423 60.373 246
497.782 104.422 60.372 242
497.785 104.420 60.372 240
497.787 104.420 60.372 240
497.790 104.420 60.372 241
497.792 104.418 60.372 237
497.795 104.418 60.371 241
497.798 104.416 60.371 237
497.800 104.416 60.371 234
497.803 104.414 60.371 227
497.806 104.413 60.370 224
497.808 104.412 60.370 229
497.810 104.412 60.370 234
497.813 104.410 60.370 220
497.816 104.409 60.370 226
497.818 104.409 60.369 234
497.821 104.409 60.369 230
497.823 104.407 60.369 223
497.826 104.407 60.369 227
497.829 104.405 60.369 234
497.831 104.404 60.368 233
497.834 104.403 60.368 237
497.836 104.403 60.368 233
497.839 104.402 60.368 239
497.841 104.401 60.368 239
497.844 104.401 60.367 229
497.846 104.401 60.367 230
497.849 104.399 60.367 232
497.851 104.398 60.367 229
497.854 104.398 60.367 229
497.856 104.397 60.367 233
497.859 104.395 60.366 228
497.861 104.395 60.366 235
497.864 104.394 60.366 228
497.866 104.393 60.366 224
497.869 104.392 60.365 225
497.871 104.391 60.365 233
497.874 104.392 60.365 235
497.877 104.389 60.365 240
497.879 104.389 60.365 234
497.882 104.387 60.364 240
497.884 104.387 60.364 226
497.886 104.387 60.364 226
497.889 104.384 60.364 229
497.892 104.384 60.364 229
497.894 104.383 60.363 234
497.897 104.383 60.363 229
497.899 104.380 60.363 220
497.902 104.380 60.363 226
497.904 104.380 60.363 234
497.907 104.379 60.362 239
497.909 104.377 60.362 241
497.912 104.377 60.362 234
497.914 104.376 60.362 233
497.917 104.376 60.362 240
497.919 104.375 60.362 233
497.921 104.375 60.361 238
497.924 104.373 60.361 234
497.927 104.371 60.361 241
497.929 104.372 60.361 240
497.931 104.371 60.361 244
497.934 104.370 60.360 241
497.936 104.369 60.360 232
497.939 104.369 60.360 234
497.941 104.367 60.360 230
497.944 104.367 60.360 240
497.946 104.366 60.360 240
497.949 104.365 60.359 238
497.951 104.364 60.359 233
497.953 104.365 60.359 239
497.956 104.362 60.359 246
497.959 104.361 60.358 230
497.961 104.359 60.358 241
497.966 104.351 60.357 177
496.875 108.922 60.999 159
496.881 108.917 60.998 195
496.885 108.918 60.998 225
496.890 108.916 60.998 231
496.895 108.915 60.997 225
496.900 108.915 60.997 230
496.903 108.917 60.997 236
496.908 108.916 60.997 222
496.912 108.919 60.997 220
496.917 108.917 60.997 230
496.921 108.919 60.997 218
496.926 108.917 60.997 230
496.929 108.922 60.997 181
496.930 108.937 60.999 216
496.936 108.934 60.999 217
496.941 108.931 60.998 220
496.945 108.932 60.998 191
496.949 108.936 60.998 152
496.952 108.943 60.999 143
496.958 108.933 60.998 105
497.977 104.516 60.378 102
497.979 104.519 60.379 105
497.982 104.515 60.378 88
497.996 104.505 60.376 92
497.997 104.509 60.377 106
498.002 104.502 60.376 103
498.001 104.514 60.377 93
498.006 104.521 60.378 104
498.009 104.520 60.378 109
498.012 104.517 60.378 111
498.014 104.521 60.378 149
498.016 104.519 60.378 153
498.018 104.520 60.378 150
498.021 104.518 60.377 112
498.022 104.523 60.378 124
498.025 104.523 60.378 131
498.026 104.529 60.379 82
498.028 104.540 60.380 82
498.041 104.567 60.383 83
496.148 108.937 61.023 206
496.153 108.936 61.022 200
496.157 108.937 61.022 205
496.162 108.937 61.022 204
496.166 108.937 61.022 202
496.172 108.937 61.022 208
496.177 108.935 61.021 203
496.180 108.938 61.022 206
496.186 108.937 61.021 202
496.190 108.937 61.021 214
496.195 108.937 61.021 204
496.199 108.938 61.021 205
496.204 108.937 61.020 196
496.209 108.938 61.021 180
496.213 108.940 61.021 152
497.280 105.518 60.533 123
497.284 105.514 60.532 121
497.287 105.511 60.531 126
497.290 105.513 60.532 122
497.294 105.511 60.531 121
497.296 105.512 60.531 120
497.300 105.511 60.531 120
497.302 105.510 60.531 119
497.306 105.510 60.531 116
497.308 105.511 60.530 119
497.311 105.510 60.530 113
497.313 105.514 60.531 114
497.317 105.511 60.530 122
497.321 105.505 60.529 105
497.321 105.517 60.531 83
497.114 106.210 60.629 92
496.291 108.945 61.018 114
496.297 108.941 61.017 165
496.301 108.940 61.017 192
496.306 108.939 61.017 197
496.311 108.939 61.017 210
496.315 108.941 61.017 207
496.320 108.940 61.016 203
496.325 108.939 61.016 209
496.330 108.940 61.016 196
496.334 108.940 61.016 202
496.338 108.941 61.016 202
496.343 108.940 61.015 203
496.348 108.941 61.015 203
496.353 108.940 61.015 207
496.357 108.941 61.015 205
496.362 108.942 61.015 210
496.366 108.941 61.015 210
496.371 108.942 61.015 213
496.375 108.943 61.015 212
496.380 108.944 61.015 206
496.381 108.954 61.016 217
496.368 109.015 61.024 214
495.702 111.693 61.400 123
497.698 104.621 60.399 142
497.711 104.586 60.394 99
497.711 104.591 60.395 109
497.716 104.585 60.394 127
497.722 104.572 60.392 138
497.752 104.470 60.378 150
497.767 104.428 60.371 236
497.769 104.427 60.371 241
497.772 104.425 60.371 245
497.775 104.424 60.371 236
497.777 104.423 60.370 231
497.780 104.423 60.370 235
497.783 104.421 60.370 232
497.785 104.420 60.370 236
497.787 104.420 60.370 250
497.790 104.419 60.370 239
497.792 104.419 60.369 242
497.795 104.418 60.369 232
497.798 104.416 60.369 231
497.800 104.416 60.369 249
497.803 104.415 60.368 231
497.805 104.414 60.368 228
497.808 104.412 60.368 229
497.810 104.412 60.368 231
497.813 104.411 60.368 230
497.816 104.409 60.367 232
497.819 104.408 60.367 226
497.821 104.409 60.367 231
497.823 104.408 60.367 238
497.826 104.407 60.367 221
497.829 104.406 60.366 234
497.831 104.405 60.366 233
497.833 104.404 60.366 228
497.836 104.403 60.366 233
497.839 104.403 60.366 231
497.841 104.402 60.365 230
497.844 104.401 60.365 230
497.845 104.402 60.365 236
497.849 104.399 60.365 224
497.851 104.399 60.365 228
497.854 104.398 60.364 237
497.856 104.397 60.364 229
497.859 104.394 60.364 239
497.861 104.395 60.364 228
497.864 104.394 60.364 230
497.866 104.394 60.364 227
497.869 104.391 60.363 227
497.871 104.392 60.363 233
497.874 104.391 60.363 238
497.877 104.389 60.363 234
497.879 104.388 60.362 237
497.881 104.389 60.362 233
497.884 104.387 60.362 225
497.886 104.387 60.362 233
497.889 104.385 60.362 231
497.892 104.384 60.361 230
497.894 104.384 60.361 236
497.897 104.381 60.361 232
497.899 104.381 60.361 239
497.901 104.381 60.361 234
497.904 104.380 60.360 233
497.907 104.379 60.360 237
497.909 104.379 60.360 233
497.912 104.377 60.360 225
497.914 104.377 60.360 242
497.917 104.376 60.359 246
497.919 104.375 60.359 241
497.921 104.375 60.359 230
497.924 104.372 60.359 238
497.926 104.373 60.359 247
497.929 104.372 60.359 242
497.931 104.370 60.358 247
497.934 104.371 60.358 246
497.936 104.370 60.358 247
497.939 104.369 60.358 248
497.941 104.367 60.357 240
497.944 104.366 60.357 243
497.946 104.365 60.357 236
497.949 104.365 60.357 242
497.951 104.364 60.357 239
497.953 104.364 60.357 250
497.956 104.363 60.357 245
497.959 104.361 60.356 234
497.961 104.359 60.356 239
497.966 104.351 60.355 178
496.875 108.923 60.994 157
496.881 108.915 60.993 204
496.886 108.917 60.993 224
496.890 108.917 60.993 226
496.895 108.916 60.993 233
496.899 108.916 60.993 238
496.903 108.917 60.993 222
496.908 108.919 60.993 233
496.912 108.918 60.993 232
496.917 108.917 60.992 236
496.921 108.918 60.992 229
496.926 108.918 60.992 225
496.929 108.921 60.993 182
496.929 108.942 60.995 220
496.934 108.942 60.995 246
496.939 108.936 60.994 216
496.944 108.935 60.994 181
496.947 108.941 60.995 157
496.951 108.945 60.995 152
496.958 108.936 60.994 105
497.977 104.516 60.376 101
497.980 104.516 60.376 104
497.981 104.522 60.377 87
497.996 104.507 60.374 85
497.997 104.513 60.375 106
498.000 104.510 60.375 103
498.002 104.512 60.375 91
498.006 104.524 60.376 104
498.009 104.522 60.376 110
498.011 104.524 60.376 111
498.014 104.522 60.376 153
498.016 104.521 60.376 152
498.018 104.521 60.376 151
498.021 104.521 60.375 115
498.023 104.521 60.375 122
498.025 104.521 60.375 129
498.026 104.526 60.376 81
498.034 104.524 60.376 81
498.039 104.542 60.378 81
498.037 104.563 60.381 80
496.148 108.937 61.018 200
496.153 108.935 61.018 204
496.158 108.936 61.018 207
496.162 108.937 61.018 212
496.166 108.937 61.018 210
496.171 108.937 61.017 201
496.177 108.936 61.017 200
496.181 108.937 61.017 193
496.186 108.937 61.017 203
496.190 108.937 61.017 198
496.195 108.937 61.016 200
496.200 108.937 61.016 210
496.204 108.939 61.016 199
496.209 108.937 61.016 181
496.214 108.938 61.016 150
497.280 105.516 60.529 123
497.285 105.511 60.529 120
497.287 105.513 60.529 124
497.290 105.513 60.529 122
497.293 105.513 60.528 120
497.296 105.513 60.528 120
497.298 105.515 60.529 118
497.303 105.510 60.528 119
497.306 105.509 60.528 115
497.308 105.510 60.528 118
497.310 105.513 60.528 115
497.314 105.510 60.527 113
497.317 105.512 60.527 117
497.320 105.509 60.527 104
497.320 105.522 60.529 85
497.318 105.537 60.531 94
496.291 108.944 61.013 115
496.298 108.939 61.012 167
496.301 108.940 61.012 194
496.306 108.940 61.012 208
496.311 108.939 61.012 202
496.315 108.941 61.012 204
496.320 108.940 61.012 208
496.326 108.939 61.011 200
496.330 108.939 61.011 208
496.334 108.940 61.011 197
496.338 108.941 61.011 199
496.344 108.939 61.011 211
496.348 108.940 61.011 198
496.352 108.942 61.011 207
496.357 108.941 61.010 214
496.362 108.941 61.010 208
496.367 108.940 61.010 207
496.371 108.941 61.010 209
496.375 108.943 61.010 204
496.378 108.949 61.011 213
496.380 108.956 61.012 217
496.367 109.021 61.021 207
497.631 104.852 60.430 105
497.698 104.622 60.397 143
497.709 104.592 60.393 103
497.710 104.597 60.393 110
497.714 104.590 60.392 110
497.738 104.513 60.381 106
497.761 104.439 60.371 145
497.767 104.427 60.369 224
497.769 104.427 60.369 236
497.772 104.425 60.369 241
497.774 104.425 60.369 246
497.777 104.423 60.368 240
497.780 104.423 60.368 233
497.782 104.421 60.368 242
497.785 104.420 60.368 244
497.787 104.420 60.367 247
497.790 104.420 60.367 242
497.792 104.419 60.367 246
497.795 104.416 60.367 244
497.798 104.417 60.367 239
497.800 104.417 60.367 234
497.802 104.416 60.366 238
497.805 104.415 60.366 232
497.808 104.414 60.366 239
497.811 104.412 60.366 232
497.813 104.411 60.365 230
497.815 104.411 60.365 232
497.818 104.409 60.365 225
497.821 104.408 60.365 242
497.823 104.408 60.365 247
497.826 104.407 60.364 225
497.829 104.406 60.364 231
497.831 104.404 60.364 238
497.833 104.405 60.364 234
497.836 104.402 60.363 236
497.838 104.403 60.363 241
497.841 104.402 60.363 237
497.843 104.402 60.363 236
497.846 104.400 60.363 239
497.849 104.399 60.362 235
497.851 104.398 60.362 248
497.854 104.397 60.362 236
497.856 104.397 60.362 225
497.859 104.396 60.362 228
497.861 104.395 60.362 228
497.864 104.394 60.361 235
497.866 104.393 60.361 237
497.869 104.391 60.361 236
497.871 104.391 60.361 234
497.874 104.391 60.361 231
497.877 104.389 60.360 239
497.879 104.390 60.360 230
497.881 104.388 60.360 221
497.884 104.387 60.360 229
497.886 104.387 60.360 233
497.889 104.386 60.359 238
497.891 104.385 60.359 233
497.894 104.383 60.359 230
497.897 104.382 60.359 230
497.899 104.382 60.359 230
497.902 104.381 60.358 220
497.904 104.380 60.358 237
497.907 104.379 60.358 239
497.909 104.379 60.358 236
497.912 104.377 60.358 228
497.914 104.376 60.357 233
497.917 104.375 60.357 234
497.919 104.375 60.357 242
497.921 104.374 60.357 241
497.924 104.373 60.357 242
497.926 104.372 60.356 241
497.929 104.372 60.356 240
497.931 104.371 60.356 236
497.934 104.371 60.356 237
497.936 104.369 60.356 246
497.939 104.369 60.356 246
497.941 104.369 60.355 244
497.944 104.367 60.355 237
497.946 104.366 60.355 239
497.949 104.366 60.355 237
497.951 104.364 60.355 245
497.954 104.362 60.354 238
497.956 104.363 60.354 225
497.959 104.361 60.354 235
497.961 104.361 60.354 244
497.965 104.353 60.353 180
496.875 108.921 60.990 158
496.881 108.916 60.989 208
496.886 108.917 60.989 229
496.890 108.917 60.989 225
496.894 108.917 60.989 225
496.899 108.917 60.988 224
496.904 108.917 60.988 224
496.908 108.917 60.988 231
496.912 108.918 60.988 229
496.917 108.916 60.988 226
496.921 108.918 60.988 223
496.926 108.918 60.988 218
496.929 108.924 60.988 186
496.930 108.940 60.991 215
496.933 108.944 60.991 231
496.940 108.936 60.990 190
496.944 108.936 60.990 163
496.947 108.941 60.990 163
496.951 108.944 60.990 155
496.956 108.942 60.990 106
497.976 104.522 60.375 101
497.980 104.515 60.374 106
497.980 104.525 60.375 88
497.997 104.500 60.371 86
497.998 104.508 60.372 104
498.000 104.509 60.372 101
498.002 104.508 60.372 92
498.009 104.511 60.372 103
498.008 104.523 60.374 109
498.012 104.518 60.373 111
498.014 104.519 60.373 152
498.016 104.519 60.373 152
498.019 104.519 60.373 150
498.020 104.523 60.373 114
498.023 104.523 60.373 121
498.025 104.522 60.373 125
498.026 104.527 60.374 82
496.148 108.936 61.013 201
496.153 108.935 61.013 205
496.157 108.937 61.013 210
496.162 108.937 61.013 199
496.167 108.936 61.013 202
496.172 108.937 61.013 194
496.176 108.936 61.012 206
496.180 108.938 61.012 202
496.186 108.937 61.012 199
496.190 108.937 61.012 201
496.195 108.938 61.012 204
496.199 108.938 61.012 205
496.204 108.937 61.011 205
496.208 108.939 61.011 185
496.215 108.934 61.010 151
497.279 105.519 60.527 123
497.284 105.512 60.526 120
497.287 105.513 60.526 125
497.290 105.513 60.526 124
497.294 105.511 60.525 119
497.297 105.509 60.525 118
497.298 105.516 60.526 117
497.303 105.509 60.525 117
497.305 105.511 60.525 115
497.308 105.511 60.525 117
497.311 105.509 60.524 116
497.315 105.508 60.524 112
497.317 105.512 60.525 117
497.320 105.511 60.524 106
497.318 105.526 60.526 83
497.321 105.526 60.526 94
496.290 108.946 61.009 114
496.298 108.938 61.008 168
496.301 108.939 61.008 193
496.306 108.940 61.008 207
496.311 108.940 61.007 214
496.316 108.939 61.007 202
496.320 108.940 61.007 206
496.325 108.939 61.007 205
496.330 108.940 61.007 205
496.334 108.940 61.007 206
496.339 108.940 61.006 210
496.343 108.941 61.006 206
496.348 108.941 61.006 197
496.352 108.941 61.006 198
496.357 108.942 61.006 205
496.362 108.941 61.006 215
496.366 108.941 61.005 205
496.370 108.943 61.006 215
496.375 108.944 61.006 213
496.379 108.948 61.006 215
496.380 108.959 61.007 215
496.364 109.030 61.017 197
497.701 104.612 60.393 111
497.709 104.591 60.390 105
497.709 104.599 60.391 111
497.716 104.584 60.389 109
497.747 104.482 60.375 101
497.763 104.433 60.368 144
497.767 104.427 60.367 224
497.769 104.426 60.367 237
497.772 104.426 60.366 236
497.775 104.425 60.366 237
497.777 104.424 60.366 237
497.780 104.421 60.366 250
497.782 104.422 60.366 236
497.785 104.421 60.365 249
497.787 104.421 60.365 247
497.790 104.419 60.365 243
497.793 104.418 60.365 248
497.795 104.417 60.364 246
497.798 104.416 60.364 245
497.800 104.416 60.364 233
497.803 104.415 60.364 229
497.806 104.412 60.363 232
497.808 104.412 60.363 223
497.810 104.412 60.363 222
497.813 104.410 60.363 220
497.815 104.411 60.363 227
497.818 104.410 60.363 233
497.821 104.408 60.362 240
497.823 104.409 60.362 242
497.826 104.406 60.362 229
497.829 104.404 60.362 224
497.831 104.405 60.362 231
497.833 104.405 60.361 225
497.836 104.402 60.361 236
497.838 104.403 60.361 237
497.841 104.402 60.361 235
497.843 104.402 60.361 238
497.846 104.399 60.360 235
497.849 104.399 60.360 229
497.851 104.398 60.360 240
497.854 104.397 60.360 247
497.856 104.397 60.360 231
497.859 104.395 60.359 230
497.861 104.395 60.359 231
497.864 104.395 60.359 231
497.866 104.393 60.359 223
497.869 104.393 60.359 236
497.871 104.391 60.358 236
497.874 104.391 60.358 239
497.876 104.390 60.358 228
497.879 104.389 60.358 230
497.881 104.389 60.358 232
497.884 104.386 60.357 234
497.887 104.386 60.357 233
497.889 104.386 60.357 235
497.892 104.384 60.357 237
497.894 104.383 60.357 230
497.896 104.384 60.357 231
497.899 104.382 60.356 232
497.902 104.380 60.356 231
497.904 104.380 60.356 241
497.907 104.379 60.356 240
497.909 104.378 60.355 233
497.912 104.378 60.355 229
497.914 104.376 60.355 238
497.917 104.376 60.355 238
497.919 104.375 60.355 238
497.921 104.374 60.355 236
497.924 104.373 60.354 237
497.927 104.372 60.354 246
497.929 104.373 60.354 244
497.931 104.371 60.354 229
497.934 104.371 60.354 237
497.936 104.370 60.353 246
497.939 104.369 60.353 238
497.941 104.368 60.353 242
497.944 104.367 60.353 245
497.946 104.365 60.353 243
497.949 104.366 60.353 245
497.951 104.364 60.352 231
497.953 104.364 60.352 229
497.956 104.362 60.352 232
497.959 104.362 60.352 227
497.961 104.359 60.351 230
497.965 104.353 60.350 186
496.875 108.921 60.985 156
496.881 108.916 60.984 204
496.886 108.917 60.984 220
496.890 108.917 60.984 223
496.894 108.917 60.984 226
496.899 108.917 60.984 233
496.903 108.917 60.984 234
496.908 108.916 60.984 228
496.913 108.917 60.983 223
496.917 108.918 60.983 227
496.921 108.917 60.983 225
496.926 108.918 60.983 223
496.929 108.924 60.984 182
496.930 108.938 60.986 204
496.935 108.935 60.985 195
496.941 108.929 60.984 194
496.945 108.930 60.984 177
496.949 108.934 60.985 146
496.952 108.940 60.985 140
496.958 108.934 60.984 105
497.978 104.515 60.371 103
497.979 104.520 60.372 107
497.982 104.515 60.371 91
497.984 104.518 60.372 81
497.996 104.506 60.370 92
497.998 104.509 60.370 105
498.000 104.511 60.370 100
498.003 104.508 60.370 91
498.008 104.512 60.370 101
498.009 104.519 60.371 108
498.011 104.524 60.371 110
498.013 104.522 60.371 150
498.016 104.521 60.371 152
498.018 104.520 60.371 150
498.020 104.523 60.371 114
498.023 104.522 60.371 123
498.026 104.519 60.370 127
498.027 104.524 60.371 83
498.027 104.542 60.373 82
496.149 108.936 61.009 206
496.153 108.936 61.009 207
496.158 108.936 61.008 205
496.162 108.937 61.008 197
496.167 108.936 61.008 209
496.171 108.938 61.008 207
496.176 108.937 61.008 199
496.180 108.938 61.008 206
496.186 108.937 61.007 202
496.190 108.936 61.007 208
496.194 108.939 61.007 213
496.200 108.937 61.007 209
496.204 108.938 61.007 198
496.209 108.937 61.007 182
496.214 108.936 61.006 152
497.278 105.522 60.525 122
497.284 105.512 60.523 123
497.287 105.512 60.523 123
497.292 105.506 60.522 120
497.294 105.509 60.522 118
497.296 105.511 60.522 119
497.299 105.512 60.522 117
497.303 105.509 60.522 118
497.305 105.511 60.522 113
497.307 105.513 60.522 114
497.310 105.513 60.522 114
497.314 105.511 60.522 113
497.316 105.515 60.522 122
497.319 105.513 60.522 108
497.324 105.507 60.521 85
497.321 105.527 60.524 96
496.292 108.941 61.004 114
496.298 108.939 61.003 165
496.302 108.939 61.003 193
496.306 108.940 61.003 203
496.311 108.940 61.003 207
496.316 108.940 61.003 200
496.320 108.940 61.002 208
496.325 108.940 61.002 204
496.330 108.938 61.002 205
496.334 108.940 61.002 201
496.339 108.939 61.002 203
496.343 108.941 61.002 198
496.348 108.940 61.001 206
496.353 108.941 61.001 206
496.357 108.941 61.001 203
496.362 108.940 61.001 207
496.366 108.941 61.001 206
496.371 108.941 61.001 214
496.375 108.944 61.001 210
496.378 108.949 61.002 202
496.379 108.962 61.003 203
496.361 109.041 61.014 191
497.712 104.580 60.386 105
497.711 104.594 60.388 111
497.715 104.589 60.387 111
497.748 104.477 60.372 102
497.763 104.432 60.365 144
497.767 104.426 60.364 228
497.769 104.426 60.364 244
497.772 104.424 60.364 244
497.774 104.425 60.364 248
497.777 104.424 60.364 247
497.780 104.422 60.363 241
497.783 104.421 60.363 231
497.785 104.421 60.363 243
497.787 104.420 60.363 241
497.790 104.419 60.363 247
497.792 104.419 60.362 235
497.795 104.417 60.362 240
497.798 104.416 60.362 241
497.800 104.416 60.362 234
497.803 104.415 60.362 230
497.805 104.414 60.361 231
497.808 104.412 60.361 231
497.810 104.412 60.361 236
497.813 104.411 60.361 226
497.816 104.409 60.360 233
497.818 104.410 60.360 234
497.821 104.409 60.360 236
497.823 104.409 60.360 225
497.826 104.406 60.360 226
497.829 104.405 60.359 228
497.831 104.405 60.359 232
497.833 104.405 60.359 226
497.836 104.403 60.359 235
497.838 104.404 60.359 240
497.841 104.401 60.358 238
497.844 104.400 60.358 228
497.846 104.400 60.358 228
497.849 104.399 60.358 226
497.851 104.398 60.358 226
497.854 104.397 60.358 244
497.856 104.397 60.357 236
497.859 104.397 60.357 230
497.861 104.395 60.357 229
497.864 104.394 60.357 225
497.866 104.393 60.356 226
497.869 104.393 60.357 233
497.871 104.392 60.356 230
497.874 104.391 60.356 239
497.876 104.391 60.356 228
497.879 104.388 60.355 224
497.882 104.388 60.355 229
497.884 104.387 60.355 227
497.887 104.386 60.355 227
497.889 104.385 60.355 228
497.892 104.384 60.355 227
497.894 104.383 60.354 222
497.896 104.384 60.354 236
497.899 104.381 60.354 237
497.901 104.382 60.354 244
497.904 104.381 60.354 243
497.907 104.379 60.353 235
497.909 104.378 60.353 243
497.911 104.378 60.353 242
497.914 104.377 60.353 236
497.917 104.376 60.353 229
497.919 104.376 60.353 234
497.922 104.373 60.352 233
497.924 104.373 60.352 243
497.926 104.373 60.352 244
497.929 104.372 60.352 233
497.931 104.370 60.351 235
497.934 104.371 60.352 245
497.936 104.370 60.351 233
497.939 104.369 60.351 237
497.941 104.367 60.351 235
497.944 104.367 60.351 237
497.946 104.366 60.350 247
497.949 104.366 60.350 244
497.951 104.365 60.350 241
497.953 104.364 60.350 234
497.956 104.362 60.350 233
497.959 104.362 60.349 238
497.961 104.360 60.349 237
497.965 104.354 60.348 181
496.875 108.922 60.981 156
496.881 108.916 60.980 196
496.885 108.917 60.980 231
496.890 108.916 60.980 220
496.894 108.917 60.980 225
496.899 108.917 60.979 224
496.903 108.917 60.979 230
496.908 108.917 60.979 226
496.913 108.917 60.979 225
496.917 108.918 60.979 219
496.921 108.917 60.979 230
496.926 108.917 60.979 227
496.929 108.922 60.979 185
496.931 108.934 60.981 225
496.936 108.932 60.980 207
496.941 108.929 60.980 220
496.945 108.930 60.980 199
496.949 108.934 60.980 150
496.952 108.941 60.981 136
496.959 108.933 60.980 105
497.977 104.520 60.370 99
497.979 104.518 60.369 104
497.981 104.520 60.370 89
497.983 104.521 60.370 83
497.996 104.507 60.367 91
497.998 104.509 60.368 104
498.000 104.509 60.367 97
498.003 104.505 60.367 91
498.007 104.520 60.369 98
498.009 104.522 60.369 107
498.011 104.524 60.369 110
498.014 104.521 60.369 150
498.016 104.520 60.368 154
498.018 104.520 60.368 151
498.021 104.520 60.368 112
498.023 104.519 60.368 124
498.026 104.519 60.368 131
498.028 104.520 60.368 82
498.029 104.526 60.369 80
498.035 104.541 60.371 81
496.148 108.937 61.004 210
496.153 108.937 61.004 201
496.157 108.938 61.004 199
496.162 108.936 61.004 202
496.166 108.938 61.004 210
496.171 108.938 61.004 206
496.176 108.937 61.003 210
496.181 108.937 61.003 206
496.186 108.936 61.003 203
496.190 108.937 61.003 208
496.194 108.939 61.003 205
496.199 108.938 61.002 202
496.204 108.937 61.002 201
496.209 108.937 61.002 174
496.214 108.938 61.002 150
497.280 105.518 60.521 125
497.284 105.512 60.520 120
497.287 105.511 60.520 121
497.291 105.509 60.519 122
497.293 105.512 60.520 118
497.296 105.511 60.520 119
497.299 105.512 60.520 117
497.303 105.508 60.519 117
497.305 105.511 60.519 118
497.308 105.511 60.519 115
497.310 105.513 60.519 115
497.313 105.515 60.519 117
497.317 105.513 60.519 118
497.320 105.510 60.518 106
497.320 105.521 60.520 80
497.322 105.523 60.520 91
496.291 108.944 61.000 114
496.298 108.939 60.999 165
496.301 108.939 60.999 200
496.306 108.939 60.998 203
496.311 108.940 60.998 208
496.316 108.940 60.998 204
496.320 108.940 60.998 199
496.326 108.939 60.998 209
496.330 108.940 60.998 208
496.334 108.940 60.997 208
496.339 108.939 60.997 199
496.343 108.941 60.997 195
496.349 108.939 60.997 204
496.353 108.939 60.997 199
496.357 108.940 60.997 211
496.362 108.940 60.996 208
496.366 108.941 60.996 197
496.371 108.942 60.996 215
496.374 108.945 60.997 203
496.377 108.952 60.997 201
496.376 108.972 61.000 193
496.355 109.059 61.012 172
497.714 104.572 60.383 102
497.710 104.595 60.386 113
497.716 104.584 60.384 111
497.750 104.470 60.368 104
497.764 104.430 60.363 143
497.767 104.427 60.362 218
497.769 104.427 60.362 233
497.772 104.425 60.362 239
497.775 104.424 60.361 249
497.777 104.424 60.361 247
497.780 104.423 60.361 239
497.782 104.423 60.361 233
497.785 104.421 60.361 246
497.787 104.421 60.361 244
497.790 104.420 60.360 237
497.792 104.420 60.360 243
497.795 104.417 60.360 250
497.797 104.417 60.360 233
497.800 104.416 60.359 238
497.803 104.414 60.359 235
497.805 104.414 60.359 226
497.808 104.413 60.359 228
497.811 104.411 60.359 235
497.813 104.411 60.358 222
497.816 104.410 60.358 222
497.818 104.409 60.358 220
497.821 104.409 60.358 232
497.823 104.408 60.358 227
497.826 104.407 60.357 223
497.828 104.406 60.357 230
497.831 104.405 60.357 233
497.833 104.405 60.357 235
497.836 104.403 60.357 240
497.839 104.403 60.356 231
497.841 104.401 60.356 228
497.844 104.401 60.356 226
497.846 104.400 60.356 228
497.849 104.399 60.356 227
497.851 104.399 60.356 224
497.854 104.397 60.355 234
497.856 104.397 60.355 229
497.859 104.396 60.355 218
497.861 104.395 60.355 232
497.864 104.394 60.354 218
497.866 104.394 60.354 222
497.869 104.393 60.354 232
497.871 104.392 60.354 225
497.874 104.390 60.354 235
497.876 104.390 60.354 230
497.879 104.389 60.353 230
497.881 104.388 60.353 231
497.884 104.388 60.353 235
497.886 104.387 60.353 233
497.889 104.385 60.352 223
497.891 104.386 60.353 236
497.894 104.384 60.352 234
497.897 104.382 60.352 237
497.899 104.382 60.352 238
497.901 104.382 60.352 240
497.904 104.382 60.352 236
497.906 104.379 60.351 238
497.909 104.379 60.351 241
497.911 104.378 60.351 244
497.914 104.377 60.351 246
497.917 104.375 60.350 232
497.919 104.375 60.350 229
497.922 104.374 60.350 232
497.924 104.374 60.350 233
497.926 104.372 60.350 234
497.929 104.372 60.350 234
497.931 104.371 60.349 236
497.934 104.370 60.349 235
497.937 104.368 60.349 238
497.939 104.369 60.349 236
497.941 104.368 60.349 245
497.944 104.367 60.348 248
497.946 104.367 60.348 250
497.949 104.366 60.348 238
497.951 104.364 60.348 244
497.953 104.364 60.348 242
497.956 104.364 60.348 239
497.959 104.362 60.347 237
497.961 104.361 60.347 244
497.965 104.354 60.346 178
496.874 108.925 60.977 151
496.881 108.917 60.975 188
496.886 108.916 60.975 226
496.890 108.916 60.975 223
496.895 108.916 60.975 229
496.899 108.916 60.975 227
496.903 108.918 60.975 226
496.908 108.918 60.975 222
496.913 108.916 60.974 223
496.917 108.918 60.974 228
496.921 108.917 60.974 219
496.926 108.917 60.974 221
496.929 108.922 60.975 182
496.931 108.937 60.977 220
496.935 108.935 60.976 213
496.941 108.932 60.976 213
496.945 108.930 60.975 186
496.949 108.935 60.976 150
496.952 108.943 60.977 144
496.957 108.940 60.976 106
497.976 104.521 60.367 101
497.979 104.517 60.367 105
497.980 104.527 60.368 86
497.985 104.512 60.366 83
497.996 104.505 60.365 87
497.998 104.509 60.365 104
497.999 104.514 60.366 100
498.002 104.508 60.365 92
498.008 104.513 60.366 101
498.010 104.514 60.366 107
498.011 104.519 60.366 111
498.014 104.520 60.366 151
498.016 104.520 60.366 154
498.018 104.521 60.366 151
498.021 104.518 60.366 112
498.023 104.520 60.366 124
498.026 104.518 60.366 126
498.026 104.529 60.367 84
498.034 104.531 60.367 81
496.148 108.936 61.000 209
496.153 108.936 60.999 204
496.158 108.936 60.999 198
496.162 108.936 60.999 201
496.167 108.936 60.999 206
496.172 108.937 60.999 206
496.176 108.937 60.999 202
496.180 108.939 60.999 204
496.186 108.937 60.998 205
496.189 108.939 60.998 211
496.195 108.937 60.998 205
496.199 108.938 60.998 203
496.205 108.936 60.997 199
496.208 108.939 60.998 181
496.214 108.936 60.997 149
497.280 105.517 60.518 123
497.285 105.511 60.517 119
497.288 105.510 60.517 119
497.290 105.512 60.517 120
497.293 105.512 60.517 119
497.296 105.513 60.517 119
497.299 105.513 60.517 117
497.303 105.508 60.516 116
497.305 105.511 60.516 117
497.307 105.514 60.517 116
497.311 105.512 60.516 119
497.313 105.515 60.517 116
497.317 105.510 60.516 117
497.318 105.517 60.517 108
497.320 105.519 60.517 85
497.322 105.522 60.517 94
496.292 108.941 60.995 115
496.298 108.938 60.994 162
496.302 108.938 60.994 197
496.305 108.941 60.994 204
496.311 108.939 60.994 204
496.316 108.939 60.993 194
496.320 108.939 60.993 203
496.325 108.940 60.993 204
496.329 108.940 60.993 201
496.334 108.938 60.993 204
496.339 108.940 60.993 204
496.344 108.939 60.992 201
496.348 108.940 60.992 203
496.353 108.939 60.992 203
496.357 108.940 60.992 205
496.362 108.940 60.992 202
496.366 108.941 60.992 205
496.370 108.946 60.992 194
496.371 108.955 60.993 187
496.373 108.967 60.995 177
496.169 109.681 61.094 172
496.138 109.805 61.111 148
497.726 104.523 60.374 82
497.717 104.561 60.379 104
497.713 104.587 60.382 112
497.718 104.575 60.381 109
497.750 104.472 60.366 104
497.763 104.431 60.360 142
497.767 104.427 60.360 220
497.769 104.427 60.360 239
497.772 104.425 60.359 247
497.774 104.426 60.359 237
497.777 104.423 60.359 245
497.779 104.423 60.359 238
497.783 104.421 60.358 234
497.785 104.421 60.358 242
497.787 104.421 60.358 239
497.790 104.420 60.358 238
497.792 104.418 60.358 247
497.795 104.417 60.358 247
497.797 104.417 60.357 236
497.800 104.418 60.357 228
497.803 104.414 60.357 233
497.805 104.415 60.357 228
497.808 104.414 60.357 237
497.810 104.413 60.356 236
497.813 104.411 60.356 232
497.815 104.412 60.356 236
497.818 104.409 60.356 222
497.821 104.409 60.356 225
497.823 104.407 60.355 226
497.826 104.405 60.355 226
497.828 104.406 60.355 233
497.831 104.405 60.355 235
497.834 104.404 60.354 237
497.836 104.403 60.354 241
497.839 104.403 60.354 232
497.841 104.402 60.354 236
497.844 104.401 60.354 234
497.846 104.400 60.354 234
497.848 104.400 60.353 228
497.851 104.399 60.353 233
497.854 104.398 60.353 236
497.856 104.398 60.353 226
497.859 104.395 60.353 231
497.861 104.395 60.352 239
497.864 104.395 60.352 232
497.866 104.394 60.352 226
497.869 104.393 60.352 229
497.871 104.392 60.352 236
497.874 104.390 60.351 227
497.876 104.390 60.351 233
497.879 104.389 60.351 234
497.881 104.388 60.351 231
497.884 104.387 60.351 237
497.886 104.388 60.351 238
497.889 104.387 60.350 229
497.891 104.386 60.350 231
497.894 104.383 60.350 241
497.897 104.383 60.350 230
497.899 104.382 60.349 235
497.901 104.382 60.349 234
497.904 104.380 60.349 227
497.906 104.380 60.349 233
497.909 104.379 60.349 233
497.911 104.378 60.349 231
497.914 104.376 60.348 228
497.916 104.376 60.348 229
497.919 104.375 60.348 235
497.921 104.374 60.348 228
497.923 104.375 60.348 235
497.927 104.372 60.347 244
497.929 104.371 60.347 232
497.931 104.371 60.347 234
497.934 104.371 60.347 232
497.936 104.370 60.347 244
497.939 104.369 60.346 236
497.941 104.368 60.346 231
497.944 104.366 60.346 236
497.946 104.367 60.346 240
497.948 104.366 60.346 233
497.951 104.364 60.346 230
497.953 104.365 60.345 241
497.956 104.364 60.345 236
497.959 104.361 60.345 236
497.961 104.361 60.345 240
497.964 104.357 60.344 186
496.875 108.925 60.972 144
496.882 108.913 60.970 167
496.886 108.916 60.971 201
496.890 108.917 60.971 213
496.894 108.918 60.971 222
496.899 108.916 60.970 223
496.904 108.917 60.970 221
496.908 108.917 60.970 222
496.912 108.917 60.970 224
496.917 108.918 60.970 224
496.921 108.917 60.970 223
496.926 108.917 60.970 226
496.929 108.925 60.971 180
496.930 108.941 60.973 225
496.933 108.943 60.973 251
496.939 108.937 60.972 214
496.944 108.938 60.972 176
496.947 108.942 60.972 157
496.951 108.944 60.972 153
496.957 108.937 60.971 106
497.978 104.515 60.364 102
497.978 104.522 60.365 105
497.980 104.524 60.365 90
497.986 104.509 60.363 84
497.994 104.512 60.363 84
497.996 104.514 60.364 104
498.000 104.509 60.363 99
498.001 104.514 60.364 92
498.007 104.519 60.364 100
498.010 104.516 60.363 108
498.011 104.520 60.364 112
498.014 104.520 60.364 154
498.016 104.520 60.364 157
498.018 104.520 60.364 154
498.019 104.528 60.365 112
498.023 104.522 60.364 125
498.025 104.520 60.364 125
498.026 104.529 60.365 81
498.029 104.523 60.364 80
498.029 104.535 60.365 80
498.030 104.543 60.366 81
496.149 108.935 60.995 203
496.153 108.937 60.995 198
496.157 108.937 60.995 199
496.162 108.937 60.995 213
496.166 108.939 60.995 214
496.171 108.937 60.994 202
496.176 108.938 60.994 203
496.180 108.938 60.994 208
496.186 108.938 60.994 201
496.190 108.937 60.993 202
496.195 108.937 60.993 210
496.200 108.937 60.993 199
496.205 108.937 60.993 203
496.209 108.937 60.993 176
496.213 108.938 60.993 149
497.280 105.517 60.515 122
497.284 105.512 60.514 119
497.288 105.511 60.514 122
497.290 105.511 60.514 121
497.293 105.511 60.514 118
497.296 105.511 60.514 118
497.298 105.516 60.514 118
497.302 105.511 60.514 116
497.305 105.513 60.514 116
497.308 105.512 60.513 115
497.310 105.514 60.514 116
497.314 105.512 60.513 115
497.318 105.508 60.513 116
497.318 105.516 60.514 108
497.320 105.522 60.514 85
497.321 105.528 60.515 97
496.291 108.945 60.991 115
496.297 108.940 60.990 167
496.302 108.939 60.989 193
496.306 108.940 60.989 210
496.311 108.939 60.989 203
496.316 108.939 60.989 198
496.320 108.940 60.989 204
496.326 108.939 60.988 195
496.330 108.939 60.988 202
496.334 108.941 60.988 208
496.339 108.938 60.988 195
496.343 108.941 60.988 200
496.349 108.939 60.988 201
496.353 108.940 60.988 200
496.357 108.940 60.987 207
496.362 108.941 60.987 205
496.365 108.945 60.988 196
496.366 108.958 60.989 174
496.154 109.696 61.092 152
495.944 110.434 61.194 149
497.922 103.679 60.256 154
497.877 103.839 60.278 185
497.728 104.514 60.370 88
497.720 104.554 60.375 106
497.714 104.583 60.379 112
497.720 104.571 60.378 110
497.749 104.476 60.364 105
497.763 104.431 60.358 141
497.767 104.428 60.358 225
497.769 104.428 60.358 246
497.772 104.426 60.357 241
497.774 104.425 60.357 235
497.777 104.424 60.357 242
497.780 104.423 60.357 246
497.782 104.423 60.356 240
497.785 104.421 60.356 243
497.787 104.421 60.356 242
497.790 104.420 60.356 243
497.792 104.419 60.356 242
497.796 104.416 60.355 236
497.798 104.416 60.355 233
497.800 104.417 60.355 240
497.803 104.416 60.355 247
497.805 104.414 60.354 246
497.808 104.412 60.354 238
497.811 104.412 60.354 228
497.813 104.411 60.354 233
497.815 104.411 60.354 235
497.819 104.408 60.353 226
497.821 104.407 60.353 227
497.824 104.406 60.353 234
497.826 104.406 60.353 221
497.829 104.406 60.353 235
497.831 104.405 60.352 244
497.833 104.404 60.352 232
497.836 104.404 60.352 238
497.839 104.403 60.352 232
497.841 104.403 60.352 234
497.844 104.400 60.351 225
497.846 104.400 60.351 233
497.848 104.400 60.351 237
497.851 104.398 60.351 244
497.854 104.398 60.351 242
497.856 104.397 60.351 231
497.859 104.395 60.350 234
497.861 104.396 60.350 225
497.864 104.394 60.350 234
497.866 104.393 60.350 239
497.868 104.394 60.350 240
497.871 104.391 60.349 229
497.874 104.391 60.349 232
497.877 104.389 60.349 220
497.879 104.390 60.349 225
497.881 104.389 60.349 232
497.884 104.387 60.348 239
497.886 104.387 60.348 237
497.889 104.386 60.348 226
497.892 104.384 60.348 222
497.894 104.384 60.348 224
497.896 104.383 60.347 233
497.899 104.382 60.347 233
497.901 104.382 60.347 236
497.904 104.381 60.347 239
497.907 104.379 60.347 222
497.909 104.377 60.346 229
497.911 104.379 60.346 226
497.914 104.377 60.346 228
497.917 104.376 60.346 226
497.919 104.375 60.346 237
497.921 104.375 60.346 232
497.924 104.374 60.345 236
497.927 104.372 60.345 237
497.929 104.372 60.345 233
497.931 104.371 60.345 232
497.934 104.371 60.345 237
497.936 104.369 60.344 243
497.939 104.369 60.344 236
497.941 104.369 60.344 232
497.944 104.367 60.344 241
497.946 104.367 60.344 242
497.948 104.366 60.344 232
497.951 104.365 60.343 230
497.953 104.364 60.343 246
497.956 104.362 60.343 240
497.959 104.361 60.343 231
497.961 104.361 60.342 235
497.964 104.360 60.342 200
496.884 108.902 60.964 133
496.886 108.915 60.966 183
496.890 108.916 60.966 192
496.895 108.916 60.966 202
496.899 108.916 60.966 217
496.904 108.915 60.965 220
496.908 108.915 60.965 227
496.912 108.918 60.966 223
496.917 108.918 60.966 223
496.921 108.918 60.965 219
496.926 108.920 60.965 226
496.929 108.923 60.966 180
496.930 108.941 60.968 214
496.934 108.941 60.968 217
496.940 108.935 60.967 189
496.945 108.934 60.967 163
496.947 108.942 60.968 156
496.951 108.946 60.968 150
496.957 108.941 60.967 106
497.976 104.523 60.363 103
497.979 104.519 60.362 105
497.980 104.526 60.363 86
497.995 104.511 60.361 88
497.998 104.509 60.361 105
497.999 104.511 60.361 100
498.003 104.507 60.360 86
498.008 104.516 60.361 102
498.011 104.512 60.361 108
498.012 104.518 60.361 109
498.014 104.520 60.362 150
498.016 104.520 60.361 157
498.018 104.521 60.362 152
498.019 104.526 60.362 113
498.023 104.521 60.361 126
498.026 104.519 60.361 128
498.027 104.524 60.362 84
498.029 104.526 60.362 83
498.027 104.544 60.364 81
498.031 104.537 60.363 81
498.033 104.540 60.364 82
496.148 108.937 60.990 206
496.153 108.937 60.990 198
496.157 108.937 60.990 203
496.161 108.938 60.990 208
496.166 108.938 60.990 205
496.171 108.937 60.990 201
496.177 108.936 60.989 200
496.181 108.936 60.989 201
496.186 108.938 60.989 205
496.190 108.937 60.989 194
496.195 108.938 60.989 205
496.200 108.936 60.988 207
496.204 108.939 60.989 199
496.209 108.938 60.988 178
496.214 108.938 60.988 152
497.280 105.518 60.512 125
497.286 105.507 60.511 121
497.288 105.510 60.511 122
497.290 105.512 60.511 121
497.294 105.510 60.511 118
497.297 105.510 60.511 120
497.299 105.513 60.511 122
497.303 105.508 60.510 117
497.305 105.514 60.511 116
497.308 105.513 60.511 118
497.310 105.515 60.511 118
497.314 105.510 60.510 116
497.316 105.514 60.510 119
497.319 105.513 60.510 106
497.320 105.520 60.511 85
497.319 105.534 60.513 92
496.292 108.942 60.986 115
496.298 108.939 60.985 165
496.302 108.939 60.985 192
496.306 108.939 60.985 204
496.311 108.939 60.984 204
496.316 108.940 60.984 205
496.320 108.939 60.984 205
496.325 108.939 60.984 201
496.330 108.939 60.984 206
496.334 108.941 60.984 202
496.338 108.941 60.984 199
496.343 108.940 60.983 200
496.349 108.938 60.983 211
496.352 108.941 60.983 203
496.357 108.942 60.983 203
496.360 108.946 60.983 195
496.360 108.964 60.986 170
496.150 109.692 61.086 153
497.917 103.681 60.254 173
497.905 103.729 60.261 252
497.697 104.448 60.360 253
497.666 104.563 60.376 253
497.731 104.504 60.366 95
497.720 104.551 60.373 104
497.715 104.579 60.376 112
497.720 104.571 60.375 111
497.749 104.475 60.362 104
497.763 104.432 60.356 141
497.767 104.427 60.355 221
497.769 104.426 60.355 238
497.772 104.426 60.355 234
497.774 104.426 60.355 245
497.777 104.424 60.354 239
497.779 104.423 60.354 240
497.782 104.423 60.354 235
497.785 104.422 60.354 241
497.787 104.421 60.354 244
497.790 104.421 60.354 240
497.792 104.418 60.353 238
497.795 104.418 60.353 240
497.797 104.417 60.353 232
497.800 104.416 60.353 245
497.803 104.415 60.352 244
497.805 104.414 60.352 237
497.808 104.413 60.352 236
497.811 104.412 60.352 234
497.813 104.413 60.352 233
497.816 104.410 60.351 225
497.818 104.409 60.351 223
497.821 104.408 60.351 233
497.823 104.408 60.351 239
497.826 104.407 60.351 230
497.829 104.405 60.350 239
497.831 104.405 60.350 241
497.833 104.404 60.350 236
497.836 104.404 60.350 236
497.838 104.403 60.350 243
497.841 104.402 60.349 238
497.844 104.401 60.349 230
497.846 104.401 60.349 241
497.849 104.399 60.349 234
497.851 104.399 60.349 231
497.853 104.399 60.349 239
497.856 104.397 60.348 226
497.859 104.395 60.348 226
497.861 104.396 60.348 229
497.864 104.392 60.347 231
497.866 104.393 60.347 248
497.868 104.394 60.347 236
497.871 104.392 60.347 235
497.873 104.393 60.347 230
497.877 104.390 60.347 236
497.879 104.389 60.347 231
497.881 104.389 60.346 232
497.884 104.388 60.346 239
497.886 104.386 60.346 232
497.889 104.386 60.346 229
497.891 104.385 60.346 228
497.894 104.383 60.345 229
497.896 104.383 60.345 239
497.899 104.383 60.345 241
497.901 104.381 60.345 236
497.904 104.381 60.345 239
497.906 104.379 60.344 234
497.909 104.378 60.344 232
497.911 104.378 60.344 228
497.914 104.377 60.344 231
497.917 104.375 60.343 227
497.919 104.376 60.343 229
497.921 104.374 60.343 225
497.924 104.373 60.343 235
497.926 104.374 60.343 242
497.929 104.372 60.343 244
497.931 104.372 60.343 233
497.934 104.371 60.342 237
497.936 104.371 60.342 243
497.939 104.369 60.342 237
497.941 104.368 60.342 244
497.944 104.368 60.342 249
497.946 104.366 60.341 250
497.949 104.366 60.341 242
497.951 104.365 60.341 240
497.953 104.364 60.341 243
497.956 104.363 60.341 249
497.958 104.363 60.341 243
497.961 104.362 60.340 232
497.963 104.363 60.340 201
497.930 104.511 60.361 105
497.899 104.647 60.379 118
496.890 108.898 60.959 136
496.892 108.908 60.961 147
496.895 108.915 60.961 170
496.899 108.917 60.961 191
496.904 108.916 60.961 201
496.908 108.918 60.961 213
496.912 108.917 60.961 223
496.917 108.918 60.961 220
496.921 108.918 60.961 229
496.926 108.918 60.961 222
496.929 108.924 60.961 185
496.931 108.936 60.963 220
496.936 108.933 60.962 207
496.941 108.930 60.962 198
496.945 108.932 60.962 187
496.949 108.935 60.962 151
496.952 108.940 60.963 137
496.958 108.933 60.962 105
497.976 104.521 60.361 105
497.979 104.521 60.360 106
497.982 104.517 60.360 85
497.995 104.510 60.358 88
497.997 104.511 60.359 106
497.999 104.512 60.359 99
498.003 104.505 60.358 89
498.008 104.514 60.359 99
498.009 104.522 60.360 108
498.010 104.524 60.360 111
498.014 104.521 60.359 151
498.016 104.520 60.359 159
498.019 104.519 60.359 151
498.020 104.522 60.359 114
498.023 104.519 60.359 125
498.025 104.523 60.359 131
498.027 104.521 60.359 83
498.029 104.544 60.362 82
496.148 108.938 60.986 201
496.153 108.936 60.986 211
496.158 108.935 60.985 211
496.162 108.936 60.985 205
496.166 108.938 60.985 204
496.171 108.938 60.985 201
496.176 108.937 60.985 213
496.181 108.937 60.985 202
496.186 108.936 60.984 205
496.190 108.937 60.984 196
496.195 108.937 60.984 199
496.199 108.938 60.984 213
496.204 108.939 60.984 203
496.209 108.938 60.984 177
496.214 108.938 60.983 150
497.279 105.519 60.510 125
497.284 105.514 60.509 124
497.287 105.512 60.509 125
497.291 105.511 60.508 121
497.293 105.513 60.508 119
497.297 105.510 60.508 118
497.299 105.513 60.508 122
497.302 105.511 60.508 120
497.306 105.510 60.507 118
497.307 105.515 60.508 119
497.311 105.512 60.508 115
497.314 105.511 60.507 115
497.317 105.512 60.507 117
497.319 105.512 60.507 107
497.318 105.527 60.509 84
497.319 105.534 60.510 97
496.291 108.944 60.981 115
496.298 108.939 60.980 162
496.302 108.938 60.980 189
496.306 108.940 60.980 199
496.311 108.940 60.980 196
496.315 108.941 60.980 212
496.320 108.940 60.980 204
496.325 108.939 60.979 200
496.329 108.941 60.979 206
496.334 108.939 60.979 201
496.339 108.939 60.979 214
496.343 108.940 60.979 203
496.348 108.940 60.979 208
496.353 108.941 60.978 205
496.356 108.945 60.979 191
496.357 108.959 60.981 174
496.152 109.672 61.079 159
497.922 103.658 60.249 162
497.702 104.416 60.354 253
497.699 104.433 60.356 254
497.728 104.514 60.365 101
497.723 104.543 60.369 107
497.716 104.573 60.373 113
497.722 104.563 60.372 112
497.748 104.477 60.360 105
497.763 104.432 60.354 140
497.767 104.428 60.353 224
497.769 104.428 60.353 250
497.772 104.426 60.353 249
497.774 104.425 60.352 245
497.777 104.423 60.352 245
497.779 104.424 60.352 244
497.782 104.423 60.352 240
497.785 104.421 60.351 247
497.787 104.421 60.351 247
497.790 104.419 60.351 246
497.792 104.419 60.351 244
497.795 104.418 60.351 248
497.797 104.418 60.351 247
497.800 104.417 60.350 240
497.803 104.416 60.350 236
497.805 104.415 60.350 240
497.808 104.415 60.350 243
497.811 104.411 60.349 236
497.813 104.411 60.349 233
497.815 104.411 60.349 228
497.818 104.410 60.349 221
497.821 104.408 60.349 230
497.823 104.409 60.349 230
497.826 104.407 60.348 241
497.828 104.407 60.348 235
497.831 104.405 60.348 230
497.834 104.404 60.348 240
497.836 104.404 60.348 237
497.838 104.403 60.347 241
497.840 104.404 60.347 229
497.843 104.401 60.347 233
497.846 104.401 60.347 233
497.848 104.400 60.347 237
497.851 104.400 60.347 232
497.854 104.398 60.346 232
497.856 104.397 60.346 231
497.859 104.396 60.346 234
497.862 104.394 60.345 226
497.864 104.395 60.345 226
497.866 104.395 60.345 238
497.869 104.393 60.345 244
497.871 104.392 60.345 242
497.873 104.392 60.345 231
497.876 104.390 60.344 240
497.879 104.389 60.344 236
497.881 104.388 60.344 233
497.884 104.387 60.344 238
497.886 104.387 60.344 234
497.889 104.385 60.343 238
497.891 104.385 60.343 236
497.894 104.384 60.343 235
497.896 104.385 60.343 235
497.899 104.383 60.343 227
497.901 104.381 60.343 228
497.904 104.380 60.342 237
497.906 104.379 60.342 238
497.909 104.379 60.342 233
497.911 104.378 60.342 231
497.914 104.376 60.341 234
497.917 104.376 60.341 237
497.919 104.375 60.341 233
497.921 104.375 60.341 234
497.924 104.374 60.341 238
497.926 104.373 60.341 237
497.929 104.373 60.340 231
497.931 104.371 60.340 233
497.934 104.372 60.340 241
497.936 104.369 60.340 241
497.939 104.369 60.340 238
497.941 104.370 60.340 250
497.944 104.366 60.339 230
497.946 104.367 60.339 235
497.949 104.366 60.339 244
497.951 104.365 60.339 247
497.953 104.365 60.339 247
497.956 104.364 60.339 245
497.959 104.362 60.338 238
497.961 104.362 60.338 230
497.963 104.363 60.338 195
497.915 104.572 60.367 119
497.903 104.633 60.375 139
497.901 104.650 60.377 129
497.902 104.657 60.378 126
496.738 109.577 61.047 134
496.900 108.914 60.956 155
496.904 108.916 60.957 175
496.908 108.917 60.957 195
496.912 108.918 60.957 209
496.917 108.917 60.956 214
496.921 108.918 60.956 219
496.926 108.916 60.956 218
496.929 108.922 60.957 185
496.931 108.934 60.958 218
496.936 108.933 60.958 216
496.941 108.931 60.957 215
496.945 108.932 60.957 195
496.949 108.933 60.957 153
496.952 108.942 60.959 138
496.957 108.939 60.958 105
497.976 104.520 60.358 101
497.979 104.518 60.358 105
497.981 104.521 60.358 87
497.984 104.516 60.357 83
497.996 104.504 60.355 88
497.997 104.511 60.356 106
497.999 104.513 60.356 100
498.001 104.516 60.357 94
498.006 104.524 60.358 102
498.010 104.517 60.357 107
498.011 104.521 60.357 110
498.014 104.521 60.357 150
498.016 104.520 60.357 155
498.018 104.521 60.357 149
498.020 104.521 60.357 115
498.023 104.521 60.357 126
498.026 104.519 60.356 128
498.026 104.527 60.357 83
498.030 104.541 60.359 81
498.033 104.535 60.358 80
498.038 104.560 60.361 81
496.149 108.935 60.981 200
496.153 108.937 60.981 211
496.157 108.936 60.981 209
496.162 108.937 60.981 212
496.166 108.937 60.981 208
496.171 108.938 60.981 208
496.176 108.939 60.980 212
496.181 108.937 60.980 206
496.186 108.938 60.980 215
496.190 108.936 60.980 204
496.195 108.937 60.979 197
496.199 108.939 60.980 209
496.204 108.938 60.979 201
496.209 108.938 60.979 181
496.213 108.939 60.979 150
497.280 105.516 60.506 124
497.285 105.510 60.506 122
497.288 105.511 60.505 124
497.290 105.512 60.505 120
497.292 105.515 60.506 118
497.295 105.514 60.506 120
497.299 105.512 60.505 121
497.302 105.513 60.505 120
497.305 105.511 60.505 115
497.309 105.510 60.504 118
497.309 105.517 60.505 115
497.314 105.510 60.504 116
497.317 105.510 60.504 121
497.319 105.513 60.505 113
497.319 105.523 60.506 87
497.320 105.529 60.506 97
496.291 108.944 60.977 116
496.297 108.940 60.976 166
496.302 108.938 60.975 190
496.306 108.940 60.976 205
496.311 108.939 60.975 199
496.316 108.940 60.975 197
496.320 108.942 60.975 211
496.325 108.940 60.975 200
496.330 108.940 60.975 206
496.333 108.942 60.975 201
496.339 108.940 60.974 206
496.343 108.941 60.974 201
496.348 108.941 60.974 202
496.352 108.943 60.974 197
496.352 108.957 60.976 183
496.152 109.654 61.072 171
495.922 110.452 61.181 151
497.905 103.715 60.255 252
497.699 104.426 60.353 254
486.049 144.564 65.862 81
486.069 144.572 65.862 81
491.729 125.829 63.282 106
497.728 104.523 60.364 107
497.719 104.565 60.370 114
497.723 104.559 60.369 112
497.750 104.472 60.357 106
497.763 104.432 60.351 140
497.766 104.428 60.351 231
497.769 104.428 60.351 245
497.772 104.425 60.350 241
497.774 104.425 60.350 248
497.777 104.424 60.350 244
497.779 104.423 60.350 239
497.782 104.422 60.349 246
497.785 104.422 60.349 249
497.787 104.421 60.349 243
497.790 104.420 60.349 244
497.792 104.420 60.349 246
497.795 104.418 60.348 237
497.798 104.417 60.348 233
497.800 104.416 60.348 244
497.803 104.415 60.348 249
497.805 104.416 60.348 240
497.808 104.413 60.347 239
497.810 104.413 60.347 234
497.813 104.412 60.347 237
497.815 104.412 60.347 235
497.818 104.409 60.347 231
497.821 104.409 60.346 236
497.823 104.408 60.346 231
497.826 104.407 60.346 232
497.828 104.407 60.346 234
497.831 104.406 60.346 235
497.833 104.405 60.345 235
497.836 104.404 60.345 239
497.838 104.403 60.345 226
497.841 104.402 60.345 235
497.843 104.402 60.345 238
497.846 104.401 60.344 233
497.848 104.400 60.344 235
497.851 104.400 60.344 228
497.853 104.399 60.344 226
497.856 104.397 60.344 235
497.859 104.396 60.343 230
497.861 104.395 60.343 222
497.864 104.395 60.343 231
497.866 104.393 60.343 233
497.869 104.393 60.343 234
497.871 104.393 60.343 235
497.874 104.391 60.342 232
497.876 104.391 60.342 245
497.879 104.390 60.342 237
497.881 104.388 60.342 228
497.884 104.388 60.342 238
497.886 104.387 60.341 236
497.889 104.385 60.341 232
497.891 104.385 60.341 235
497.894 104.384 60.341 235
497.897 104.383 60.341 234
497.899 104.382 60.340 238
497.901 104.381 60.340 241
497.904 104.381 60.340 241
497.906 104.380 60.340 245
497.909 104.379 60.340 238
497.912 104.378 60.339 236
497.914 104.377 60.339 232
497.916 104.377 60.339 239
497.919 104.375 60.339 232
497.922 104.374 60.339 229
497.923 104.375 60.339 235
497.926 104.373 60.338 232
497.929 104.373 60.338 245
497.931 104.372 60.338 236
497.934 104.372 60.338 240
497.936 104.370 60.338 235
497.939 104.369 60.337 239
497.941 104.369 60.337 239
497.944 104.367 60.337 231
497.946 104.365 60.337 230
497.949 104.366 60.337 244
497.951 104.364 60.336 232
497.954 104.363 60.336 226
497.956 104.363 60.336 225
497.959 104.362 60.336 224
497.961 104.362 60.336 223
497.963 104.362 60.336 193
497.934 104.494 60.354 107
497.903 104.634 60.373 124
497.905 104.635 60.373 139
497.907 104.637 60.373 140
497.908 104.639 60.373 137
498.068 103.976 60.283 127
496.908 108.897 60.950 137
496.909 108.913 60.952 156
496.913 108.915 60.952 173
496.917 108.918 60.952 187
496.921 108.917 60.952 203
496.926 108.917 60.952 210
496.929 108.923 60.952 170
496.930 108.940 60.954 201
496.935 108.937 60.954 200
496.940 108.934 60.953 202
496.945 108.934 60.953 179
496.948 108.938 60.954 152
496.951 108.944 60.954 150
496.957 108.937 60.953 106
497.977 104.517 60.355 99
497.979 104.518 60.355 106
497.982 104.518 60.355 91
497.985 104.515 60.355 82
497.996 104.506 60.353 88
497.998 104.509 60.354 106
498.001 104.503 60.353 100
498.002 104.511 60.354 91
498.006 104.523 60.355 101
498.009 104.522 60.355 107
498.013 104.514 60.354 109
498.014 104.518 60.354 149
498.016 104.521 60.355 160
498.018 104.521 60.355 154
498.020 104.524 60.355 115
498.023 104.519 60.354 124
498.026 104.518 60.354 126
496.148 108.936 60.977 205
496.153 108.936 60.976 205
496.158 108.935 60.976 210
496.162 108.938 60.976 208
496.167 108.937 60.976 205
496.171 108.938 60.976 207
496.176 108.938 60.976 211
496.181 108.938 60.976 211
496.186 108.937 60.975 201
496.190 108.937 60.975 195
496.195 108.938 60.975 199
496.199 108.938 60.975 210
496.204 108.937 60.975 196
496.209 108.938 60.974 182
496.214 108.937 60.974 149
497.280 105.517 60.504 124
497.284 105.513 60.503 121
497.287 105.512 60.503 123
497.289 105.515 60.503 120
497.293 105.513 60.503 119
497.295 105.515 60.503 119
497.300 105.509 60.502 120
497.302 105.513 60.502 118
497.305 105.514 60.502 116
497.308 105.512 60.502 119
497.310 105.513 60.502 119
497.314 105.511 60.502 119
497.316 105.513 60.502 119
497.319 105.512 60.502 110
497.320 105.520 60.502 86
497.321 105.528 60.503 96
496.292 108.942 60.972 114
496.298 108.939 60.971 165
496.301 108.940 60.971 192
496.306 108.938 60.971 213
496.311 108.940 60.971 206
496.316 108.941 60.971 202
496.320 108.940 60.970 206
496.325 108.940 60.970 206
496.329 108.941 60.970 206
496.334 108.941 60.970 205
496.339 108.939 60.970 203
496.343 108.940 60.970 194
496.348 108.941 60.969 200
496.349 108.952 60.971 179
496.147 109.653 61.067 166
496.139 109.697 61.073 153
497.907 103.703 60.252 247
497.699 104.418 60.350 254
497.677 104.525 60.364 254
486.029 144.555 65.839 84
486.049 144.564 65.840 86
486.070 144.570 65.840 85
486.092 144.579 65.840 84
486.214 144.623 65.841 82
486.322 144.644 65.840 80
486.343 144.650 65.840 83
497.727 104.518 60.361 115
497.733 104.506 60.360 111
497.723 104.550 60.365 116
497.725 104.550 60.365 113
497.751 104.468 60.354 108
497.763 104.431 60.349 140
497.766 104.428 60.348 223
497.769 104.426 60.348 241
497.772 104.427 60.348 237
497.775 104.425 60.348 234
497.777 104.424 60.348 239
497.780 104.423 60.347 237
497.782 104.422 60.347 237
497.785 104.422 60.347 244
497.787 104.421 60.347 248
497.789 104.422 60.347 240
497.792 104.420 60.347 240
497.794 104.420 60.346 235
497.797 104.418 60.346 239
497.800 104.417 60.346 237
497.802 104.416 60.346 247
497.805 104.415 60.345 231
497.808 104.414 60.345 243
497.811 104.412 60.345 240
497.813 104.412 60.345 234
497.815 104.411 60.345 237
497.818 104.410 60.344 227
497.821 104.409 60.344 226
497.823 104.408 60.344 238
497.826 104.406 60.344 226
497.828 104.407 60.344 233
497.831 104.406 60.343 238
497.833 104.405 60.343 238
497.836 104.404 60.343 228
497.838 104.403 60.343 231
497.841 104.402 60.343 226
497.843 104.402 60.342 238
497.846 104.401 60.342 236
497.848 104.400 60.342 235
497.851 104.400 60.342 237
497.854 104.398 60.342 227
497.856 104.398 60.342 235
497.859 104.396 60.341 227
497.861 104.396 60.341 228
497.863 104.395 60.341 242
497.866 104.394 60.341 227
497.868 104.394 60.341 239
497.871 104.392 60.340 235
497.874 104.391 60.340 235
497.876 104.392 60.340 235
497.879 104.390 60.340 237
497.881 104.388 60.339 225
497.883 104.390 60.340 234
497.886 104.388 60.339 236
497.889 104.386 60.339 230
497.891 104.386 60.339 221
497.894 104.384 60.339 225
497.896 104.384 60.338 228
497.899 104.383 60.338 236
497.901 104.382 60.338 244
497.904 104.380 60.338 230
497.906 104.380 60.338 235
497.909 104.379 60.337 237
497.911 104.378 60.337 238
497.914 104.377 60.337 233
497.916 104.378 60.337 237
497.919 104.375 60.337 232
497.921 104.375 60.337 228
497.924 104.373 60.336 224
497.926 104.373 60.336 232
497.928 104.374 60.336 242
497.931 104.372 60.336 234
497.934 104.371 60.336 241
497.936 104.370 60.335 244
497.938 104.370 60.335 242
497.941 104.368 60.335 232
497.944 104.368 60.335 230
497.946 104.368 60.335 230
497.949 104.365 60.334 237
497.951 104.365 60.334 242
497.954 104.363 60.334 229
497.956 104.363 60.334 235
497.958 104.363 60.334 236
497.961 104.361 60.334 238
497.964 104.360 60.333 201
498.133 103.658 60.238 102
496.725 109.568 61.036 108
497.905 104.636 60.370 119
497.906 104.640 60.371 123
497.909 104.635 60.370 135
497.912 104.634 60.370 140
497.913 104.640 60.371 138
498.074 103.970 60.280 130
496.756 109.583 61.037 135
496.918 108.913 60.947 149
496.922 108.916 60.947 161
496.926 108.916 60.947 178
496.929 108.923 60.948 158
496.929 108.944 60.950 202
496.933 108.947 60.951 247
496.938 108.941 60.950 213
496.943 108.940 60.950 175
496.947 108.945 60.950 164
496.951 108.945 60.950 152
496.958 108.934 60.948 106
497.977 104.520 60.353 104
497.980 104.514 60.352 105
497.982 104.519 60.353 89
497.984 104.517 60.353 81
497.995 104.508 60.351 86
497.997 104.513 60.352 104
498.000 104.510 60.351 98
498.003 104.505 60.351 92
498.007 104.518 60.352 97
498.010 104.515 60.352 108
498.011 104.521 60.352 109
498.014 104.520 60.352 147
498.016 104.521 60.352 157
498.018 104.521 60.352 150
498.021 104.521 60.352 114
498.023 104.520 60.352 123
498.026 104.517 60.352 127
498.026 104.526 60.353 84
498.037 104.552 60.356 80
496.148 108.938 60.972 207
496.153 108.936 60.972 208
496.158 108.934 60.971 206
496.162 108.937 60.972 209
496.166 108.937 60.971 204
496.172 108.937 60.971 201
496.177 108.936 60.971 202
496.181 108.937 60.971 202
496.186 108.938 60.971 205
496.190 108.937 60.970 207
496.195 108.938 60.970 203
496.200 108.937 60.970 198
496.203 108.941 60.970 199
496.209 108.939 60.970 178
496.214 108.938 60.970 150
497.280 105.517 60.501 125
497.284 105.512 60.500 122
497.287 105.513 60.500 124
497.290 105.513 60.500 122
497.292 105.516 60.500 120
497.296 105.512 60.499 119
497.298 105.515 60.500 123
497.302 105.511 60.499 117
497.306 105.510 60.499 120
497.307 105.514 60.499 120
497.310 105.514 60.499 118
497.313 105.514 60.499 121
497.317 105.513 60.499 121
497.320 105.510 60.498 110
497.319 105.523 60.500 88
497.319 105.534 60.501 93
496.292 108.941 60.967 114
496.297 108.940 60.967 165
496.302 108.940 60.966 192
496.306 108.939 60.966 201
496.311 108.941 60.966 207
496.316 108.940 60.966 205
496.320 108.939 60.966 194
496.326 108.937 60.965 204
496.329 108.940 60.966 199
496.334 108.939 60.965 202
496.339 108.940 60.965 200
496.343 108.941 60.965 195
496.347 108.944 60.965 198
496.348 108.957 60.967 178
496.139 109.679 61.065 155
495.903 110.499 61.177 162
497.901 103.724 60.253 253
497.678 104.522 60.361 252
486.028 144.558 65.817 88
486.049 144.565 65.817 89
486.069 144.573 65.818 89
486.091 144.581 65.818 88
486.110 144.586 65.818 85
486.131 144.598 65.819 80
486.148 144.612 65.820 81
486.168 144.627 65.821 80
486.188 144.633 65.821 80
486.212 144.629 65.820 86
486.277 144.641 65.819 82
486.300 144.641 65.818 86
486.319 144.653 65.819 90
486.341 144.658 65.819 85
486.363 144.659 65.818 87
497.725 104.526 60.360 148
497.740 104.481 60.354 127
497.732 104.519 60.359 124
497.730 104.533 60.361 118
497.752 104.464 60.351 111
497.762 104.434 60.347 141
497.767 104.428 60.346 228
497.769 104.427 60.346 248
497.772 104.426 60.346 249
497.774 104.426 60.345 250
497.776 104.426 60.345 244
497.780 104.423 60.345 250
497.782 104.423 60.345 235
497.785 104.422 60.345 233
497.788 104.419 60.344 241
497.790 104.421 60.344 236
497.792 104.419 60.344 242
497.795 104.418 60.344 237
497.797 104.417 60.344 230
497.800 104.418 60.344 240
497.803 104.415 60.343 236
497.805 104.415 60.343 233
497.808 104.413 60.343 222
497.810 104.413 60.343 242
497.813 104.413 60.343 231
497.815 104.411 60.342 235
497.818 104.411 60.342 229
497.821 104.410 60.342 225
497.823 104.408 60.342 232
497.826 104.407 60.341 225
497.828 104.406 60.341 230
497.831 104.405 60.341 231
497.833 104.404 60.341 234
497.835 104.404 60.341 231
497.838 104.403 60.340 244
497.841 104.402 60.340 235
497.843 104.402 60.340 242
497.846 104.399 60.340 233
497.849 104.399 60.340 238
497.851 104.399 60.340 237
497.853 104.399 60.339 229
497.856 104.397 60.339 227
497.858 104.398 60.339 225
497.861 104.396 60.339 231
497.864 104.394 60.338 234
497.866 104.393 60.338 223
497.868 104.394 60.338 230
497.871 104.392 60.338 240
497.873 104.393 60.338 232
497.876 104.391 60.338 233
497.879 104.389 60.337 239
497.881 104.389 60.337 228
497.884 104.388 60.337 234
497.886 104.387 60.337 227
497.889 104.387 60.337 229
497.891 104.385 60.336 227
497.894 104.384 60.336 228
497.897 104.383 60.336 230
497.899 104.382 60.336 236
497.901 104.381 60.336 240
497.904 104.381 60.336 235
497.906 104.380 60.335 236
497.909 104.378 60.335 237
497.911 104.379 60.335 236
497.914 104.376 60.335 239
497.916 104.376 60.335 242
497.919 104.375 60.334 235
497.921 104.375 60.334 225
497.924 104.373 60.334 224
497.926 104.373 60.334 227
497.929 104.373 60.334 234
497.931 104.373 60.334 242
497.934 104.371 60.333 241
497.936 104.371 60.333 239
497.938 104.370 60.333 238
497.941 104.368 60.333 234
497.944 104.368 60.333 229
497.946 104.366 60.332 238
497.949 104.366 60.332 242
497.951 104.365 60.332 235
497.953 104.365 60.332 228
497.956 104.363 60.332 239
497.959 104.362 60.331 235
497.961 104.361 60.331 229
497.964 104.357 60.331 192
496.698 109.662 61.044 109
496.880 108.919 60.944 137
496.890 108.899 60.941 118
496.734 109.572 61.032 109
497.906 104.651 60.370 105
497.911 104.638 60.368 115
497.914 104.637 60.368 129
497.917 104.633 60.367 135
497.918 104.639 60.368 126
498.075 103.981 60.279 109
498.238 103.292 60.187 123
496.931 108.898 60.940 139
496.930 108.918 60.943 144
496.930 108.941 60.946 171
496.934 108.942 60.946 184
496.940 108.935 60.944 161
496.944 108.935 60.944 154
496.948 108.940 60.945 145
496.951 108.946 60.946 141
496.960 108.928 60.943 102
497.978 104.515 60.350 102
497.979 104.518 60.351 106
497.981 104.520 60.351 90
497.995 104.512 60.349 85
497.998 104.509 60.349 104
498.000 104.510 60.349 98
497.999 104.523 60.351 89
498.007 104.518 60.350 97
498.010 104.518 60.350 107
498.011 104.521 60.350 110
498.014 104.520 60.350 148
498.016 104.520 60.350 156
498.018 104.523 60.350 152
498.021 104.521 60.350 113
498.024 104.518 60.349 123
498.025 104.521 60.350 126
498.027 104.525 60.350 83
498.032 104.534 60.351 80
498.031 104.548 60.353 82
498.037 104.553 60.353 81
498.037 104.563 60.355 81
496.148 108.937 60.967 202
496.152 108.937 60.967 216
496.158 108.936 60.967 206
496.162 108.937 60.967 205
496.166 108.937 60.967 207
496.172 108.937 60.967 206
496.176 108.938 60.966 202
496.180 108.938 60.966 202
496.186 108.937 60.966 209
496.189 108.938 60.966 204
496.195 108.937 60.966 202
496.199 108.938 60.966 203
496.204 108.938 60.965 200
496.209 108.938 60.965 182
496.214 108.937 60.965 150
497.280 105.518 60.498 125
497.284 105.514 60.497 123
497.287 105.513 60.497 125
497.291 105.511 60.497 121
497.293 105.514 60.497 119
497.296 105.514 60.497 120
497.300 105.508 60.496 118
497.303 105.510 60.496 116
497.305 105.512 60.496 117
497.306 105.518 60.497 119
497.310 105.515 60.496 118
497.314 105.512 60.496 119
497.316 105.514 60.496 123
497.318 105.516 60.496 110
497.319 105.524 60.497 87
497.320 105.531 60.498 93
496.291 108.943 60.963 113
496.297 108.939 60.962 162
496.301 108.940 60.962 192
496.305 108.941 60.962 200
496.311 108.939 60.962 206
496.316 108.938 60.961 208
496.320 108.940 60.961 200
496.326 108.938 60.961 201
496.329 108.940 60.961 207
496.334 108.941 60.961 206
496.338 108.941 60.961 202
496.343 108.941 60.961 199
496.346 108.949 60.961 190
496.346 108.962 60.963 177
496.122 109.736 61.068 149
497.904 103.708 60.249 252
497.696 104.421 60.345 254
495.465 112.113 61.390 138
486.027 144.561 65.795 91
486.048 144.568 65.796 91
486.068 144.577 65.796 88
486.090 144.585 65.796 84
486.109 144.590 65.796 86
486.127 144.612 65.798 87
486.137 144.648 65.802 80
486.208 144.642 65.799 86
486.245 144.672 65.801 82
486.274 144.650 65.798 88
486.298 144.647 65.796 91
486.321 144.647 65.796 85
486.363 144.660 65.796 81
486.382 144.668 65.796 88
497.728 104.516 60.356 253
497.744 104.465 60.349 147
497.740 104.490 60.352 140
497.740 104.499 60.354 132
497.755 104.454 60.347 125
497.762 104.437 60.345 143
497.766 104.428 60.344 226
497.768 104.429 60.344 250
497.771 104.427 60.344 252
497.774 104.426 60.343 250
497.777 104.424 60.343 242
497.779 104.425 60.343 246
497.782 104.423 60.343 240
497.784 104.423 60.343 247
497.787 104.421 60.342 232
497.790 104.419 60.342 244
497.792 104.419 60.342 244
497.795 104.418 60.342 230
497.797 104.417 60.341 234
497.800 104.416 60.341 233
497.802 104.416 60.341 235
497.805 104.414 60.341 234
497.808 104.414 60.341 230
497.810 104.413 60.340 233
497.813 104.413 60.340 234
497.815 104.411 60.340 241
497.818 104.411 60.340 235
497.821 104.409 60.339 232
497.823 104.409 60.339 237
497.826 104.406 60.339 237
497.828 104.406 60.339 232
497.831 104.406 60.339 230
497.833 104.405 60.339 231
497.836 104.404 60.338 238
497.838 104.404 60.338 242
497.841 104.402 60.338 231
497.843 104.402 60.338 239
497.846 104.400 60.338 228
497.848 104.401 60.338 239
497.851 104.400 60.337 246
497.853 104.399 60.337 235
497.856 104.397 60.337 230
497.859 104.396 60.337 233
497.861 104.395 60.336 227
497.864 104.395 60.336 234
497.866 104.394 60.336 240
497.868 104.394 60.336 238
497.871 104.391 60.336 237
497.874 104.392 60.336 250
497.876 104.393 60.336 246
497.879 104.389 60.335 243
497.881 104.389 60.335 229
497.884 104.388 60.335 226
497.886 104.387 60.335 231
497.889 104.387 60.334 234
497.891 104.386 60.334 241
497.894 104.383 60.334 241
497.896 104.383 60.334 229
497.899 104.383 60.334 233
497.901 104.382 60.333 243
497.904 104.382 60.333 246
497.906 104.380 60.333 238
497.909 104.378 60.333 238
497.912 104.376 60.332 230
497.914 104.377 60.332 234
497.917 104.375 60.332 239
497.919 104.376 60.332 234
497.921 104.375 60.332 235
497.924 104.374 60.332 242
497.926 104.374 60.332 236
497.929 104.373 60.331 235
497.931 104.373 60.331 239
497.934 104.372 60.331 236
497.936 104.370 60.331 237
497.939 104.369 60.331 247
497.941 104.369 60.331 244
497.944 104.368 60.330 228
497.946 104.367 60.330 230
497.948 104.366 60.330 239
497.951 104.366 60.330 231
497.953 104.365 60.330 238
497.956 104.363 60.329 230
497.959 104.362 60.329 226
497.961 104.360 60.329 233
497.964 104.359 60.329 189
496.698 109.664 61.040 111
496.880 108.918 60.940 141
496.886 108.917 60.939 140
496.890 108.916 60.939 139
496.896 108.911 60.938 118
496.743 109.578 61.027 102
498.071 103.972 60.276 90
497.917 104.635 60.365 106
497.918 104.640 60.366 105
497.921 104.636 60.365 111
497.925 104.629 60.364 133
497.927 104.634 60.365 134
497.926 104.646 60.366 130
496.621 110.270 61.119 131
496.941 108.909 60.937 138
496.942 108.925 60.939 147
496.947 108.926 60.939 148
496.950 108.930 60.939 138
496.953 108.937 60.940 122
496.961 108.922 60.938 88
497.977 104.517 60.348 105
497.980 104.515 60.348 106
497.980 104.525 60.349 92
497.986 104.510 60.347 87
497.995 104.510 60.347 88
497.998 104.509 60.347 105
498.000 104.508 60.347 101
498.001 104.515 60.347 91
498.008 104.516 60.347 100
498.011 104.512 60.347 108
498.012 104.516 60.347 110
498.014 104.519 60.347 150
498.016 104.520 60.348 153
498.018 104.522 60.348 153
498.021 104.521 60.347 113
498.023 104.519 60.347 122
498.026 104.518 60.347 124
498.026 104.527 60.348 83
498.031 104.537 60.349 81
498.033 104.539 60.349 82
498.036 104.558 60.352 81
496.148 108.937 60.963 199
496.153 108.936 60.963 207
496.157 108.937 60.962 205
496.162 108.937 60.962 199
496.166 108.938 60.962 201
496.172 108.936 60.962 206
496.176 108.936 60.962 200
496.181 108.937 60.962 205
496.186 108.937 60.961 202
496.190 108.937 60.961 201
496.195 108.937 60.961 202
496.199 108.938 60.961 211
496.204 108.937 60.961 201
496.209 108.938 60.961 182
496.214 108.938 60.960 150
497.067 106.202 60.588 125
497.284 105.514 60.494 120
497.287 105.513 60.494 123
497.291 105.511 60.494 122
497.293 105.513 60.494 117
497.296 105.512 60.494 119
497.299 105.511 60.494 119
497.302 105.511 60.493 121
497.304 105.515 60.494 120
497.308 105.512 60.493 119
497.310 105.514 60.493 118
497.313 105.515 60.494 118
497.316 105.515 60.493 123
497.319 105.512 60.493 113
497.318 105.527 60.495 87
497.318 105.536 60.496 94
496.291 108.946 60.958 113
496.298 108.939 60.957 166
496.302 108.939 60.957 203
496.306 108.941 60.957 195
496.311 108.939 60.957 203
496.316 108.940 60.957 198
496.321 108.939 60.957 194
496.325 108.941 60.957 201
496.329 108.942 60.957 198
496.334 108.941 60.956 201
496.338 108.942 60.956 194
496.342 108.944 60.956 202
496.345 108.952 60.957 187
496.138 109.668 61.054 157
497.916 103.658 60.240 158
497.899 103.724 60.249 252
497.696 104.421 60.343 254
486.018 144.517 65.768 95
486.025 144.567 65.774 92
486.045 144.576 65.774 91
486.266 144.680 65.779 80
486.296 144.652 65.775 85
486.381 144.669 65.774 80
486.402 144.679 65.774 85
497.729 104.510 60.353 253
497.747 104.456 60.346 210
497.746 104.467 60.347 155
497.745 104.480 60.349 144
497.754 104.455 60.345 138
497.761 104.438 60.343 146
497.766 104.430 60.342 228
497.768 104.429 60.342 251
497.771 104.428 60.341 251
497.774 104.427 60.341 250
497.776 104.426 60.341 249
497.779 104.424 60.340 229
497.782 104.423 60.340 244
497.785 104.422 60.340 244
497.787 104.421 60.340 246
497.790 104.419 60.340 246
497.792 104.420 60.340 234
497.795 104.418 60.339 234
497.797 104.418 60.339 241
497.800 104.417 60.339 240
497.802 104.416 60.339 232
497.805 104.415 60.338 226
497.808 104.415 60.338 233
497.811 104.412 60.338 232
497.813 104.411 60.338 231
497.815 104.412 60.338 241
497.818 104.409 60.337 235
497.821 104.409 60.337 235
497.823 104.409 60.337 223
497.826 104.407 60.337 232
497.828 104.406 60.337 235
497.831 104.406 60.337 241
497.833 104.405 60.336 234
497.836 104.403 60.336 233
497.838 104.404 60.336 236
497.841 104.401 60.336 240
497.843 104.402 60.336 239
497.846 104.400 60.335 226
497.848 104.400 60.335 234
497.851 104.400 60.335 233
497.854 104.398 60.335 239
497.856 104.398 60.335 234
497.859 104.396 60.334 224
497.861 104.396 60.334 230
497.863 104.396 60.334 230
497.866 104.395 60.334 244
497.868 104.394 60.334 249
497.871 104.392 60.333 244
497.874 104.392 60.333 235
497.876 104.391 60.333 233
497.879 104.390 60.333 233
497.881 104.388 60.333 226
497.884 104.388 60.332 222
497.886 104.387 60.332 228
497.889 104.385 60.332 237
497.891 104.385 60.332 241
497.894 104.384 60.332 234
497.896 104.385 60.332 237
497.899 104.382 60.331 232
497.901 104.383 60.331 233
497.904 104.379 60.331 239
497.906 104.381 60.331 244
497.909 104.380 60.331 237
497.911 104.379 60.331 237
497.914 104.377 60.330 231
497.916 104.376 60.330 229
497.919 104.374 60.330 229
497.921 104.375 60.330 226
497.924 104.374 60.329 229
497.926 104.374 60.329 237
497.928 104.374 60.329 245
497.931 104.373 60.329 236
497.934 104.372 60.329 239
497.936 104.370 60.329 240
497.939 104.369 60.328 249
497.941 104.369 60.328 241
497.944 104.368 60.328 238
497.946 104.368 60.328 240
497.948 104.366 60.328 236
497.951 104.366 60.328 241
497.953 104.364 60.327 241
497.956 104.364 60.327 228
497.958 104.362 60.327 235
497.961 104.362 60.327 233
497.963 104.361 60.327 198
496.700 109.656 61.034 112
496.883 108.909 60.934 141
496.886 108.914 60.934 138
496.734 109.573 61.022 122
496.744 109.551 61.019 111
496.594 110.207 61.107 102
496.908 108.897 60.932 108
496.915 108.886 60.930 97
496.758 109.574 61.022 88
497.922 104.631 60.362 88
497.926 104.624 60.361 107
497.928 104.628 60.361 118
497.931 104.626 60.361 125
497.933 104.626 60.361 127
497.936 104.623 60.361 126
497.936 104.635 60.362 119
498.095 103.956 60.271 116
498.097 103.958 60.272 110
498.252 103.291 60.183 104
497.976 104.521 60.346 102
497.979 104.518 60.346 106
497.981 104.522 60.346 89
497.985 104.512 60.345 81
497.995 104.509 60.344 88
497.996 104.516 60.345 105
497.999 104.513 60.345 100
498.003 104.506 60.344 93
498.008 104.515 60.345 101
498.009 104.519 60.345 108
498.012 104.518 60.345 110
498.014 104.518 60.345 152
498.016 104.519 60.345 159
498.018 104.520 60.345 154
498.019 104.526 60.346 114
498.023 104.520 60.345 124
498.025 104.520 60.345 128
498.025 104.531 60.346 83
498.030 104.531 60.346 81
498.032 104.544 60.348 81
498.040 104.560 60.350 81
496.148 108.937 60.958 199
496.153 108.936 60.958 208
496.157 108.937 60.958 210
496.162 108.936 60.958 206
496.167 108.937 60.958 206
496.172 108.937 60.957 203
496.176 108.937 60.957 199
496.180 108.938 60.957 202
496.186 108.938 60.957 202
496.190 108.936 60.957 206
496.195 108.937 60.956 204
496.200 108.937 60.956 208
496.204 108.937 60.956 210
496.209 108.938 60.956 187
496.213 108.939 60.956 149
497.281 105.514 60.492 124
497.284 105.513 60.492 121
497.287 105.512 60.491 118
497.291 105.510 60.491 121
497.293 105.514 60.491 117
497.295 105.515 60.491 120
497.299 105.514 60.491 122
497.302 105.513 60.491 120
497.304 105.516 60.491 119
497.308 105.512 60.490 117
497.310 105.514 60.491 117
497.313 105.515 60.491 116
497.316 105.515 60.490 121
497.318 105.518 60.491 112
497.317 105.531 60.492 88
497.319 105.534 60.493 92
496.289 108.950 60.954 111
496.298 108.939 60.953 161
496.302 108.939 60.953 196
496.306 108.940 60.953 204
496.311 108.939 60.952 210
496.316 108.938 60.952 196
496.320 108.941 60.952 202
496.325 108.941 60.952 197
496.329 108.942 60.952 199
496.333 108.942 60.952 200
496.338 108.943 60.952 193
496.342 108.946 60.952 190
496.342 108.961 60.954 179
495.919 110.408 61.149 151
497.909 103.682 60.241 190
497.899 103.724 60.247 253
497.695 104.424 60.341 254
488.005 137.702 64.827 87
486.022 144.577 65.753 91
486.454 143.631 65.620 84
486.471 143.644 65.621 84
486.515 143.648 65.620 85
488.336 137.819 64.830 82
497.528 105.225 60.447 252
497.749 104.449 60.342 253
497.747 104.463 60.344 185
497.748 104.471 60.345 151
497.754 104.456 60.343 142
497.761 104.439 60.341 148
497.766 104.429 60.339 235
497.769 104.428 60.339 251
497.771 104.428 60.339 251
497.774 104.427 60.339 251
497.777 104.425 60.338 251
497.779 104.425 60.338 244
497.782 104.424 60.338 243
497.785 104.422 60.338 249
497.787 104.422 60.338 251
497.790 104.421 60.337 248
497.792 104.420 60.337 237
497.795 104.420 60.337 236
497.798 104.417 60.337 237
497.800 104.417 60.337 243
497.803 104.414 60.336 224
497.805 104.414 60.336 241
497.808 104.414 60.336 230
497.810 104.412 60.336 232
497.813 104.411 60.335 236
497.815 104.411 60.335 233
497.818 104.409 60.335 230
497.821 104.409 60.335 230
497.823 104.408 60.335 234
497.826 104.407 60.335 242
497.828 104.408 60.335 231
497.831 104.406 60.334 226
497.833 104.405 60.334 227
497.835 104.404 60.334 231
497.838 104.404 60.334 229
497.841 104.402 60.333 243
497.843 104.402 60.333 241
497.846 104.401 60.333 228
497.848 104.400 60.333 229
497.851 104.398 60.332 232
497.854 104.398 60.333 233
497.856 104.398 60.332 243
497.859 104.396 60.332 237
497.861 104.397 60.332 236
497.864 104.393 60.332 240
497.866 104.394 60.332 236
497.869 104.393 60.331 239
497.871 104.392 60.331 237
497.874 104.392 60.331 232
497.876 104.390 60.331 236
497.879 104.390 60.331 236
497.881 104.389 60.330 232
497.884 104.388 60.330 233
497.887 104.386 60.330 234
497.889 104.386 60.330 229
497.891 104.386 60.330 221
497.894 104.384 60.329 234
497.897 104.383 60.329 232
497.899 104.383 60.329 241
497.901 104.382 60.329 237
497.904 104.381 60.329 240
497.906 104.380 60.328 232
497.909 104.379 60.328 230
497.911 104.379 60.328 230
497.914 104.378 60.328 231
497.916 104.377 60.328 229
497.919 104.375 60.328 229
497.921 104.375 60.327 238
497.924 104.374 60.327 249
497.926 104.373 60.327 250
497.928 104.375 60.327 250
497.931 104.374 60.327 242
497.934 104.371 60.327 248
497.936 104.370 60.326 249
497.938 104.370 60.326 250
497.941 104.368 60.326 246
497.944 104.368 60.326 235
497.946 104.367 60.326 236
497.948 104.367 60.326 236
497.950 104.367 60.326 237
497.953 104.364 60.325 238
497.956 104.364 60.325 224
497.958 104.363 60.325 237
497.961 104.362 60.325 243
497.964 104.360 60.324 203
498.127 103.684 60.234 113
498.098 103.816 60.252 114
498.090 103.856 60.257 111
497.940 104.496 60.342 121
497.943 104.496 60.342 115
497.944 104.501 60.343 106
498.094 103.875 60.259 96
498.094 103.885 60.260 107
497.943 104.533 60.347 119
497.942 104.546 60.348 105
498.086 103.944 60.268 81
496.615 110.250 61.106 88
498.091 103.938 60.267 94
497.936 104.613 60.357 105
497.939 104.611 60.357 111
497.943 104.606 60.356 114
497.947 104.599 60.355 114
497.951 104.592 60.354 113
497.955 104.584 60.353 110
497.979 104.510 60.343 102
497.979 104.518 60.344 106
497.981 104.519 60.344 90
497.996 104.507 60.342 88
497.999 104.504 60.341 104
498.000 104.511 60.342 102
498.002 104.512 60.342 94
498.007 104.519 60.343 100
498.009 104.521 60.343 108
498.012 104.517 60.343 111
498.014 104.519 60.343 149
498.016 104.520 60.343 155
498.018 104.520 60.343 154
498.020 104.522 60.343 115
498.022 104.524 60.343 120
498.025 104.520 60.343 125
498.026 104.530 60.344 85
498.031 104.518 60.342 84
498.029 104.535 60.344 82
498.033 104.527 60.343 82
498.030 104.551 60.346 84
498.035 104.552 60.346 80
498.038 104.557 60.347 81
498.040 104.560 60.347 80
498.042 104.562 60.348 80
496.148 108.937 60.954 205
496.153 108.936 60.953 214
496.158 108.936 60.953 213
496.162 108.937 60.953 207
496.166 108.938 60.953 210
496.172 108.937 60.953 208
496.177 108.936 60.952 198
496.181 108.936 60.952 199
496.186 108.937 60.952 204
496.190 108.938 60.952 207
496.195 108.938 60.952 207
496.199 108.939 60.952 211
496.204 108.938 60.952 205
496.208 108.940 60.952 184
496.214 108.937 60.951 150
497.280 105.518 60.489 124
497.284 105.512 60.488 122
497.287 105.513 60.488 121
497.290 105.512 60.488 121
497.293 105.513 60.488 118
497.295 105.515 60.488 121
497.298 105.517 60.489 122
497.301 105.515 60.488 121
497.304 105.515 60.488 116
497.307 105.514 60.488 115
497.310 105.515 60.488 116
497.313 105.516 60.488 115
497.315 105.517 60.488 119
497.318 105.518 60.488 110
497.314 105.539 60.491 83
497.316 105.542 60.491 92
496.289 108.951 60.950 113
496.297 108.940 60.948 161
496.302 108.939 60.948 193
496.306 108.939 60.948 204
496.310 108.942 60.948 195
496.316 108.940 60.948 198
496.320 108.940 60.947 197
496.325 108.941 60.948 202
496.329 108.942 60.947 197
496.333 108.942 60.947 197
496.338 108.944 60.947 191
496.340 108.953 60.948 180
496.132 109.669 61.045 157
498.137 102.905 60.135 149
497.907 103.690 60.240 205
497.899 103.722 60.245 253
497.695 104.424 60.339 254
488.015 137.730 64.811 84
486.433 143.621 65.597 83
486.457 143.621 65.596 92
486.475 143.633 65.597 95
486.492 143.650 65.599 94
486.518 143.638 65.596 94
486.538 143.647 65.597 92
497.506 105.305 60.455 123
497.748 104.462 60.342 202
497.748 104.469 60.343 155
497.755 104.451 60.340 143
497.760 104.441 60.339 150
497.765 104.432 60.337 234
497.768 104.429 60.337 251
497.771 104.429 60.337 250
497.774 104.427 60.337 248
497.777 104.425 60.336 251
497.779 104.425 60.336 249
497.782 104.424 60.336 236
497.785 104.422 60.335 237
497.787 104.421 60.335 249
497.790 104.421 60.335 247
497.792 104.420 60.335 234
497.795 104.419 60.335 239
497.797 104.417 60.334 240
497.800 104.417 60.334 239
497.802 104.416 60.334 229
497.805 104.415 60.334 233
497.808 104.414 60.334 237
497.810 104.413 60.333 238
497.813 104.412 60.333 237
497.815 104.411 60.333 234
497.818 104.410 60.333 226
497.821 104.409 60.333 226
497.823 104.408 60.332 230
497.826 104.408 60.332 234
497.828 104.406 60.332 226
497.831 104.405 60.332 226
497.833 104.406 60.332 238
497.835 104.405 60.332 234
497.838 104.404 60.331 236
497.841 104.403 60.331 240
497.843 104.403 60.331 231
497.846 104.402 60.331 235
497.848 104.400 60.331 240
497.851 104.400 60.330 228
497.853 104.399 60.330 225
497.856 104.398 60.330 236
497.859 104.396 60.330 234
497.861 104.395 60.330 229
497.864 104.394 60.329 231
497.866 104.395 60.329 234
497.869 104.393 60.329 242
497.871 104.393 60.329 237
497.874 104.391 60.329 235
497.876 104.391 60.329 233
497.879 104.389 60.328 233
497.881 104.388 60.328 231
497.884 104.389 60.328 241
497.886 104.387 60.328 243
497.889 104.385 60.327 232
497.891 104.385 60.327 224
497.894 104.384 60.327 239
497.896 104.384 60.327 241
497.899 104.382 60.327 236
497.901 104.382 60.327 230
497.904 104.381 60.326 225
497.906 104.380 60.326 230
497.909 104.380 60.326 231
497.911 104.380 60.326 245
497.914 104.377 60.326 238
497.916 104.376 60.325 232
497.919 104.375 60.325 232
497.921 104.375 60.325 239
497.924 104.375 60.325 243
497.926 104.374 60.325 234
497.928 104.374 60.325 242
497.931 104.372 60.324 249
497.934 104.371 60.324 247
497.936 104.373 60.324 244
497.938 104.371 60.324 246
497.941 104.370 60.324 243
497.944 104.367 60.323 241
497.946 104.368 60.324 249
497.949 104.365 60.323 247
497.951 104.365 60.323 245
497.953 104.365 60.323 238
497.956 104.364 60.323 225
497.958 104.363 60.322 245
497.961 104.363 60.322 235
497.963 104.364 60.322 205
497.954 104.408 60.328 141
497.939 104.479 60.338 128
497.940 104.489 60.339 129
497.943 104.487 60.338 131
497.943 104.493 60.339 126
497.945 104.494 60.339 115
497.947 104.498 60.340 114
497.947 104.509 60.341 124
497.949 104.509 60.341 150
497.951 104.512 60.341 146
497.944 104.547 60.346 108
498.101 103.886 60.258 109
497.948 104.551 60.346 113
497.954 104.536 60.344 115
497.955 104.543 60.345 115
497.956 104.547 60.346 117
497.958 104.550 60.346 116
497.959 104.554 60.346 113
497.961 104.558 60.347 107
497.978 104.514 60.341 102
497.979 104.519 60.342 105
497.981 104.520 60.342 92
497.994 104.515 60.341 86
497.997 104.511 60.340 105
497.999 104.512 60.340 103
498.003 104.504 60.339 95
498.008 104.516 60.340 101
498.011 104.511 60.340 108
498.011 104.521 60.341 111
498.013 104.522 60.341 147
498.016 104.520 60.341 151
498.018 104.520 60.341 149
498.020 104.523 60.341 116
498.022 104.523 60.341 122
498.026 104.518 60.340 130
498.028 104.520 60.340 83
498.028 104.532 60.342 86
498.026 104.547 60.344 93
498.026 104.559 60.345 105
498.029 104.557 60.345 98
498.033 104.547 60.344 86
498.036 104.545 60.343 81
498.039 104.553 60.344 81
496.148 108.936 60.949 198
496.153 108.937 60.949 204
496.158 108.935 60.948 208
496.162 108.937 60.949 205
496.166 108.937 60.948 203
496.171 108.937 60.948 202
496.177 108.936 60.948 207
496.181 108.938 60.948 207
496.185 108.939 60.948 199
496.190 108.937 60.947 195
496.195 108.937 60.947 211
496.200 108.937 60.947 201
496.204 108.939 60.947 210
496.209 108.938 60.947 182
496.214 108.938 60.947 150
497.279 105.520 60.487 121
497.285 105.511 60.486 121
497.287 105.513 60.486 123
497.290 105.514 60.486 123
497.293 105.514 60.485 120
497.296 105.511 60.485 121
497.299 105.513 60.485 117
497.302 105.513 60.485 118
497.304 105.514 60.485 116
497.307 105.514 60.485 118
497.310 105.513 60.485 115
497.312 105.516 60.485 116
497.314 105.523 60.486 116
497.318 105.518 60.485 107
497.524 104.856 60.396 90
496.290 108.949 60.945 111
496.297 108.941 60.944 162
496.301 108.941 60.944 203
496.306 108.938 60.943 204
496.310 108.941 60.943 206
496.315 108.942 60.943 204
496.320 108.941 60.943 198
496.324 108.942 60.943 199
496.329 108.942 60.943 197
496.333 108.943 60.943 194
496.337 108.946 60.943 194
496.336 108.964 60.945 171
496.125 109.696 61.043 153
498.136 102.909 60.134 151
497.906 103.692 60.239 207
497.899 103.724 60.243 253
497.695 104.423 60.336 254
497.679 104.511 60.348 254
486.383 143.642 65.580 84
486.416 143.609 65.575 84
486.435 143.614 65.575 89
486.458 143.618 65.574 90
486.473 143.638 65.576 97
486.493 143.646 65.576 102
486.519 143.633 65.574 98
486.539 143.642 65.574 96
486.557 143.659 65.576 87
486.572 143.682 65.578 82
497.749 104.458 60.339 244
497.749 104.467 60.340 159
497.755 104.455 60.338 145
497.760 104.443 60.337 150
497.766 104.431 60.335 234
497.769 104.428 60.335 251
497.771 104.428 60.334 250
497.774 104.427 60.334 243
497.777 104.425 60.334 250
497.779 104.425 60.334 246
497.782 104.422 60.333 249
497.785 104.422 60.333 242
497.787 104.423 60.333 248
497.790 104.420 60.333 247
497.792 104.420 60.333 237
497.795 104.419 60.332 238
497.797 104.417 60.332 234
497.800 104.416 60.332 240
497.802 104.416 60.332 237
497.805 104.415 60.332 237
497.808 104.413 60.331 235
497.811 104.412 60.331 229
497.813 104.412 60.331 223
497.815 104.411 60.331 228
497.818 104.410 60.330 225
497.820 104.410 60.330 238
497.823 104.409 60.330 233
497.826 104.407 60.330 236
497.828 104.406 60.330 229
497.831 104.406 60.330 233
497.833 104.406 60.330 235
497.836 104.404 60.329 232
497.838 104.403 60.329 229
497.840 104.404 60.329 241
497.843 104.402 60.329 234
497.846 104.401 60.329 244
497.848 104.401 60.328 238
497.851 104.399 60.328 225
497.854 104.398 60.328 225
497.856 104.398 60.328 233
497.858 104.398 60.328 232
497.861 104.396 60.327 239
497.864 104.394 60.327 227
497.866 104.394 60.327 230
497.868 104.394 60.327 240
497.871 104.393 60.327 240
497.873 104.392 60.327 246
497.876 104.390 60.326 236
497.879 104.389 60.326 234
497.881 104.390 60.326 244
497.884 104.387 60.326 238
497.886 104.388 60.326 233
497.889 104.387 60.325 233
497.891 104.385 60.325 231
497.894 104.384 60.325 231
497.896 104.384 60.325 242
497.899 104.383 60.325 234
497.901 104.383 60.324 235
497.904 104.381 60.324 239
497.906 104.381 60.324 238
497.908 104.381 60.324 230
497.911 104.379 60.324 234
497.914 104.377 60.323 239
497.916 104.377 60.323 241
497.918 104.377 60.323 237
497.921 104.375 60.323 241
497.924 104.375 60.323 235
497.926 104.374 60.323 246
497.929 104.373 60.322 237
497.931 104.373 60.322 247
497.934 104.372 60.322 242
497.936 104.371 60.322 238
497.939 104.369 60.322 249
497.941 104.369 60.322 239
497.944 104.368 60.321 236
497.946 104.368 60.321 246
497.948 104.366 60.321 247
497.950 104.367 60.321 249
497.953 104.365 60.321 237
497.956 104.364 60.321 234
497.958 104.363 60.320 238
497.961 104.362 60.320 237
497.963 104.364 60.320 216
497.956 104.402 60.325 143
497.942 104.469 60.334 124
497.940 104.487 60.336 130
497.943 104.486 60.336 134
497.944 104.492 60.337 135
497.946 104.490 60.336 126
497.949 104.490 60.336 113
497.947 104.505 60.338 115
497.949 104.508 60.339 146
497.951 104.510 60.339 160
497.950 104.522 60.340 132
497.950 104.536 60.342 126
497.950 104.544 60.343 123
498.106 103.884 60.256 116
498.106 103.891 60.257 115
496.644 110.210 61.090 115
496.804 109.543 61.002 113
496.653 110.219 61.091 104
498.109 103.914 60.260 86
497.977 104.518 60.339 105
497.978 104.523 60.340 106
497.980 104.523 60.340 91
497.997 104.503 60.337 81
497.998 104.507 60.337 105
497.999 104.514 60.338 101
498.001 104.515 60.338 95
498.005 104.528 60.340 102
498.009 104.520 60.339 108
498.011 104.523 60.339 108
498.014 104.520 60.338 145
498.016 104.521 60.338 150
498.018 104.521 60.338 149
498.021 104.521 60.338 114
498.023 104.521 60.338 123
498.026 104.518 60.338 130
498.026 104.526 60.339 83
498.026 104.537 60.340 84
498.025 104.554 60.342 107
498.025 104.564 60.344 139
498.027 104.567 60.344 134
498.029 104.567 60.344 114
498.032 104.563 60.343 104
498.032 104.574 60.345 103
498.037 104.563 60.343 94
498.038 104.567 60.344 80
498.040 104.571 60.344 80
496.148 108.938 60.945 201
496.152 108.938 60.944 200
496.158 108.936 60.944 202
496.162 108.937 60.944 198
496.166 108.938 60.944 208
496.172 108.936 60.943 205
496.176 108.937 60.943 212
496.180 108.938 60.943 208
496.186 108.937 60.943 200
496.190 108.937 60.943 204
496.195 108.937 60.943 198
496.199 108.938 60.943 215
496.204 108.938 60.942 205
496.208 108.940 60.943 183
496.213 108.940 60.942 150
497.280 105.518 60.484 123
497.283 105.517 60.483 119
497.287 105.514 60.483 125
497.290 105.512 60.482 124
497.292 105.515 60.483 121
497.296 105.511 60.482 120
497.298 105.517 60.483 117
497.301 105.516 60.483 116
497.304 105.516 60.483 117
497.306 105.517 60.483 119
497.310 105.514 60.482 119
497.313 105.515 60.482 118
497.314 105.520 60.483 118
497.314 105.529 60.484 109
497.316 105.543 60.485 92
496.289 108.950 60.941 111
496.297 108.941 60.939 168
496.301 108.940 60.939 199
496.306 108.940 60.939 195
496.310 108.943 60.939 204
496.315 108.942 60.939 200
496.320 108.942 60.939 205
496.324 108.942 60.939 206
496.329 108.943 60.938 193
496.332 108.945 60.939 193
496.337 108.946 60.939 186
496.337 108.962 60.940 166
496.120 109.711 61.040 152
497.921 103.635 60.229 152
497.909 103.681 60.235 181
497.899 103.722 60.241 252
497.695 104.422 60.334 254
497.671 104.537 60.349 252
486.366 143.631 65.557 85
486.385 143.632 65.557 95
486.415 143.611 65.553 91
486.437 143.607 65.552 93
486.458 143.619 65.552 91
486.468 143.655 65.557 86
486.519 143.633 65.552 92
486.538 143.646 65.553 93
486.558 143.653 65.553 93
486.579 143.659 65.553 98
497.710 104.578 60.353 156
497.750 104.455 60.336 252
497.748 104.470 60.338 156
497.754 104.456 60.336 142
497.760 104.442 60.334 146
497.766 104.431 60.333 223
497.768 104.430 60.332 250
497.771 104.428 60.332 250
497.774 104.427 60.332 250
497.776 104.426 60.332 239
497.779 104.425 60.331 244
497.782 104.423 60.331 251
497.785 104.422 60.331 247
497.787 104.423 60.331 244
497.790 104.421 60.331 238
497.792 104.418 60.330 236
497.795 104.419 60.330 237
497.797 104.418 60.330 237
497.800 104.417 60.330 242
497.802 104.416 60.330 240
497.805 104.414 60.329 228
497.808 104.414 60.329 233
497.810 104.412 60.329 233
497.813 104.412 60.329 225
497.815 104.412 60.329 231
497.818 104.409 60.328 228
497.821 104.409 60.328 235
497.823 104.409 60.328 237
497.825 104.409 60.328 236
497.829 104.406 60.327 237
497.831 104.406 60.327 231
497.833 104.405 60.327 240
497.836 104.404 60.327 230
497.838 104.403 60.327 241
497.841 104.402 60.326 229
497.843 104.402 60.326 236
497.846 104.400 60.326 241
497.848 104.400 60.326 234
497.851 104.399 60.326 231
497.853 104.398 60.326 236
497.856 104.398 60.326 242
497.859 104.397 60.325 233
497.861 104.395 60.325 233
497.864 104.395 60.325 241
497.866 104.395 60.325 240
497.869 104.393 60.325 245
497.871 104.393 60.324 235
497.873 104.392 60.324 235
497.876 104.390 60.324 231
497.878 104.390 60.324 235
497.881 104.390 60.324 239
497.884 104.388 60.323 236
497.886 104.388 60.323 230
497.889 104.387 60.323 235
497.891 104.385 60.323 231
497.894 104.385 60.323 232
497.896 104.385 60.323 235
497.899 104.383 60.322 227
497.901 104.382 60.322 246
497.904 104.382 60.322 249
497.906 104.380 60.322 249
497.909 104.379 60.322 242
497.911 104.379 60.321 239
497.914 104.377 60.321 243
497.916 104.377 60.321 245
497.919 104.376 60.321 237
497.921 104.374 60.321 238
497.924 104.375 60.321 236
497.926 104.374 60.320 250
497.929 104.373 60.320 240
497.931 104.374 60.320 245
497.933 104.372 60.320 240
497.936 104.372 60.320 244
497.938 104.370 60.320 242
497.941 104.370 60.319 230
497.943 104.369 60.319 231
497.946 104.369 60.319 235
497.948 104.367 60.319 249
497.951 104.366 60.319 240
497.953 104.366 60.319 233
497.956 104.364 60.318 235
497.958 104.363 60.318 233
497.961 104.362 60.318 243
497.963 104.365 60.318 218
497.958 104.394 60.322 142
497.945 104.456 60.330 120
497.943 104.476 60.333 119
497.943 104.487 60.334 115
497.945 104.487 60.334 114
497.945 104.494 60.335 114
497.947 104.497 60.335 117
497.945 104.514 60.337 111
497.948 104.511 60.337 142
497.947 104.526 60.339 153
496.767 109.576 61.002 139
496.930 108.900 60.913 143
496.932 108.911 60.915 140
496.931 108.936 60.918 149
496.937 108.929 60.917 147
496.941 108.930 60.917 154
496.945 108.931 60.917 149
496.949 108.933 60.917 134
496.955 108.930 60.916 113
497.976 104.521 60.337 103
497.978 104.523 60.337 106
497.982 104.518 60.337 89
497.985 104.512 60.336 83
497.994 104.516 60.336 85
497.997 104.512 60.335 106
498.000 104.510 60.335 104
498.003 104.506 60.335 97
498.008 104.514 60.335 102
498.010 104.517 60.336 109
498.012 104.519 60.336 110
498.014 104.521 60.336 145
498.016 104.519 60.336 155
498.018 104.520 60.336 151
498.020 104.522 60.336 115
498.023 104.522 60.336 129
498.025 104.520 60.336 137
498.025 104.531 60.337 84
498.027 104.545 60.339 90
498.026 104.559 60.341 107
498.028 104.560 60.341 110
498.032 104.556 60.340 105
498.030 104.574 60.342 105
498.028 104.595 60.345 125
498.034 104.577 60.343 110
498.039 104.564 60.341 80
498.041 104.567 60.341 80
496.148 108.936 60.940 203
496.153 108.936 60.940 206
496.157 108.937 60.940 204
496.162 108.936 60.939 204
496.167 108.937 60.939 209
496.171 108.938 60.939 209
496.176 108.937 60.939 206
496.180 108.938 60.939 199
496.186 108.937 60.938 208
496.189 108.938 60.938 202
496.195 108.938 60.938 205
496.200 108.937 60.938 211
496.205 108.936 60.938 199
496.209 108.937 60.938 182
496.214 108.938 60.937 151
497.280 105.518 60.481 126
497.284 105.515 60.480 122
497.288 105.510 60.479 122
497.289 105.515 60.480 124
497.292 105.516 60.480 119
497.295 105.514 60.480 120
497.298 105.515 60.480 118
497.300 105.518 60.480 116
497.304 105.517 60.480 118
497.306 105.519 60.480 118
497.309 105.519 60.480 117
497.313 105.515 60.479 118
497.316 105.516 60.479 117
497.316 105.523 60.480 109
497.521 104.865 60.392 86
496.288 108.955 60.937 110
496.296 108.943 60.935 166
496.302 108.939 60.934 194
496.306 108.940 60.934 207
496.311 108.941 60.934 206
496.316 108.941 60.934 198
496.319 108.944 60.934 203
496.324 108.944 60.934 205
496.328 108.945 60.934 194
496.333 108.945 60.934 192
496.337 108.946 60.934 190
496.338 108.958 60.935 177
496.128 109.684 61.032 154
498.134 102.913 60.131 148
497.909 103.682 60.233 172
497.901 103.717 60.238 252
497.695 104.422 60.332 254
497.682 104.492 60.341 254
497.669 104.545 60.348 252
486.367 143.629 65.535 88
486.387 143.627 65.534 104
486.414 143.616 65.532 99
486.436 143.613 65.531 98
486.459 143.617 65.530 91
486.518 143.639 65.531 91
486.539 143.643 65.531 98
486.557 143.657 65.532 99
486.580 143.655 65.531 104
486.594 143.686 65.534 86
497.723 104.533 60.344 253
497.750 104.453 60.333 252
497.747 104.475 60.336 148
497.754 104.457 60.334 136
497.761 104.441 60.332 142
497.766 104.431 60.330 221
497.769 104.429 60.330 250
497.772 104.426 60.329 251
497.774 104.427 60.329 249
497.777 104.425 60.329 244
497.779 104.426 60.329 242
497.782 104.423 60.329 243
497.784 104.423 60.329 242
497.787 104.422 60.328 239
497.790 104.420 60.328 232
497.792 104.420 60.328 242
497.795 104.419 60.328 241
497.797 104.418 60.328 234
497.800 104.418 60.328 240
497.802 104.416 60.327 231
497.805 104.415 60.327 227
497.808 104.414 60.327 233
497.810 104.413 60.327 242
497.813 104.413 60.326 232
497.815 104.412 60.326 238
497.818 104.410 60.326 235
497.820 104.410 60.326 230
497.823 104.409 60.326 231
497.826 104.408 60.325 238
497.828 104.406 60.325 236
497.830 104.407 60.325 241
497.833 104.404 60.325 244
497.835 104.404 60.325 235
497.838 104.403 60.324 240
497.841 104.402 60.324 227
497.843 104.403 60.324 234
497.845 104.402 60.324 248
497.848 104.400 60.324 230
497.851 104.400 60.324 222
497.853 104.399 60.323 234
497.856 104.398 60.323 239
497.858 104.397 60.323 236
497.861 104.397 60.323 241
497.863 104.396 60.323 241
497.866 104.395 60.323 236
497.869 104.393 60.322 246
497.871 104.393 60.322 242
497.873 104.393 60.322 242
497.877 104.390 60.322 238
497.878 104.391 60.322 230
497.881 104.389 60.321 238
497.884 104.388 60.321 236
497.886 104.387 60.321 238
497.889 104.387 60.321 241
497.891 104.385 60.320 243
497.894 104.384 60.320 237
497.896 104.384 60.320 248
497.898 104.384 60.320 242
497.901 104.382 60.320 250
497.904 104.381 60.320 251
497.906 104.380 60.319 248
497.908 104.381 60.319 248
497.911 104.380 60.319 242
497.914 104.378 60.319 238
497.916 104.377 60.319 248
497.918 104.377 60.319 240
497.921 104.375 60.318 240
497.924 104.374 60.318 246
497.926 104.375 60.318 239
497.928 104.374 60.318 245
497.931 104.373 60.318 246
497.933 104.372 60.318 247
497.936 104.371 60.317 245
497.938 104.370 60.317 235
497.940 104.371 60.317 239
497.943 104.369 60.317 234
497.946 104.368 60.317 240
497.948 104.367 60.317 240
497.950 104.367 60.317 240
497.953 104.365 60.316 228
497.956 104.364 60.316 233
497.958 104.364 60.316 242
497.960 104.364 60.316 248
497.962 104.365 60.316 221
497.958 104.392 60.319 144
497.944 104.460 60.328 119
497.942 104.478 60.330 122
497.941 104.491 60.332 122
497.942 104.497 60.333 117
497.942 104.508 60.334 116
498.102 103.839 60.247 112
496.606 110.200 61.080 107
498.100 103.868 60.250 135
496.769 109.550 60.994 142
496.922 108.914 60.911 159
496.926 108.917 60.911 170
496.930 108.920 60.911 150
496.930 108.940 60.914 159
496.935 108.937 60.913 157
496.941 108.932 60.913 162
496.945 108.932 60.912 151
496.949 108.933 60.912 138
496.953 108.938 60.913 121
496.962 108.919 60.910 87
497.976 104.521 60.335 104
497.979 104.520 60.335 105
497.982 104.518 60.334 87
497.984 104.518 60.334 82
497.996 104.505 60.332 81
497.998 104.508 60.333 104
498.001 104.506 60.332 99
498.003 104.506 60.332 93
498.009 104.507 60.332 100
498.010 104.516 60.333 110
498.011 104.522 60.334 111
498.014 104.519 60.334 151
498.016 104.520 60.334 158
498.018 104.521 60.334 157
498.019 104.527 60.334 118
498.023 104.520 60.333 132
498.026 104.519 60.333 140
498.027 104.523 60.334 85
498.029 104.526 60.334 81
498.028 104.537 60.335 87
498.027 104.557 60.338 98
498.029 104.556 60.338 97
498.032 104.552 60.337 96
498.032 104.564 60.339 104
498.032 104.577 60.340 105
498.036 104.566 60.339 91
498.039 104.565 60.339 80
498.041 104.568 60.339 83
496.148 108.937 60.935 202
496.153 108.937 60.935 201
496.158 108.936 60.935 204
496.161 108.938 60.935 204
496.167 108.936 60.934 207
496.172 108.936 60.934 207
496.176 108.938 60.934 213
496.181 108.937 60.934 201
496.187 108.935 60.934 205
496.190 108.936 60.934 201
496.195 108.938 60.934 211
496.200 108.937 60.933 205
496.204 108.937 60.933 200
496.209 108.937 60.933 177
496.213 108.938 60.933 152
497.280 105.517 60.478 125
497.284 105.514 60.477 124
497.288 105.511 60.477 123
497.289 105.518 60.478 121
497.292 105.516 60.477 120
497.296 105.513 60.477 118
497.298 105.515 60.477 119
497.301 105.515 60.477 117
497.304 105.517 60.477 119
497.305 105.521 60.477 117
497.309 105.518 60.477 115
497.312 105.516 60.476 115
497.315 105.518 60.476 119
497.316 105.525 60.477 108
497.314 105.540 60.479 83
497.519 104.871 60.390 89
496.288 108.954 60.932 110
496.297 108.940 60.930 162
496.301 108.941 60.930 192
496.305 108.941 60.930 203
496.311 108.941 60.930 197
496.315 108.942 60.930 196
496.319 108.943 60.930 194
496.324 108.945 60.930 198
496.328 108.944 60.929 197
496.332 108.945 60.929 194
496.336 108.949 60.930 184
496.340 108.953 60.930 181
496.134 109.665 61.024 155
496.123 109.718 61.031 147
497.905 103.695 60.233 178
497.899 103.722 60.237 252
497.695 104.425 60.330 254
497.682 104.492 60.338 254
497.676 104.520 60.342 253
488.353 136.768 64.606 82
488.372 136.759 64.604 105
486.410 143.631 65.512 100
486.431 143.629 65.511 97
486.457 143.621 65.509 95
486.476 143.630 65.510 92
486.496 143.635 65.509 90
486.517 143.642 65.510 95
486.537 143.651 65.510 101
486.559 143.653 65.509 105
488.731 136.093 64.510 105
488.545 136.814 64.605 82
497.733 104.495 60.337 254
497.750 104.455 60.331 252
497.744 104.484 60.335 141
497.754 104.456 60.331 127
497.761 104.438 60.329 140
497.766 104.430 60.328 216
497.768 104.429 60.328 249
497.771 104.428 60.327 251
497.774 104.427 60.327 246
497.777 104.425 60.327 244
497.779 104.424 60.327 239
497.782 104.423 60.326 235
497.784 104.423 60.326 237
497.787 104.421 60.326 232
497.790 104.421 60.326 236
497.792 104.420 60.326 247
497.795 104.420 60.326 249
497.797 104.418 60.325 240
497.800 104.418 60.325 233
497.802 104.416 60.325 238
497.805 104.415 60.325 239
497.807 104.415 60.325 243
497.810 104.413 60.324 241
497.813 104.412 60.324 239
497.815 104.411 60.324 235
497.818 104.410 60.324 233
497.821 104.409 60.323 228
497.823 104.410 60.324 233
497.825 104.409 60.323 231
497.828 104.407 60.323 237
497.831 104.407 60.323 237
497.833 104.405 60.323 230
497.835 104.405 60.323 239
497.838 104.403 60.322 245
497.841 104.402 60.322 241
497.843 104.403 60.322 241
497.845 104.402 60.322 243
497.848 104.401 60.322 236
497.851 104.400 60.321 234
497.853 104.400 60.321 231
497.856 104.399 60.321 237
497.858 104.398 60.321 231
497.861 104.397 60.321 239
497.863 104.396 60.320 234
497.866 104.395 60.320 241
497.868 104.394 60.320 234
497.871 104.393 60.320 243
497.873 104.392 60.320 246
497.876 104.391 60.319 244
497.879 104.390 60.319 248
497.881 104.388 60.319 233
497.883 104.389 60.319 239
497.886 104.387 60.319 232
497.889 104.386 60.318 243
497.891 104.386 60.318 244
497.894 104.383 60.318 243
497.896 104.384 60.318 247
497.899 104.383 60.318 243
497.901 104.383 60.318 248
497.903 104.382 60.318 249
497.906 104.381 60.317 249
497.909 104.380 60.317 249
497.911 104.379 60.317 244
497.914 104.378 60.317 247
497.916 104.377 60.317 247
497.918 104.377 60.316 239
497.921 104.377 60.316 241
497.923 104.376 60.316 237
497.926 104.375 60.316 234
497.929 104.373 60.316 239
497.931 104.372 60.315 228
497.933 104.372 60.315 242
497.936 104.372 60.315 233
497.938 104.371 60.315 231
497.941 104.369 60.315 243
497.943 104.370 60.315 238
497.946 104.368 60.315 238
497.948 104.368 60.314 245
497.951 104.366 60.314 245
497.953 104.366 60.314 228
497.956 104.364 60.314 240
497.958 104.363 60.314 245
497.961 104.361 60.313 243
497.963 104.364 60.313 217
497.959 104.389 60.317 143
497.944 104.460 60.326 122
497.941 104.485 60.329 117
497.939 104.503 60.331 118
497.937 104.520 60.334 115
496.752 109.541 60.989 113
496.905 108.912 60.907 144
496.909 108.913 60.907 153
496.914 108.911 60.906 158
496.918 108.914 60.907 170
496.921 108.917 60.907 180
496.926 108.918 60.907 186
496.929 108.922 60.907 153
496.929 108.942 60.910 167
496.933 108.943 60.910 186
496.940 108.935 60.908 158
496.944 108.935 60.908 147
496.949 108.935 60.908 130
496.954 108.932 60.908 116
497.977 104.519 60.332 103
497.979 104.518 60.332 104
497.983 104.511 60.331 89
497.983 104.523 60.333 82
497.995 104.509 60.330 81
497.998 104.508 60.330 104
498.000 104.507 60.330 101
498.003 104.506 60.330 92
498.008 104.515 60.331 98
498.009 104.520 60.331 108
498.012 104.519 60.331 110
498.014 104.518 60.331 148
498.016 104.520 60.331 155
498.018 104.520 60.331 153
498.020 104.522 60.331 116
498.023 104.522 60.331 128
498.026 104.520 60.331 139
498.026 104.528 60.332 85
498.024 104.548 60.334 84
498.027 104.547 60.334 97
498.025 104.563 60.336 122
498.027 104.565 60.337 145
498.028 104.571 60.337 138
498.030 104.575 60.338 165
498.032 104.575 60.338 144
498.036 104.568 60.337 100
498.039 104.566 60.336 82
498.041 104.566 60.336 81
496.148 108.936 60.931 211
496.153 108.936 60.930 203
496.157 108.937 60.930 207
496.162 108.936 60.930 204
496.167 108.937 60.930 206
496.172 108.935 60.929 207
496.176 108.937 60.930 204
496.181 108.937 60.929 198
496.185 108.939 60.929 203
496.189 108.939 60.929 206
496.195 108.938 60.929 204
496.200 108.938 60.929 206
496.204 108.938 60.929 205
496.209 108.938 60.928 182
496.213 108.939 60.928 153
497.280 105.518 60.475 125
497.284 105.514 60.474 123
497.287 105.513 60.474 126
497.289 105.517 60.475 118
497.292 105.517 60.474 116
497.295 105.516 60.474 123
497.297 105.519 60.474 119
497.302 105.510 60.473 117
497.303 105.518 60.474 116
497.307 105.516 60.474 120
497.309 105.518 60.474 116
497.313 105.515 60.473 118
497.316 105.516 60.473 121
497.316 105.523 60.474 109
497.515 104.878 60.389 82
497.521 104.867 60.387 88
496.287 108.959 60.928 110
496.297 108.941 60.926 162
496.301 108.941 60.925 190
496.306 108.940 60.925 200
496.310 108.942 60.925 200
496.316 108.941 60.925 198
496.320 108.942 60.925 194
496.324 108.944 60.925 197
496.328 108.944 60.925 193
496.332 108.945 60.925 194
496.337 108.947 60.925 187
496.340 108.951 60.925 178
496.138 109.652 61.018 161
496.128 109.700 61.024 147
497.906 103.691 60.231 178
497.900 103.721 60.235 252
497.694 104.427 60.328 254
497.686 104.477 60.334 254
497.685 104.489 60.336 254
497.673 104.539 60.342 252
488.370 136.765 64.587 98
488.588 136.082 64.496 106
488.607 136.074 64.494 103
488.430 136.760 64.584 102
488.445 136.767 64.584 98
488.462 136.775 64.585 98
488.481 136.773 64.584 103
488.499 136.777 64.583 104
488.713 136.092 64.493 106
488.728 136.103 64.493 101
497.713 104.558 60.343 174
497.749 104.458 60.330 251
497.741 104.494 60.334 136
497.753 104.461 60.330 123
497.760 104.442 60.327 139
497.766 104.430 60.326 216
497.769 104.429 60.325 251
497.771 104.428 60.325 251
497.774 104.427 60.325 249
497.776 104.426 60.325 247
497.779 104.426 60.325 241
497.782 104.425 60.324 235
497.784 104.423 60.324 240
497.787 104.422 60.324 237
497.790 104.420 60.324 240
497.792 104.420 60.323 243
497.795 104.419 60.323 243
497.797 104.418 60.323 247
497.799 104.418 60.323 238
497.802 104.417 60.323 241
497.805 104.415 60.322 234
497.807 104.415 60.322 233
497.810 104.413 60.322 227
497.813 104.412 60.322 239
497.815 104.412 60.322 236
497.818 104.412 60.322 230
497.821 104.409 60.321 229
497.823 104.409 60.321 238
497.826 104.409 60.321 231
497.828 104.407 60.321 235
497.831 104.406 60.321 241
497.833 104.406 60.320 234
497.835 104.405 60.320 248
497.838 104.404 60.320 244
497.841 104.403 60.320 241
497.843 104.403 60.320 244
497.846 104.401 60.319 236
497.848 104.400 60.319 238
497.851 104.400 60.319 233
497.853 104.399 60.319 234
497.856 104.398 60.319 239
497.859 104.396 60.318 235
497.861 104.396 60.318 238
497.863 104.396 60.318 243
497.866 104.396 60.318 233
497.869 104.393 60.318 232
497.871 104.393 60.318 236
497.873 104.394 60.318 239
497.876 104.391 60.317 241
497.878 104.391 60.317 242
497.881 104.390 60.317 241
497.883 104.389 60.317 241
497.886 104.388 60.316 241
497.888 104.387 60.316 245
497.891 104.387 60.316 238
497.894 104.384 60.316 246
497.896 104.385 60.316 247
497.898 104.384 60.316 250
497.901 104.383 60.315 248
497.904 104.381 60.315 247
497.906 104.381 60.315 242
497.909 104.379 60.315 244
497.912 104.377 60.314 247
497.914 104.378 60.314 249
497.916 104.377 60.314 249
497.918 104.377 60.314 247
497.921 104.375 60.314 236
497.923 104.376 60.314 246
497.926 104.374 60.314 239
497.928 104.374 60.314 236
497.931 104.372 60.313 241
497.934 104.372 60.313 250
497.936 104.371 60.313 238
497.938 104.370 60.313 246
497.941 104.369 60.313 241
497.944 104.368 60.312 246
497.945 104.369 60.312 245
497.948 104.368 60.312 244
497.950 104.367 60.312 250
497.953 104.365 60.312 248
497.956 104.364 60.311 241
497.958 104.363 60.311 240
497.961 104.362 60.311 248
497.963 104.364 60.311 214
497.959 104.389 60.314 142
497.945 104.458 60.323 122
497.939 104.493 60.328 118
497.937 104.510 60.330 124
498.246 103.217 60.162 111
496.900 108.913 60.902 143
496.904 108.916 60.903 152
496.908 108.916 60.903 160
496.912 108.917 60.903 165
496.917 108.916 60.902 174
496.922 108.915 60.902 180
496.926 108.917 60.902 175
496.929 108.921 60.903 151
496.929 108.942 60.905 156
496.933 108.944 60.905 159
496.940 108.935 60.904 142
496.947 108.922 60.902 117
496.653 110.220 61.071 86
497.977 104.519 60.330 103
497.979 104.521 60.330 105
497.982 104.515 60.329 89
497.985 104.514 60.329 81
497.994 104.513 60.329 80
497.998 104.508 60.328 105
498.000 104.510 60.328 100
498.002 104.509 60.328 88
498.005 104.526 60.330 99
498.009 104.521 60.329 108
498.013 104.514 60.328 110
498.014 104.518 60.329 150
498.016 104.519 60.329 159
498.018 104.521 60.329 152
498.021 104.517 60.328 115
498.023 104.519 60.329 125
498.025 104.521 60.329 137
498.024 104.535 60.331 84
498.026 104.537 60.331 84
498.027 104.542 60.331 90
498.026 104.559 60.333 113
498.027 104.566 60.334 141
498.029 104.570 60.335 143
498.030 104.576 60.336 147
498.029 104.588 60.337 138
498.037 104.563 60.334 107
496.148 108.937 60.926 211
496.152 108.938 60.926 209
496.158 108.936 60.926 205
496.162 108.937 60.926 208
496.166 108.938 60.926 202
496.171 108.937 60.925 205
496.176 108.937 60.925 204
496.181 108.937 60.925 207
496.186 108.936 60.925 202
496.190 108.937 60.925 201
496.195 108.938 60.924 204
496.199 108.938 60.924 213
496.204 108.938 60.924 199
496.209 108.936 60.924 181
496.214 108.938 60.924 153
497.279 105.519 60.472 127
497.283 105.515 60.472 122
497.286 105.515 60.472 123
497.289 105.515 60.471 122
497.292 105.518 60.472 117
497.295 105.517 60.471 118
497.298 105.516 60.471 120
497.301 105.515 60.471 118
497.303 105.518 60.471 116
497.307 105.515 60.471 118
497.309 105.518 60.471 117
497.313 105.515 60.471 116
497.314 105.522 60.471 118
497.315 105.525 60.472 108
497.516 104.875 60.386 81
497.517 104.880 60.386 86
496.288 108.954 60.923 109
496.298 108.939 60.921 160
496.301 108.941 60.921 194
496.306 108.941 60.921 205
496.310 108.941 60.921 199
496.315 108.943 60.921 196
496.320 108.942 60.920 197
496.324 108.943 60.920 192
496.328 108.944 60.920 192
496.333 108.944 60.920 192
496.337 108.946 60.920 183
496.341 108.949 60.920 181
496.343 108.957 60.921 167
496.136 109.672 61.015 152
498.120 102.968 60.134 153
497.906 103.700 60.230 190
497.695 104.423 60.325 253
497.696 104.429 60.326 254
497.690 104.472 60.331 254
497.686 104.497 60.334 254
488.586 136.087 64.478 98
488.604 136.086 64.478 104
488.625 136.082 64.477 101
488.641 136.085 64.476 99
488.659 136.085 64.476 101
488.678 136.087 64.475 104
488.695 136.092 64.475 104
488.710 136.104 64.476 97
497.729 104.504 60.334 254
497.748 104.452 60.327 254
497.747 104.465 60.328 197
497.739 104.503 60.333 131
497.752 104.464 60.328 121
497.761 104.441 60.325 136
497.766 104.430 60.323 209
497.769 104.428 60.323 250
497.771 104.428 60.323 246
497.774 104.427 60.323 248
497.776 104.426 60.322 244
497.779 104.425 60.322 249
497.782 104.424 60.322 248
497.785 104.422 60.322 242
497.787 104.421 60.321 242
497.790 104.422 60.321 242
497.792 104.420 60.321 240
497.794 104.421 60.321 240
497.797 104.417 60.321 238
497.800 104.416 60.320 242
497.802 104.417 60.320 246
497.805 104.416 60.320 237
497.807 104.415 60.320 240
497.810 104.413 60.320 237
497.812 104.414 60.320 240
497.815 104.412 60.319 249
497.818 104.411 60.319 248
497.820 104.410 60.319 235
497.823 104.410 60.319 243
497.825 104.409 60.319 239
497.828 104.409 60.319 243
497.831 104.406 60.318 243
497.833 104.406 60.318 235
497.835 104.405 60.318 241
497.838 104.404 60.318 241
497.841 104.403 60.318 238
497.843 104.403 60.317 239
497.845 104.402 60.317 237
497.848 104.401 60.317 239
497.851 104.400 60.317 240
497.853 104.400 60.317 240
497.856 104.398 60.316 249
497.858 104.399 60.316 246
497.861 104.397 60.316 240
497.863 104.395 60.316 248
497.866 104.396 60.316 240
497.868 104.394 60.315 248
497.871 104.393 60.315 246
497.874 104.392 60.315 241
497.876 104.392 60.315 239
497.878 104.392 60.315 249
497.881 104.391 60.315 249
497.883 104.390 60.315 247
497.886 104.390 60.314 247
497.889 104.387 60.314 242
497.891 104.387 60.314 237
497.893 104.386 60.314 247
497.896 104.384 60.313 251
497.898 104.384 60.313 251
497.901 104.383 60.313 250
497.903 104.383 60.313 241
497.906 104.380 60.313 244
497.908 104.381 60.313 243
497.911 104.378 60.312 241
497.914 104.378 60.312 238
497.916 104.378 60.312 240
497.919 104.376 60.312 240
497.921 104.377 60.312 237
497.924 104.374 60.311 248
497.926 104.375 60.311 249
497.928 104.374 60.311 248
497.931 104.374 60.311 240
497.934 104.371 60.311 247
497.936 104.372 60.311 240
497.938 104.370 60.310 239
497.941 104.370 60.310 244
497.944 104.368 60.310 237
497.946 104.369 60.310 249
497.948 104.366 60.310 243
497.951 104.366 60.310 245
497.953 104.365 60.309 241
497.956 104.364 60.309 241
497.958 104.364 60.309 241
497.961 104.362 60.309 236
497.963 104.363 60.309 210
497.959 104.389 60.312 143
497.943 104.465 60.322 120
497.935 104.509 60.328 121
497.931 104.537 60.331 125
496.587 110.215 61.067 117
496.901 108.909 60.897 144
496.905 108.909 60.897 147
496.909 108.911 60.897 152
496.913 108.915 60.898 155
496.917 108.916 60.898 157
496.922 108.913 60.897 149
496.928 108.909 60.897 140
496.933 108.907 60.896 123
496.937 108.911 60.897 113
496.788 109.568 60.981 99
498.106 103.902 60.248 83
497.959 104.547 60.332 90
497.962 104.541 60.331 92
497.965 104.539 60.330 94
497.979 104.507 60.326 102
497.978 104.523 60.328 106
497.978 104.534 60.329 90
497.983 104.523 60.328 85
497.997 104.503 60.325 86
497.997 104.510 60.326 105
497.999 104.515 60.326 102
498.002 104.511 60.326 88
498.007 104.520 60.327 94
498.009 104.519 60.327 107
498.012 104.517 60.326 110
498.014 104.522 60.327 149
498.017 104.518 60.326 155
498.018 104.521 60.327 150
498.020 104.523 60.327 114
498.023 104.520 60.326 126
498.025 104.521 60.327 137
498.026 104.525 60.327 87
498.026 104.538 60.329 84
498.029 104.536 60.328 89
498.026 104.558 60.331 96
498.027 104.565 60.332 98
498.029 104.567 60.332 100
498.030 104.573 60.333 100
498.032 104.575 60.333 96
498.036 104.566 60.332 84
496.148 108.937 60.921 207
496.153 108.937 60.921 211
496.157 108.937 60.921 211
496.162 108.936 60.921 203
496.166 108.937 60.921 198
496.172 108.937 60.921 210
496.176 108.937 60.920 215
496.181 108.938 60.920 204
496.186 108.937 60.920 205
496.190 108.937 60.920 208
496.195 108.938 60.920 208
496.200 108.937 60.920 207
496.204 108.937 60.919 200
496.209 108.937 60.919 182
496.213 108.938 60.919 151
497.279 105.520 60.470 128
497.284 105.512 60.468 120
497.287 105.511 60.468 121
497.291 105.511 60.468 123
497.294 105.511 60.468 116
497.295 105.517 60.469 118
497.298 105.515 60.468 125
497.299 105.520 60.469 119
497.305 105.514 60.468 116
497.307 105.516 60.468 117
497.309 105.516 60.468 118
497.312 105.517 60.468 115
497.315 105.517 60.468 117
497.317 105.520 60.468 109
497.309 105.556 60.473 83
497.519 104.872 60.383 84
496.290 108.947 60.917 109
496.297 108.940 60.916 159
496.301 108.940 60.916 201
496.305 108.941 60.916 213
496.310 108.942 60.916 203
496.315 108.942 60.916 197
496.320 108.942 60.916 197
496.324 108.943 60.916 193
496.329 108.943 60.916 193
496.333 108.943 60.915 194
496.337 108.944 60.915 189
496.342 108.946 60.915 186
496.345 108.950 60.916 176
496.144 109.648 61.007 160
496.132 109.705 61.014 146
498.119 102.977 60.133 152
497.901 103.723 60.231 252
497.900 103.734 60.232 252
497.697 104.432 60.324 254
497.681 104.519 60.335 252
488.634 136.110 64.461 82
488.653 136.109 64.461 80
497.715 104.545 60.337 218
497.749 104.449 60.324 253
497.742 104.482 60.328 146
497.737 104.510 60.332 125
497.751 104.466 60.326 117
497.761 104.440 60.322 134
497.766 104.430 60.321 208
497.768 104.430 60.321 249
497.771 104.428 60.320 250
497.774 104.427 60.320 248
497.776 104.426 60.320 247
497.779 104.426 60.320 248
497.782 104.424 60.320 246
497.784 104.423 60.319 241
497.787 104.423 60.319 242
497.789 104.422 60.319 249
497.792 104.420 60.319 247
497.795 104.419 60.319 248
497.797 104.419 60.319 244
497.800 104.417 60.318 248
497.802 104.417 60.318 250
497.805 104.415 60.318 250
497.807 104.415 60.318 251
497.810 104.414 60.318 249
497.812 104.414 60.317 240
497.815 104.411 60.317 239
497.818 104.411 60.317 246
497.820 104.411 60.317 246
497.823 104.409 60.316 245
497.825 104.409 60.316 250
497.828 104.408 60.316 244
497.830 104.407 60.316 241
497.833 104.405 60.316 235
497.835 104.405 60.316 238
497.838 104.404 60.315 241
497.841 104.403 60.315 244
497.843 104.403 60.315 244
497.845 104.404 60.315 244
497.848 104.402 60.315 250
497.850 104.401 60.315 245
497.853 104.401 60.315 245
497.856 104.398 60.314 247
497.858 104.398 60.314 248
497.861 104.397 60.314 235
497.863 104.396 60.314 242
497.866 104.396 60.314 237
497.868 104.395 60.313 229
497.871 104.395 60.313 226
497.873 104.394 60.313 226
497.876 104.393 60.313 217
497.878 104.394 60.313 212
497.880 104.392 60.313 210
497.883 104.392 60.313 203
497.885 104.391 60.312 208
497.888 104.391 60.312 196
497.890 104.390 60.312 193
497.893 104.388 60.312 202
497.896 104.386 60.311 238
497.898 104.385 60.311 252
497.901 104.383 60.311 252
497.903 104.383 60.311 245
497.906 104.381 60.310 237
497.909 104.380 60.310 248
497.911 104.380 60.310 238
497.914 104.378 60.310 244
497.916 104.378 60.310 250
497.919 104.375 60.309 240
497.921 104.376 60.309 240
497.924 104.375 60.309 246
497.926 104.374 60.309 249
497.929 104.373 60.309 238
497.931 104.373 60.309 245
497.933 104.372 60.309 238
497.936 104.371 60.308 237
497.938 104.371 60.308 248
497.941 104.370 60.308 250
497.943 104.369 60.308 243
497.946 104.369 60.308 245
497.948 104.368 60.308 241
497.951 104.366 60.307 246
497.953 104.367 60.307 245
497.956 104.364 60.307 242
497.958 104.363 60.307 237
497.960 104.363 60.307 235
497.963 104.363 60.307 214
497.960 104.386 60.309 144
497.943 104.466 60.320 119
497.933 104.519 60.326 115
497.933 104.525 60.327 137
497.936 104.522 60.327 143
497.933 104.545 60.330 142
497.938 104.536 60.329 142
498.100 103.857 60.241 131
498.250 103.229 60.160 113
496.608 110.233 61.063 107
496.622 110.197 61.058 96
498.104 103.874 60.243 90
497.956 104.550 60.330 80
497.978 104.515 60.325 105
497.978 104.523 60.326 107
497.980 104.524 60.326 88
497.986 104.509 60.324 85
497.997 104.503 60.323 82
497.997 104.511 60.324 104
498.000 104.510 60.324 102
498.001 104.513 60.324 91
498.008 104.516 60.324 96
498.010 104.516 60.324 108
498.012 104.518 60.324 109
498.014 104.521 60.324 147
498.016 104.522 60.325 153
498.018 104.522 60.324 150
498.021 104.519 60.324 114
498.023 104.522 60.324 127
498.026 104.519 60.324 136
498.027 104.522 60.324 83
498.025 104.543 60.327 83
498.023 104.563 60.329 93
498.017 104.602 60.334 114
498.018 104.609 60.335 129
498.020 104.608 60.335 134
498.023 104.607 60.335 131
498.027 104.599 60.334 119
498.037 104.564 60.329 95
498.039 104.564 60.329 81
498.040 104.581 60.331 81
496.148 108.938 60.917 215
496.153 108.937 60.917 207
496.158 108.936 60.916 205
496.162 108.937 60.916 200
496.166 108.937 60.916 209
496.172 108.937 60.916 205
496.176 108.937 60.916 205
496.181 108.937 60.916 201
496.186 108.937 60.915 200
496.190 108.937 60.915 197
496.194 108.939 60.915 201
496.200 108.937 60.915 205
496.205 108.937 60.915 206
496.209 108.937 60.915 181
496.214 108.938 60.915 151
497.279 105.520 60.467 126
497.284 105.514 60.466 123
497.286 105.515 60.466 119
497.289 105.517 60.466 119
497.293 105.514 60.465 116
497.295 105.516 60.466 118
497.298 105.517 60.466 119
497.300 105.519 60.466 117
497.304 105.516 60.465 117
497.307 105.514 60.465 114
497.309 105.517 60.465 119
497.312 105.517 60.465 121
497.315 105.519 60.465 117
497.316 105.525 60.466 108
497.313 105.544 60.468 85
497.521 104.865 60.379 88
496.287 108.956 60.914 109
496.297 108.941 60.912 159
496.301 108.940 60.912 190
496.306 108.939 60.911 196
496.310 108.942 60.911 195
496.316 108.940 60.911 194
496.320 108.942 60.911 195
496.324 108.942 60.911 195
496.329 108.942 60.911 196
496.333 108.945 60.911 194
496.337 108.945 60.911 190
496.342 108.946 60.911 189
496.346 108.949 60.911 185
496.349 108.951 60.911 171
496.146 109.655 61.003 157
496.134 109.716 61.011 143
498.123 102.967 60.130 146
498.114 103.003 60.135 152
497.901 103.735 60.230 252
497.700 104.432 60.321 254
497.694 104.475 60.327 254
497.679 104.537 60.334 164
497.712 104.545 60.334 157
497.729 104.494 60.328 254
497.750 104.447 60.321 251
497.737 104.501 60.328 133
497.734 104.521 60.331 122
497.750 104.470 60.324 114
497.760 104.442 60.320 130
497.766 104.430 60.319 203
497.768 104.430 60.318 250
497.771 104.428 60.318 250
497.774 104.428 60.318 243
497.776 104.426 60.318 250
497.779 104.425 60.318 248
497.782 104.423 60.317 246
497.784 104.423 60.317 246
497.787 104.422 60.317 248
497.789 104.422 60.317 250
497.792 104.421 60.317 245
497.795 104.420 60.316 246
497.797 104.418 60.316 249
497.800 104.418 60.316 243
497.802 104.417 60.316 249
497.805 104.416 60.316 251
497.807 104.416 60.316 251
497.810 104.415 60.315 237
497.813 104.413 60.315 243
497.815 104.412 60.315 245
497.818 104.412 60.315 247
497.820 104.411 60.314 248
497.823 104.410 60.314 235
497.825 104.409 60.314 242
497.828 104.408 60.314 238
497.830 104.407 60.314 236
497.833 104.405 60.313 235
497.835 104.405 60.313 250
497.838 104.405 60.313 243
497.840 104.404 60.313 237
497.843 104.404 60.313 249
497.845 104.402 60.313 242
497.848 104.402 60.313 249
497.850 104.402 60.312 204
497.852 104.403 60.313 199
497.855 104.400 60.312 195
497.857 104.402 60.312 189
497.860 104.401 60.312 189
497.862 104.402 60.312 186
497.865 104.399 60.312 185
497.867 104.398 60.311 184
497.870 104.397 60.311 184
497.872 104.398 60.311 183
497.875 104.397 60.311 181
497.877 104.397 60.311 181
497.880 104.395 60.311 180
497.882 104.393 60.310 184
497.885 104.393 60.310 184
497.887 104.393 60.310 185
497.890 104.391 60.310 189
497.893 104.388 60.310 203
497.895 104.387 60.309 238
497.898 104.386 60.309 252
497.901 104.384 60.309 252
497.903 104.382 60.308 251
497.906 104.382 60.308 250
497.909 104.381 60.308 249
497.911 104.380 60.308 243
497.914 104.378 60.308 238
497.916 104.377 60.307 239
497.919 104.376 60.307 246
497.921 104.376 60.307 240
497.924 104.375 60.307 246
497.926 104.374 60.307 240
497.929 104.373 60.307 237
497.931 104.373 60.306 236
497.934 104.372 60.306 239
497.936 104.372 60.306 231
497.938 104.370 60.306 237
497.941 104.370 60.306 241
497.943 104.369 60.306 249
497.946 104.368 60.305 248
497.948 104.367 60.305 245
497.951 104.366 60.305 241
497.953 104.365 60.305 242
497.956 104.364 60.305 235
497.958 104.363 60.304 239
497.961 104.363 60.304 232
497.963 104.364 60.304 217
497.959 104.387 60.307 145
497.943 104.466 60.317 124
497.937 104.502 60.322 143
497.938 104.505 60.322 158
497.939 104.511 60.323 163
497.942 104.510 60.323 176
497.943 104.513 60.323 180
497.945 104.516 60.323 152
497.946 104.521 60.324 116
497.947 104.529 60.325 105
497.946 104.540 60.326 87
496.937 108.908 60.887 86
496.940 108.914 60.888 92
496.943 108.921 60.889 105
496.946 108.930 60.890 111
496.948 108.937 60.890 113
496.952 108.940 60.891 117
496.962 108.920 60.888 86
497.977 104.518 60.323 104
497.979 104.521 60.323 106
497.982 104.517 60.323 94
497.983 104.524 60.323 89
497.996 104.507 60.321 89
497.998 104.508 60.321 105
498.000 104.510 60.321 103
498.002 104.510 60.321 89
498.006 104.521 60.322 97
498.011 104.512 60.321 108
498.011 104.519 60.322 110
498.014 104.520 60.322 149
498.016 104.521 60.322 156
498.018 104.521 60.322 153
498.020 104.523 60.322 116
498.023 104.520 60.322 128
498.026 104.517 60.321 135
498.027 104.521 60.322 82
498.026 104.548 60.325 85
498.022 104.580 60.329 104
498.019 104.601 60.332 114
498.020 104.608 60.333 126
498.023 104.605 60.332 135
498.026 104.604 60.332 137
498.035 104.571 60.328 110
498.041 104.576 60.328 83
496.148 108.937 60.912 197
496.153 108.936 60.912 205
496.157 108.938 60.912 208
496.162 108.938 60.912 213
496.166 108.937 60.912 207
496.171 108.938 60.912 208
496.176 108.937 60.911 206
496.181 108.937 60.911 203
496.186 108.938 60.911 197
496.190 108.936 60.911 202
496.195 108.938 60.911 197
496.199 108.938 60.910 200
496.204 108.938 60.910 198
496.209 108.937 60.910 185
496.213 108.940 60.910 153
497.279 105.520 60.464 127
497.284 105.515 60.463 123
497.286 105.515 60.463 123
497.290 105.514 60.463 120
497.291 105.519 60.463 117
497.294 105.518 60.463 118
497.299 105.514 60.462 120
497.301 105.515 60.462 116
497.303 105.517 60.463 118
497.306 105.519 60.463 113
497.308 105.520 60.463 116
497.312 105.519 60.462 116
497.315 105.519 60.462 116
497.314 105.529 60.463 109
497.521 104.857 60.376 83
497.519 104.873 60.378 86
496.288 108.954 60.909 109
496.297 108.940 60.907 158
496.301 108.940 60.907 188
496.306 108.940 60.907 197
496.311 108.940 60.907 198
496.316 108.941 60.907 197
496.320 108.941 60.906 204
496.325 108.941 60.906 199
496.329 108.943 60.906 201
496.333 108.942 60.906 200
496.338 108.942 60.906 192
496.343 108.943 60.906 192
496.348 108.943 60.906 189
496.350 108.948 60.906 182
496.354 108.950 60.906 173
496.152 109.652 60.997 155
496.153 109.667 60.999 152
496.150 109.692 61.002 142
497.910 103.706 60.225 158
497.701 104.427 60.318 253
497.702 104.433 60.319 254
497.693 104.489 60.326 254
497.679 104.545 60.333 121
497.709 104.549 60.333 141
497.726 104.499 60.326 254
497.746 104.451 60.319 254
497.747 104.456 60.320 158
497.732 104.519 60.328 124
497.731 104.530 60.329 117
497.750 104.472 60.322 111
497.761 104.439 60.317 128
497.766 104.431 60.316 204
497.768 104.429 60.316 251
497.771 104.430 60.316 251
497.774 104.427 60.316 250
497.776 104.427 60.316 249
497.779 104.425 60.315 248
497.782 104.425 60.315 250
497.784 104.423 60.315 247
497.787 104.422 60.315 250
497.789 104.422 60.315 251
497.792 104.421 60.314 250
497.794 104.420 60.314 250
497.797 104.418 60.314 232
497.800 104.418 60.314 242
497.802 104.417 60.314 243
497.804 104.418 60.314 244
497.807 104.416 60.313 251
497.810 104.414 60.313 247
497.813 104.413 60.313 239
497.815 104.413 60.313 236
497.818 104.411 60.312 243
497.821 104.409 60.312 231
497.822 104.411 60.312 248
497.826 104.408 60.312 237
497.828 104.407 60.312 232
497.831 104.407 60.311 235
497.833 104.407 60.311 242
497.835 104.406 60.311 251
497.838 104.405 60.311 246
497.841 104.404 60.311 247
497.843 104.404 60.311 248
497.845 104.403 60.310 246
497.848 104.402 60.310 221
497.850 104.404 60.311 174
497.852 104.404 60.310 184
497.854 104.406 60.311 187
497.856 104.405 60.310 187
497.859 104.403 60.310 185
497.862 104.401 60.310 186
497.864 104.403 60.310 186
497.867 104.400 60.309 186
497.869 104.400 60.309 186
497.872 104.399 60.309 185
497.874 104.399 60.309 184
497.876 104.400 60.309 187
497.879 104.397 60.309 186
497.881 104.398 60.309 187
497.884 104.396 60.308 187
497.887 104.393 60.308 188
497.889 104.393 60.308 191
497.892 104.391 60.308 206
497.895 104.390 60.307 243
497.898 104.387 60.307 252
497.901 104.385 60.307 251
497.904 104.382 60.306 249
497.906 104.382 60.306 250
497.909 104.379 60.306 249
497.911 104.379 60.306 249
497.914 104.378 60.305 243
497.916 104.378 60.305 247
497.918 104.378 60.305 241
497.921 104.376 60.305 239
497.924 104.375 60.305 250
497.925 104.377 60.305 250
497.928 104.374 60.304 248
497.931 104.373 60.304 240
497.934 104.372 60.304 238
497.936 104.372 60.304 232
497.938 104.370 60.304 244
497.941 104.370 60.304 245
497.943 104.370 60.303 244
497.946 104.368 60.303 246
497.948 104.367 60.303 244
497.950 104.367 60.303 236
497.953 104.366 60.303 248
497.956 104.364 60.302 245
497.958 104.364 60.302 239
497.961 104.363 60.302 233
497.963 104.362 60.302 221
497.960 104.384 60.305 147
497.943 104.466 60.315 123
497.937 104.500 60.319 142
497.938 104.504 60.320 155
497.939 104.510 60.321 157
497.941 104.511 60.321 157
497.943 104.513 60.321 156
497.945 104.517 60.321 146
497.942 104.539 60.324 102
496.773 109.531 60.963 81
496.929 108.921 60.885 114
496.929 108.943 60.887 147
496.933 108.945 60.887 157
496.939 108.938 60.886 153
496.944 108.936 60.886 148
496.947 108.943 60.887 145
496.951 108.944 60.887 143
496.960 108.927 60.884 103
497.978 104.515 60.320 101
497.981 104.512 60.320 106
497.981 104.522 60.321 94
497.984 104.520 60.321 87
497.997 104.500 60.318 91
497.997 104.510 60.319 106
498.000 104.508 60.319 102
498.003 104.505 60.318 90
498.007 104.517 60.320 97
498.009 104.519 60.320 107
498.012 104.517 60.319 109
498.013 104.522 60.320 149
498.016 104.519 60.320 157
498.018 104.522 60.320 154
498.020 104.524 60.320 117
498.024 104.518 60.319 127
498.026 104.518 60.319 134
498.026 104.527 60.320 84
498.027 104.536 60.321 81
498.022 104.566 60.325 89
498.018 104.596 60.329 109
498.022 104.587 60.328 107
498.026 104.582 60.327 100
498.028 104.583 60.327 96
498.031 104.579 60.327 99
498.037 104.564 60.324 88
496.148 108.937 60.908 211
496.153 108.937 60.907 205
496.158 108.936 60.907 201
496.162 108.936 60.907 204
496.167 108.937 60.907 208
496.172 108.936 60.907 206
496.176 108.938 60.907 211
496.181 108.936 60.906 196
496.186 108.936 60.906 196
496.189 108.938 60.906 204
496.195 108.937 60.906 202
496.199 108.938 60.906 201
496.204 108.937 60.906 200
496.208 108.940 60.906 188
496.214 108.937 60.905 152
497.280 105.517 60.460 126
497.284 105.514 60.460 122
497.286 105.516 60.460 124
497.290 105.514 60.460 120
497.292 105.516 60.460 119
497.295 105.514 60.460 117
497.299 105.513 60.459 116
497.301 105.516 60.460 118
497.303 105.518 60.460 120
497.307 105.515 60.459 117
497.310 105.515 60.459 118
497.312 105.517 60.459 116
497.314 105.523 60.460 117
497.316 105.522 60.460 108
497.314 105.541 60.462 84
497.521 104.865 60.374 83
496.289 108.951 60.904 108
496.298 108.939 60.902 159
496.301 108.940 60.902 186
496.306 108.940 60.902 204
496.311 108.939 60.902 198
496.316 108.939 60.902 203
496.320 108.939 60.902 196
496.325 108.940 60.902 190
496.329 108.940 60.901 194
496.334 108.941 60.901 199
496.339 108.939 60.901 204
496.344 108.939 60.901 196
496.349 108.939 60.901 193
496.352 108.942 60.901 190
496.356 108.945 60.901 186
496.360 108.946 60.901 180
496.363 108.953 60.902 170
496.164 109.647 60.991 154
498.151 102.882 60.116 135
497.906 103.727 60.225 214
497.702 104.431 60.316 253
497.691 104.501 60.325 253
497.682 104.542 60.330 123
497.707 104.549 60.330 120
497.723 104.499 60.324 254
497.745 104.447 60.317 254
497.746 104.449 60.317 252
497.740 104.481 60.321 126
497.726 104.540 60.328 120
497.725 104.551 60.330 117
497.751 104.469 60.319 109
497.760 104.441 60.316 126
497.766 104.431 60.314 192
497.769 104.429 60.314 251
497.771 104.429 60.314 247
497.774 104.428 60.313 249
497.776 104.426 60.313 243
497.779 104.425 60.313 248
497.781 104.427 60.313 227
497.784 104.424 60.313 224
497.787 104.423 60.313 219
497.789 104.422 60.312 220
497.791 104.422 60.312 216
497.794 104.420 60.312 209
497.796 104.422 60.312 184
497.799 104.421 60.312 186
497.801 104.420 60.312 186
497.804 104.420 60.312 201
497.807 104.417 60.311 243
497.810 104.415 60.311 252
497.813 104.413 60.310 247
497.815 104.413 60.310 241
497.818 104.412 60.310 240
497.820 104.411 60.310 244
497.823 104.410 60.310 245
497.825 104.410 60.310 238
497.828 104.408 60.309 239
497.830 104.407 60.309 237
497.833 104.407 60.309 237
497.835 104.405 60.309 249
497.838 104.404 60.309 247
497.841 104.403 60.308 240
497.843 104.402 60.308 244
497.845 104.403 60.308 239
497.848 104.403 60.308 216
497.849 104.406 60.308 177
497.852 104.404 60.308 186
497.854 104.405 60.308 190
497.857 104.404 60.308 188
497.859 104.404 60.308 186
497.862 104.402 60.308 187
497.864 104.403 60.308 181
497.866 104.402 60.307 172
497.869 104.401 60.307 170
497.871 104.400 60.307 172
497.874 104.398 60.307 175
497.876 104.399 60.307 179
497.879 104.396 60.306 184
497.881 104.397 60.306 186
497.884 104.397 60.306 186
497.887 104.395 60.306 188
497.889 104.393 60.306 193
497.892 104.391 60.305 207
497.895 104.389 60.305 241
497.898 104.387 60.305 252
497.901 104.384 60.304 251
497.903 104.383 60.304 250
497.906 104.383 60.304 245
497.909 104.380 60.303 247
497.911 104.380 60.303 250
497.913 104.379 60.303 243
497.916 104.379 60.303 247
497.918 104.377 60.303 248
497.921 104.376 60.303 244
497.923 104.377 60.303 249
497.926 104.375 60.302 250
497.929 104.373 60.302 248
497.931 104.373 60.302 247
497.933 104.373 60.302 249
497.936 104.371 60.302 239
497.938 104.370 60.301 251
497.941 104.368 60.301 245
497.943 104.370 60.301 241
497.945 104.369 60.301 240
497.948 104.367 60.301 240
497.950 104.367 60.301 238
497.953 104.364 60.300 242
497.956 104.365 60.300 246
497.958 104.364 60.300 240
497.960 104.363 60.300 236
497.963 104.363 60.300 216
497.960 104.383 60.302 146
497.942 104.467 60.313 121
497.937 104.501 60.317 140
497.938 104.506 60.318 149
497.937 104.518 60.319 147
498.098 103.851 60.234 138
496.604 110.185 61.042 125
496.605 110.204 61.044 109
496.916 108.903 60.878 125
496.918 108.915 60.880 140
496.924 108.906 60.878 127
496.927 108.913 60.879 137
496.929 108.923 60.880 143
496.929 108.943 60.883 157
496.934 108.940 60.882 159
496.941 108.932 60.881 153
496.945 108.934 60.881 150
496.948 108.939 60.882 144
496.952 108.943 60.882 147
496.959 108.933 60.881 107
497.978 104.513 60.318 105
497.979 104.518 60.318 108
497.982 104.516 60.318 101
497.983 104.523 60.319 92
497.994 104.517 60.318 89
497.998 104.507 60.316 104
497.999 104.515 60.317 101
498.004 104.503 60.316 95
498.006 104.523 60.318 94
498.010 104.516 60.317 107
498.011 104.523 60.318 109
498.014 104.519 60.317 145
498.016 104.520 60.317 151
498.018 104.520 60.317 150
498.021 104.519 60.317 118
498.023 104.519 60.317 122
498.025 104.522 60.317 128
498.027 104.524 60.317 90
498.027 104.535 60.319 84
498.016 104.593 60.326 105
498.014 104.614 60.329 138
498.017 104.612 60.328 142
498.020 104.609 60.328 139
498.023 104.609 60.328 131
498.026 104.603 60.327 118
498.037 104.565 60.322 97
498.039 104.562 60.322 84
496.148 108.937 60.903 212
496.152 108.937 60.903 203
496.158 108.936 60.903 202
496.162 108.936 60.902 205
496.166 108.937 60.902 215
496.172 108.936 60.902 208
496.176 108.937 60.902 209
496.180 108.938 60.902 212
496.186 108.938 60.902 206
496.189 108.939 60.902 202
496.195 108.936 60.901 202
496.200 108.937 60.901 198
496.204 108.937 60.901 201
496.209 108.938 60.901 181
496.213 108.939 60.901 152
497.280 105.517 60.458 127
497.284 105.514 60.457 123
497.287 105.512 60.457 122
497.291 105.511 60.457 120
497.292 105.517 60.457 118
497.295 105.516 60.457 118
497.297 105.519 60.457 118
497.301 105.516 60.457 115
497.303 105.519 60.457 118
497.306 105.517 60.457 114
497.310 105.514 60.456 116
497.312 105.518 60.457 118
497.316 105.515 60.456 118
497.317 105.521 60.457 108
497.526 104.842 60.369 81
497.317 105.539 60.459 88
496.289 108.950 60.899 110
496.297 108.941 60.898 164
496.301 108.940 60.898 200
496.306 108.939 60.898 202
496.311 108.940 60.897 209
496.316 108.939 60.897 203
496.320 108.940 60.897 202
496.325 108.939 60.897 202
496.330 108.940 60.897 198
496.334 108.939 60.897 197
496.339 108.938 60.896 203
496.343 108.940 60.896 202
496.349 108.939 60.896 197
496.352 108.941 60.896 200
496.357 108.941 60.896 190
496.362 108.940 60.896 186
496.365 108.946 60.896 181
496.370 108.944 60.896 174
496.167 109.653 60.987 148
497.916 103.691 60.219 142
497.703 104.429 60.314 252
497.706 104.426 60.313 254
497.695 104.498 60.322 253
497.687 104.532 60.327 185
497.686 104.546 60.328 96
497.708 104.536 60.326 179
497.720 104.503 60.322 253
497.741 104.450 60.315 254
497.746 104.444 60.314 252
497.745 104.454 60.315 147
497.732 104.509 60.322 112
497.722 104.552 60.328 117
497.730 104.535 60.325 120
497.759 104.438 60.313 143
497.762 104.435 60.312 151
497.765 104.432 60.312 173
497.768 104.430 60.312 187
497.770 104.431 60.312 188
497.773 104.430 60.311 185
497.776 104.428 60.311 183
497.778 104.428 60.311 183
497.781 104.428 60.311 177
497.783 104.427 60.311 178
497.786 104.426 60.311 176
497.788 104.426 60.310 175
497.791 104.425 60.310 175
497.793 104.424 60.310 175
497.796 104.421 60.310 181
497.798 104.422 60.310 184
497.801 104.420 60.309 185
497.804 104.420 60.309 207
497.807 104.417 60.309 250
497.810 104.415 60.309 252
497.812 104.414 60.308 250
497.815 104.413 60.308 251
497.818 104.411 60.308 241
497.820 104.410 60.308 237
497.822 104.411 60.308 238
497.826 104.408 60.307 232
497.828 104.408 60.307 231
497.830 104.409 60.307 233
497.833 104.406 60.307 242
497.835 104.406 60.307 242
497.838 104.405 60.306 245
497.840 104.404 60.306 239
497.843 104.403 60.306 247
497.845 104.402 60.306 248
497.848 104.402 60.306 222
497.849 104.406 60.306 178
497.851 104.407 60.306 186
497.854 104.407 60.306 189
497.856 104.405 60.306 188
497.859 104.404 60.306 184
497.861 104.405 60.306 166
497.865 104.400 60.305 143
497.867 104.399 60.305 134
497.870 104.398 60.305 134
497.874 104.390 60.303 139
497.882 104.370 60.301 152
497.878 104.394 60.304 144
497.880 104.395 60.304 162
497.882 104.397 60.304 176
497.884 104.396 60.304 182
497.887 104.395 60.304 185
497.889 104.394 60.303 189
497.892 104.390 60.303 201
497.895 104.389 60.303 238
497.898 104.387 60.302 252
497.901 104.385 60.302 251
497.903 104.383 60.302 248
497.906 104.383 60.302 243
497.908 104.381 60.301 241
497.911 104.380 60.301 247
497.913 104.379 60.301 245
497.916 104.378 60.301 239
497.918 104.377 60.301 250
497.921 104.376 60.300 250
497.923 104.376 60.300 248
497.926 104.374 60.300 247
497.928 104.374 60.300 238
497.931 104.373 60.300 238
497.933 104.372 60.300 244
497.936 104.371 60.299 246
497.938 104.372 60.299 239
497.941 104.370 60.299 238
497.943 104.369 60.299 236
497.946 104.368 60.299 241
497.948 104.367 60.298 245
497.951 104.366 60.298 242
497.953 104.364 60.298 249
497.956 104.364 60.298 236
497.958 104.363 60.298 245
497.961 104.362 60.298 242
497.963 104.362 60.297 218
497.960 104.385 60.300 146
497.943 104.463 60.310 119
497.935 104.508 60.316 124
498.084 103.891 60.237 128
496.903 108.881 60.872 141
496.901 108.910 60.875 153
496.904 108.913 60.875 157
496.908 108.915 60.875 153
496.913 108.916 60.875 156
496.917 108.917 60.875 162
496.921 108.918 60.875 164
496.926 108.918 60.875 180
496.929 108.925 60.876 158
496.931 108.937 60.877 182
496.936 108.932 60.877 186
496.942 108.928 60.876 199
496.945 108.932 60.876 184
496.949 108.934 60.877 146
496.952 108.941 60.877 144
496.959 108.933 60.876 109
497.972 104.530 60.317 87
497.978 104.515 60.315 135
497.979 104.518 60.316 142
497.982 104.517 60.316 136
497.985 104.512 60.315 106
497.995 104.509 60.314 87
497.998 104.507 60.314 104
497.999 104.512 60.314 102
498.001 104.513 60.315 91
498.008 104.516 60.315 96
498.009 104.519 60.315 107
498.012 104.518 60.315 105
498.014 104.520 60.315 115
498.016 104.519 60.315 140
498.019 104.518 60.315 142
498.020 104.524 60.315 128
498.023 104.521 60.315 124
498.025 104.520 60.315 123
498.028 104.518 60.314 98
498.016 104.608 60.326 104
498.017 104.611 60.326 115
498.020 104.610 60.326 120
498.022 104.612 60.326 126
498.026 104.604 60.325 130
498.034 104.579 60.322 107
498.041 104.553 60.318 86
498.042 104.560 60.319 85
498.042 104.573 60.321 84
498.044 104.573 60.321 81
496.148 108.937 60.899 212
496.152 108.939 60.899 210
496.157 108.937 60.898 214
496.162 108.937 60.898 214
496.167 108.936 60.898 206
496.171 108.937 60.898 205
496.177 108.936 60.897 205
496.181 108.937 60.897 201
496.186 108.936 60.897 202
496.190 108.938 60.897 202
496.195 108.937 60.897 208
496.200 108.938 60.897 208
496.204 108.938 60.897 208
496.209 108.937 60.896 184
496.213 108.940 60.896 152
497.279 105.521 60.455 127
497.283 105.516 60.455 123
497.286 105.515 60.454 122
497.290 105.513 60.454 119
497.292 105.517 60.454 118
497.295 105.516 60.454 117
497.299 105.513 60.454 119
497.301 105.514 60.454 116
497.304 105.517 60.454 117
497.308 105.512 60.453 115
497.309 105.516 60.454 119
497.312 105.518 60.454 116
497.317 105.510 60.453 120
497.319 105.514 60.453 111
497.316 105.533 60.455 86
497.319 105.532 60.455 89
496.291 108.944 60.894 111
496.298 108.939 60.893 161
496.301 108.940 60.893 196
496.306 108.939 60.893 202
496.311 108.941 60.893 207
496.316 108.938 60.893 207
496.320 108.939 60.892 213
496.326 108.938 60.892 203
496.330 108.940 60.892 206
496.335 108.938 60.892 204
496.339 108.940 60.892 203
496.343 108.941 60.892 201
496.349 108.939 60.892 200
496.353 108.940 60.891 201
496.358 108.940 60.891 199
496.362 108.940 60.891 198
496.367 108.939 60.891 188
496.371 108.942 60.891 187
496.373 108.950 60.892 154
496.159 109.700 60.988 131
497.907 103.729 60.222 164
497.707 104.423 60.311 253
497.701 104.483 60.318 254
497.697 104.506 60.321 253
497.696 104.517 60.322 252
497.696 104.528 60.323 165
497.695 104.539 60.325 139
497.697 104.539 60.325 139
497.700 104.538 60.324 145
497.706 104.527 60.323 214
497.712 104.514 60.321 253
497.723 104.484 60.317 254
497.740 104.447 60.312 254
497.742 104.449 60.312 252
497.944 103.739 60.221 141
497.743 104.462 60.314 111
497.730 104.515 60.321 107
497.721 104.558 60.326 115
497.739 104.503 60.319 123
497.761 104.433 60.310 158
497.762 104.434 60.310 171
497.765 104.433 60.310 176
497.768 104.432 60.310 181
497.770 104.432 60.309 180
497.773 104.432 60.309 178
497.775 104.431 60.309 181
497.778 104.429 60.309 182
497.781 104.428 60.309 181
497.783 104.426 60.308 179
497.786 104.427 60.308 178
497.788 104.427 60.308 179
497.790 104.426 60.308 178
497.793 104.424 60.308 181
497.796 104.424 60.308 183
497.798 104.423 60.307 182
497.801 104.423 60.307 186
497.803 104.421 60.307 203
497.807 104.418 60.307 249
497.810 104.416 60.306 252
497.813 104.413 60.306 249
497.815 104.413 60.306 248
497.818 104.412 60.306 247
497.820 104.411 60.305 238
497.822 104.411 60.305 239
497.826 104.408 60.305 227
497.828 104.408 60.305 239
497.831 104.406 60.304 235
497.833 104.406 60.304 244
497.835 104.405 60.304 248
497.838 104.406 60.304 246
497.841 104.403 60.304 241
497.843 104.403 60.304 243
497.845 104.402 60.304 244
497.848 104.402 60.303 222
497.849 104.406 60.304 177
497.852 104.405 60.304 186
497.854 104.406 60.304 187
497.856 104.405 60.304 188
497.859 104.405 60.303 182
497.861 104.404 60.303 162
497.865 104.400 60.303 145
497.868 104.397 60.302 135
497.870 104.395 60.302 129
497.874 104.391 60.301 138
497.876 104.390 60.301 149
497.878 104.392 60.301 145
497.880 104.394 60.301 141
497.882 104.393 60.301 142
497.884 104.394 60.301 150
497.887 104.393 60.301 156
497.890 104.391 60.301 166
497.893 104.390 60.301 181
497.895 104.391 60.301 214
497.898 104.387 60.300 252
497.901 104.384 60.300 246
497.903 104.383 60.299 245
497.906 104.382 60.299 240
497.909 104.381 60.299 233
497.911 104.379 60.299 243
497.913 104.379 60.299 247
497.916 104.379 60.299 250
497.918 104.377 60.298 249
497.921 104.376 60.298 249
497.923 104.375 60.298 251
497.926 104.375 60.298 249
497.929 104.373 60.298 235
497.931 104.373 60.297 240
497.933 104.372 60.297 242
497.936 104.371 60.297 238
497.938 104.370 60.297 245
497.941 104.370 60.297 243
497.943 104.369 60.297 239
497.946 104.368 60.296 248
497.948 104.366 60.296 248
497.950 104.368 60.296 246
497.953 104.365 60.296 250
497.956 104.364 60.296 244
497.958 104.364 60.296 240
497.960 104.363 60.295 238
497.963 104.364 60.295 211
497.960 104.384 60.298 145
497.943 104.463 60.308 114
498.243 103.214 60.150 105
496.892 108.911 60.871 146
496.895 108.915 60.871 160
496.900 108.914 60.871 180
496.903 108.917 60.871 186
496.908 108.916 60.871 187
496.913 108.917 60.871 188
496.917 108.916 60.871 190
496.922 108.916 60.871 194
496.926 108.918 60.871 202
496.929 108.922 60.871 172
496.931 108.937 60.873 208
496.937 108.929 60.872 202
496.941 108.930 60.872 219
496.945 108.931 60.872 190
496.949 108.935 60.872 148
496.952 108.942 60.873 144
496.959 108.929 60.871 110
497.974 104.520 60.314 90
497.978 104.515 60.313 140
497.980 104.515 60.313 226
497.982 104.517 60.313 238
497.984 104.519 60.313 136
497.994 104.514 60.313 89
497.997 104.510 60.312 106
497.999 104.513 60.312 103
498.002 104.509 60.312 92
498.008 104.515 60.312 95
498.010 104.514 60.312 106
498.011 104.520 60.313 104
498.014 104.520 60.313 112
498.015 104.524 60.313 139
498.018 104.521 60.313 138
498.020 104.522 60.313 126
498.023 104.522 60.313 126
498.026 104.520 60.312 126
498.028 104.519 60.312 99
496.148 108.938 60.894 205
496.152 108.937 60.894 209
496.157 108.937 60.894 203
496.162 108.937 60.893 202
496.166 108.937 60.893 201
496.171 108.937 60.893 202
496.176 108.937 60.893 206
496.181 108.936 60.893 201
496.185 108.938 60.893 205
496.189 108.939 60.893 204
496.194 108.939 60.892 203
496.199 108.939 60.892 203
496.204 108.938 60.892 210
496.209 108.937 60.892 180
496.213 108.940 60.892 152
497.280 105.516 60.452 127
497.284 105.513 60.451 126
497.286 105.515 60.451 126
497.290 105.513 60.451 121
497.292 105.515 60.451 117
497.294 105.518 60.452 117
497.298 105.516 60.451 119
497.301 105.514 60.451 119
497.304 105.516 60.451 115
497.308 105.513 60.450 117
497.308 105.519 60.451 117
497.312 105.518 60.451 120
497.315 105.518 60.451 119
497.318 105.516 60.450 112
497.317 105.529 60.452 82
497.320 105.531 60.452 88
496.291 108.944 60.890 111
496.297 108.940 60.889 160
496.302 108.939 60.889 195
496.306 108.939 60.888 205
496.311 108.940 60.888 211
496.317 108.937 60.888 201
496.321 108.939 60.888 209
496.325 108.939 60.888 201
496.330 108.939 60.888 212
496.334 108.941 60.888 208
496.339 108.938 60.887 194
496.344 108.940 60.887 200
496.349 108.938 60.887 201
496.353 108.940 60.887 203
496.357 108.941 60.887 203
496.362 108.941 60.887 204
496.367 108.941 60.886 203
496.372 108.939 60.886 191
496.375 108.943 60.886 161
496.172 109.655 60.977 143
497.920 103.685 60.214 137
497.709 104.417 60.307 253
497.711 104.417 60.307 254
497.711 104.427 60.309 253
497.709 104.439 60.310 254
497.710 104.470 60.314 254
497.710 104.480 60.315 254
497.710 104.488 60.316 254
497.712 104.486 60.315 254
497.715 104.484 60.315 254
497.720 104.477 60.314 254
497.739 104.445 60.310 253
497.939 103.745 60.220 220
498.167 102.945 60.118 108
496.281 109.638 60.972 127
497.931 103.794 60.226 83
497.725 104.535 60.321 104
497.719 104.566 60.325 112
497.737 104.509 60.317 121
497.760 104.434 60.308 158
497.763 104.434 60.308 170
497.765 104.432 60.307 175
497.767 104.434 60.307 179
497.770 104.432 60.307 180
497.772 104.434 60.307 179
497.775 104.430 60.307 181
497.778 104.430 60.307 181
497.780 104.429 60.306 180
497.783 104.428 60.306 178
497.786 104.427 60.306 177
497.788 104.426 60.306 180
497.790 104.426 60.306 177
497.793 104.426 60.306 178
497.796 104.423 60.305 180
497.798 104.424 60.305 181
497.801 104.422 60.305 184
497.804 104.419 60.305 204
497.806 104.418 60.304 246
497.810 104.416 60.304 252
497.812 104.414 60.304 245
497.815 104.413 60.303 239
497.818 104.412 60.303 244
497.820 104.411 60.303 251
497.823 104.410 60.303 248
497.825 104.409 60.303 242
497.828 104.408 60.302 232
497.830 104.407 60.302 231
497.833 104.407 60.302 239
497.835 104.405 60.302 246
497.838 104.405 60.302 246
497.840 104.404 60.302 246
497.843 104.403 60.301 238
497.845 104.403 60.301 238
497.848 104.401 60.301 220
497.849 104.406 60.302 175
497.852 104.405 60.301 185
497.854 104.406 60.301 186
497.856 104.405 60.301 187
497.859 104.405 60.301 182
497.862 104.403 60.301 176
497.864 104.403 60.301 165
497.867 104.400 60.300 154
497.869 104.399 60.300 147
497.872 104.398 60.300 142
497.877 104.389 60.299 134
497.880 104.386 60.298 137
497.881 104.389 60.299 140
497.882 104.396 60.299 124
497.886 104.388 60.298 113
497.889 104.387 60.298 115
497.891 104.388 60.298 128
497.893 104.388 60.298 132
497.896 104.384 60.298 139
497.898 104.384 60.297 153
497.901 104.383 60.297 157
497.904 104.381 60.297 152
497.906 104.382 60.297 148
497.909 104.380 60.297 151
497.911 104.379 60.296 231
497.913 104.379 60.296 250
497.916 104.378 60.296 247
497.919 104.376 60.296 248
497.921 104.376 60.296 251
497.923 104.376 60.296 249
497.926 104.374 60.295 244
497.929 104.373 60.295 238
497.931 104.372 60.295 239
497.933 104.372 60.295 238
497.936 104.372 60.295 241
497.938 104.370 60.295 232
497.941 104.370 60.294 225
497.943 104.369 60.294 228
497.946 104.368 60.294 233
497.948 104.367 60.294 228
497.951 104.366 60.294 220
497.953 104.366 60.294 215
497.955 104.367 60.294 217
497.957 104.367 60.294 213
497.960 104.365 60.293 200
497.961 104.370 60.294 165
497.956 104.401 60.298 140
497.943 104.464 60.306 113
496.733 109.558 60.948 104
496.890 108.916 60.867 152
496.895 108.915 60.867 185
496.900 108.915 60.867 207
496.904 108.916 60.867 213
496.908 108.916 60.867 212
496.913 108.915 60.866 211
496.917 108.918 60.867 215
496.922 108.916 60.866 215
496.926 108.917 60.866 215
496.930 108.921 60.867 182
496.930 108.940 60.869 221
496.935 108.938 60.868 216
496.940 108.933 60.868 205
496.945 108.932 60.867 179
496.948 108.941 60.868 152
496.952 108.943 60.869 152
496.959 108.933 60.867 111
497.978 104.514 60.311 108
497.980 104.517 60.311 126
497.982 104.516 60.311 129
497.984 104.516 60.311 105
497.995 104.508 60.310 89
497.998 104.505 60.309 105
497.999 104.514 60.310 104
498.001 104.514 60.310 92
498.008 104.515 60.310 98
498.009 104.522 60.311 108
498.012 104.517 60.310 107
498.014 104.520 60.310 141
498.016 104.521 60.310 154
498.018 104.521 60.310 149
498.021 104.521 60.310 118
498.023 104.519 60.310 127
498.025 104.520 60.310 133
496.148 108.936 60.889 202
496.153 108.937 60.889 203
496.157 108.938 60.889 212
496.162 108.937 60.889 205
496.167 108.936 60.889 201
496.171 108.938 60.889 201
496.176 108.938 60.888 205
496.181 108.937 60.888 199
496.186 108.937 60.888 203
496.190 108.938 60.888 204
496.195 108.937 60.888 210
496.199 108.938 60.888 211
496.204 108.938 60.887 212
496.209 108.937 60.887 180
496.213 108.939 60.887 150
497.279 105.520 60.449 127
497.283 105.516 60.449 125
497.288 105.510 60.448 128
497.290 105.514 60.448 124
497.293 105.513 60.448 121
497.296 105.513 60.448 120
497.298 105.515 60.448 122
497.301 105.514 60.448 121
497.304 105.517 60.448 119
497.307 105.514 60.448 119
497.310 105.516 60.448 117
497.313 105.515 60.448 120
497.317 105.513 60.447 125
497.319 105.515 60.447 113
497.318 105.527 60.449 91
497.323 105.519 60.448 93
496.291 108.946 60.885 111
496.298 108.937 60.884 159
496.302 108.939 60.884 195
496.306 108.938 60.884 212
496.311 108.939 60.884 211
496.316 108.939 60.884 208
496.321 108.938 60.883 212
496.325 108.939 60.883 202
496.330 108.939 60.883 208
496.335 108.938 60.883 204
496.339 108.940 60.883 197
496.343 108.940 60.883 194
496.349 108.939 60.882 200
496.353 108.939 60.882 202
496.358 108.939 60.882 213
496.362 108.939 60.882 194
496.367 108.940 60.882 206
496.371 108.939 60.882 193
496.376 108.941 60.882 172
496.378 108.949 60.882 151
498.144 102.917 60.114 122
497.711 104.411 60.304 253
497.713 104.411 60.304 253
497.715 104.412 60.304 252
497.913 103.736 60.218 251
497.713 104.435 60.307 253
497.713 104.441 60.308 254
497.733 104.446 60.308 254
497.737 104.442 60.307 253
498.152 102.986 60.122 126
496.271 109.642 60.968 145
496.473 108.943 60.879 145
496.476 108.947 60.879 135
497.731 104.514 60.316 89
497.727 104.535 60.318 104
497.744 104.485 60.312 110
497.765 104.417 60.303 148
497.770 104.406 60.302 171
497.765 104.432 60.305 154
497.767 104.433 60.305 168
497.770 104.431 60.305 176
497.773 104.431 60.305 178
497.775 104.430 60.304 176
497.778 104.428 60.304 177
497.780 104.430 60.304 175
497.783 104.427 60.304 176
497.786 104.427 60.304 174
497.788 104.426 60.304 175
497.790 104.426 60.303 176
497.794 104.423 60.303 177
497.796 104.423 60.303 179
497.798 104.422 60.303 180
497.801 104.421 60.303 184
497.804 104.420 60.302 200
497.806 104.419 60.302 242
497.809 104.417 60.302 252
497.813 104.413 60.301 250
497.815 104.412 60.301 250
497.818 104.412 60.301 239
497.820 104.411 60.301 239
497.822 104.411 60.301 243
497.825 104.409 60.300 238
497.828 104.408 60.300 234
497.830 104.407 60.300 230
497.833 104.406 60.300 236
497.835 104.406 60.300 247
497.838 104.404 60.299 233
497.840 104.404 60.299 241
497.843 104.403 60.299 235
497.845 104.403 60.299 234
497.848 104.403 60.299 218
497.850 104.403 60.299 165
497.852 104.406 60.299 171
497.855 104.403 60.299 171
497.857 104.403 60.299 167
497.860 104.401 60.298 163
497.862 104.400 60.298 161
497.865 104.399 60.298 150
497.867 104.400 60.298 114
497.871 104.392 60.297 105
497.873 104.395 60.297 98
497.876 104.391 60.297 83
497.882 104.375 60.295 84
497.883 104.381 60.295 86
497.895 104.381 60.295 91
497.901 104.364 60.293 118
497.903 104.365 60.293 142
497.905 104.365 60.293 146
497.907 104.369 60.293 141
497.908 104.373 60.294 136
497.910 104.376 60.294 155
497.911 104.379 60.294 209
497.913 104.378 60.294 216
497.915 104.381 60.294 189
497.918 104.380 60.294 192
497.920 104.380 60.294 177
497.922 104.382 60.294 164
497.924 104.383 60.294 158
497.926 104.382 60.294 166
497.929 104.379 60.294 187
497.932 104.378 60.294 178
497.934 104.379 60.294 183
497.936 104.379 60.293 170
497.938 104.382 60.294 159
497.940 104.384 60.294 153
497.941 104.386 60.294 151
497.943 104.388 60.294 149
497.944 104.392 60.295 147
497.946 104.396 60.295 141
497.946 104.403 60.296 141
497.945 104.418 60.298 138
497.947 104.419 60.298 132
497.945 104.437 60.300 127
497.943 104.457 60.303 125
497.943 104.466 60.304 113
496.728 109.581 60.946 107
496.891 108.912 60.862 159
496.895 108.915 60.862 202
496.900 108.916 60.862 219
496.904 108.915 60.862 227
496.908 108.917 60.862 220
496.913 108.917 60.862 223
496.917 108.917 60.862 223
496.921 108.917 60.862 220
496.926 108.918 60.862 220
496.929 108.922 60.862 181
496.930 108.942 60.865 228
496.933 108.945 60.865 251
496.939 108.937 60.864 199
496.944 108.937 60.864 167
496.947 108.942 60.864 169
496.952 108.943 60.864 155
496.959 108.931 60.862 111
497.976 104.521 60.309 104
497.979 104.520 60.309 108
497.980 104.523 60.309 108
497.984 104.516 60.308 113
497.995 104.510 60.307 85
497.998 104.507 60.307 104
497.999 104.511 60.307 101
498.002 104.511 60.307 89
498.008 104.513 60.307 104
498.010 104.516 60.308 107
498.012 104.518 60.308 108
498.014 104.519 60.308 146
498.016 104.520 60.308 157
498.018 104.520 60.308 152
498.021 104.519 60.308 118
498.023 104.520 60.308 129
498.025 104.520 60.308 137
496.148 108.938 60.885 208
496.153 108.937 60.885 199
496.157 108.937 60.884 204
496.162 108.936 60.884 205
496.166 108.938 60.884 205
496.172 108.937 60.884 212
496.177 108.936 60.884 202
496.180 108.938 60.884 199
496.186 108.938 60.883 208
496.190 108.938 60.883 204
496.195 108.937 60.883 208
496.200 108.937 60.883 201
496.204 108.938 60.883 194
496.209 108.938 60.883 178
496.214 108.938 60.882 150
497.280 105.518 60.446 126
497.285 105.509 60.445 126
497.287 105.513 60.445 127
497.289 105.515 60.446 127
497.293 105.513 60.445 126
497.295 105.516 60.445 124
497.299 105.512 60.445 122
497.302 105.513 60.445 120
497.304 105.515 60.445 119
497.307 105.515 60.445 117
497.311 105.512 60.444 117
497.314 105.513 60.444 120
497.317 105.512 60.444 123
497.318 105.516 60.445 114
497.319 105.523 60.445 90
497.324 105.517 60.445 90
496.291 108.945 60.880 111
496.298 108.939 60.880 163
496.302 108.940 60.879 193
496.306 108.939 60.879 202
496.312 108.937 60.879 209
496.316 108.938 60.879 199
496.321 108.939 60.879 202
496.325 108.940 60.879 208
496.330 108.940 60.879 202
496.334 108.939 60.878 203
496.339 108.939 60.878 205
496.344 108.939 60.878 201
496.348 108.940 60.878 197
496.353 108.940 60.878 206
496.357 108.940 60.878 197
496.362 108.940 60.877 203
496.367 108.939 60.877 197
496.371 108.940 60.877 194
496.376 108.940 60.877 172
496.381 108.940 60.877 153
496.166 109.691 60.972 131
497.711 104.409 60.302 252
497.713 104.409 60.302 253
497.921 103.704 60.212 189
498.160 102.886 60.108 125
497.924 103.706 60.212 152
497.917 103.737 60.216 210
497.916 103.749 60.218 252
497.717 104.445 60.306 253
497.719 104.447 60.306 254
497.722 104.446 60.306 254
497.724 104.447 60.306 254
497.726 104.446 60.306 254
497.729 104.445 60.305 253
497.732 104.442 60.305 252
497.932 103.746 60.217 186
498.187 102.856 60.104 120
496.463 108.945 60.875 151
496.468 108.942 60.874 152
496.473 108.941 60.874 143
496.478 108.941 60.874 130
497.754 104.431 60.303 92
497.757 104.430 60.303 96
497.757 104.436 60.303 108
497.765 104.417 60.301 145
497.769 104.410 60.300 155
497.766 104.430 60.302 139
497.769 104.429 60.302 149
497.771 104.430 60.302 158
497.773 104.431 60.302 162
497.775 104.429 60.302 166
497.778 104.430 60.302 166
497.781 104.428 60.302 169
497.784 104.426 60.301 169
497.785 104.427 60.301 169
497.789 104.425 60.301 168
497.791 104.424 60.301 172
497.793 104.425 60.301 173
497.796 104.423 60.301 171
497.799 104.422 60.300 173
497.801 104.422 60.300 179
497.804 104.420 60.300 194
497.806 104.420 60.300 236
497.809 104.417 60.300 252
497.812 104.415 60.299 246
497.815 104.412 60.299 247
497.818 104.411 60.299 249
497.820 104.410 60.298 240
497.822 104.411 60.298 236
497.826 104.409 60.298 233
497.828 104.408 60.298 227
497.830 104.407 60.298 229
497.833 104.406 60.297 228
497.835 104.406 60.297 242
497.838 104.405 60.297 246
497.840 104.404 60.297 246
497.843 104.402 60.297 221
497.846 104.399 60.296 210
497.849 104.398 60.296 175
497.850 104.402 60.296 156
497.854 104.396 60.296 155
497.857 104.393 60.295 155
497.860 104.391 60.295 154
497.864 104.385 60.294 153
497.867 104.382 60.294 153
497.870 104.380 60.293 145
497.872 104.381 60.293 98
497.902 104.361 60.290 119
497.905 104.360 60.290 148
497.906 104.362 60.290 156
497.908 104.364 60.290 152
497.909 104.369 60.291 151
497.910 104.374 60.291 151
497.912 104.377 60.292 155
497.913 104.379 60.292 154
497.915 104.383 60.292 149
497.915 104.389 60.293 142
497.916 104.395 60.294 139
497.915 104.409 60.295 136
497.916 104.416 60.296 134
497.918 104.418 60.296 131
497.917 104.428 60.298 135
497.919 104.430 60.298 132
497.922 104.430 60.298 128
497.922 104.437 60.298 128
497.923 104.441 60.299 129
497.925 104.444 60.299 126
497.928 104.442 60.299 124
497.929 104.448 60.300 124
497.930 104.450 60.300 127
497.932 104.453 60.300 126
497.935 104.450 60.300 124
497.936 104.455 60.300 127
497.938 104.455 60.300 125
497.939 104.461 60.301 127
497.942 104.461 60.301 123
497.940 104.476 60.303 112
496.891 108.894 60.856 108
496.891 108.913 60.858 160
496.895 108.916 60.858 200
496.899 108.917 60.858 226
496.904 108.916 60.858 223
496.909 108.915 60.857 222
496.913 108.917 60.858 229
496.917 108.917 60.857 228
496.922 108.916 60.857 218
496.926 108.916 60.857 226
496.929 108.921 60.858 183
496.930 108.938 60.860 215
496.935 108.937 60.859 198
496.941 108.931 60.858 201
496.945 108.933 60.859 176
496.949 108.937 60.859 148
496.952 108.941 60.859 147
496.957 108.938 60.859 110
497.977 104.518 60.307 104
497.979 104.519 60.307 106
497.981 104.521 60.307 102
497.985 104.516 60.306 95
497.995 104.508 60.305 83
497.997 104.511 60.305 105
497.999 104.511 60.305 103
498.003 104.506 60.304 87
498.007 104.520 60.306 99
498.011 104.513 60.305 108
498.011 104.522 60.306 111
498.014 104.520 60.306 148
498.016 104.521 60.306 158
498.019 104.519 60.306 154
498.020 104.525 60.306 117
498.023 104.520 60.306 130
498.025 104.522 60.306 136
496.148 108.936 60.880 207
496.153 108.937 60.880 205
496.157 108.938 60.880 210
496.162 108.937 60.880 210
496.166 108.938 60.880 212
496.171 108.937 60.879 212
496.176 108.938 60.879 205
496.181 108.937 60.879 200
496.186 108.938 60.879 212
496.190 108.937 60.879 204
496.195 108.937 60.878 205
496.199 108.938 60.878 212
496.204 108.938 60.878 193
496.209 108.937 60.878 185
496.213 108.939 60.878 152
497.279 105.519 60.444 128
497.284 105.514 60.443 126
497.288 105.510 60.442 127
497.290 105.512 60.442 128
497.293 105.511 60.442 122
497.296 105.511 60.442 123
497.299 105.512 60.442 123
497.301 105.514 60.442 121
497.305 105.513 60.442 118
497.308 105.511 60.442 117
497.310 105.514 60.442 118
497.313 105.513 60.442 118
497.317 105.513 60.441 120
497.319 105.513 60.441 112
497.321 105.518 60.442 90
497.321 105.527 60.443 88
496.292 108.941 60.875 111
496.298 108.939 60.875 162
496.302 108.937 60.875 195
496.307 108.938 60.874 203
496.311 108.939 60.874 202
496.316 108.939 60.874 195
496.320 108.939 60.874 201
496.325 108.940 60.874 213
496.330 108.940 60.874 199
496.334 108.940 60.874 209
496.339 108.939 60.874 205
496.343 108.941 60.874 199
496.348 108.940 60.873 202
496.352 108.942 60.873 204
496.358 108.938 60.873 207
496.362 108.940 60.873 206
496.367 108.939 60.873 196
496.372 108.938 60.872 193
496.376 108.940 60.872 170
496.380 108.943 60.873 154
496.171 109.673 60.965 135
497.712 104.408 60.299 252
497.714 104.408 60.299 253
497.923 103.697 60.209 173
496.200 109.642 60.960 145
496.203 109.653 60.961 141
496.196 109.690 60.966 128
497.913 103.757 60.217 138
497.709 104.474 60.307 164
497.717 104.455 60.305 208
497.721 104.449 60.304 235
497.726 104.440 60.303 225
497.730 104.432 60.302 234
497.730 104.442 60.303 161
497.734 104.435 60.302 147
497.958 103.658 60.204 105
498.196 102.826 60.099 101
496.259 109.664 60.961 114
496.269 109.647 60.958 116
496.470 108.951 60.871 119
496.266 109.692 60.964 83
497.752 104.428 60.300 100
497.750 104.445 60.302 85
497.745 104.471 60.306 87
497.736 104.514 60.311 105
497.762 104.430 60.300 133
497.764 104.427 60.300 142
497.766 104.431 60.300 146
497.769 104.429 60.300 142
497.772 104.426 60.300 136
497.774 104.426 60.299 140
497.776 104.427 60.299 147
497.778 104.429 60.300 151
497.782 104.425 60.299 149
497.784 104.426 60.299 151
497.786 104.425 60.299 155
497.789 104.423 60.299 156
497.791 104.423 60.299 155
497.794 104.422 60.298 155
497.796 104.421 60.298 154
497.799 104.419 60.298 158
497.801 104.420 60.298 161
497.804 104.419 60.298 179
497.807 104.418 60.297 216
497.809 104.416 60.297 226
497.813 104.412 60.296 203
497.818 104.401 60.295 226
497.818 104.411 60.296 210
497.820 104.410 60.296 217
497.823 104.410 60.296 224
497.825 104.410 60.296 225
497.828 104.409 60.296 225
497.830 104.407 60.295 234
497.833 104.405 60.295 223
497.835 104.407 60.295 231
497.838 104.403 60.295 210
497.843 104.394 60.293 172
497.846 104.391 60.293 166
497.850 104.383 60.292 157
497.853 104.382 60.292 156
497.856 104.378 60.291 155
497.859 104.378 60.291 155
497.861 104.378 60.291 153
497.863 104.378 60.291 152
497.867 104.374 60.290 149
497.870 104.371 60.290 148
497.872 104.371 60.290 139
497.874 104.373 60.290 96
497.902 104.361 60.288 95
497.905 104.358 60.287 114
497.907 104.360 60.288 120
497.907 104.368 60.289 105
497.909 104.369 60.289 123
497.909 104.378 60.290 114
497.912 104.375 60.289 123
497.913 104.379 60.290 131
497.915 104.383 60.290 132
497.917 104.383 60.290 137
497.918 104.387 60.290 140
497.919 104.391 60.291 140
497.921 104.397 60.291 140
497.921 104.403 60.292 139
497.918 104.425 60.295 129
497.914 104.450 60.298 125
497.916 104.451 60.298 123
497.919 104.450 60.298 123
497.921 104.452 60.298 125
497.923 104.454 60.298 121
497.925 104.452 60.298 122
497.927 104.455 60.298 122
497.929 104.454 60.298 125
497.931 104.457 60.298 124
497.934 104.455 60.298 125
497.935 104.459 60.298 125
497.938 104.456 60.298 125
497.939 104.463 60.299 122
497.940 104.466 60.299 121
497.941 104.472 60.300 112
496.730 109.571 60.935 108
496.891 108.913 60.853 160
496.895 108.914 60.853 204
496.900 108.915 60.853 220
496.904 108.916 60.853 230
496.908 108.917 60.853 220
496.913 108.916 60.853 222
496.917 108.916 60.853 224
496.921 108.917 60.853 228
496.926 108.916 60.853 218
496.929 108.922 60.853 184
496.931 108.936 60.855 222
496.936 108.931 60.854 212
496.941 108.930 60.854 217
496.945 108.931 60.854 192
496.949 108.935 60.854 150
496.952 108.941 60.855 143
496.958 108.936 60.854 110
497.978 104.515 60.304 98
497.979 104.519 60.304 106
497.981 104.522 60.305 91
497.995 104.512 60.303 85
497.997 104.511 60.303 105
497.999 104.511 60.303 104
498.002 104.510 60.303 96
498.007 104.520 60.304 102
498.009 104.521 60.304 109
498.012 104.515 60.303 111
498.014 104.520 60.303 150
498.016 104.520 60.303 164
498.018 104.520 60.303 155
498.020 104.526 60.304 117
498.023 104.521 60.303 125
498.025 104.523 60.303 132
496.148 108.938 60.876 205
496.153 108.936 60.875 205
496.158 108.937 60.875 206
496.162 108.937 60.875 202
496.166 108.938 60.875 204
496.171 108.938 60.875 209
496.176 108.937 60.875 206
496.181 108.936 60.874 205
496.185 108.938 60.874 209
496.190 108.937 60.874 202
496.195 108.938 60.874 205
496.200 108.937 60.874 207
496.204 108.939 60.874 202
496.209 108.939 60.874 188
496.213 108.939 60.873 152
497.280 105.517 60.440 128
497.284 105.513 60.440 126
497.287 105.513 60.440 126
497.290 105.512 60.439 126
497.293 105.513 60.439 122
497.296 105.511 60.439 124
497.299 105.514 60.439 125
497.302 105.513 60.439 121
497.305 105.514 60.439 119
497.308 105.513 60.439 117
497.311 105.510 60.438 118
497.313 105.514 60.439 118
497.316 105.516 60.439 118
497.319 105.515 60.439 111
497.322 105.516 60.439 88
497.322 105.524 60.440 88
496.292 108.940 60.871 111
496.298 108.938 60.870 164
496.302 108.938 60.870 191
496.306 108.939 60.870 202
496.311 108.939 60.870 198
496.316 108.939 60.870 203
496.321 108.939 60.870 204
496.325 108.940 60.870 207
496.330 108.938 60.869 206
496.334 108.939 60.869 206
496.339 108.940 60.869 210
496.343 108.940 60.869 210
496.348 108.941 60.869 208
496.353 108.939 60.868 208
496.357 108.940 60.868 206
496.362 108.940 60.868 213
496.367 108.939 60.868 198
496.372 108.939 60.868 190
496.376 108.941 60.868 168
496.379 108.946 60.868 154
496.170 109.678 60.960 135
497.712 104.408 60.297 252
497.714 104.408 60.297 253
497.719 104.396 60.295 239
497.953 103.598 60.195 131
498.165 102.873 60.104 132
497.953 103.611 60.196 121
497.906 103.781 60.218 119
497.893 103.833 60.224 137
497.904 103.805 60.221 119
497.914 103.776 60.217 116
497.723 104.450 60.302 127
497.727 104.442 60.301 120
497.730 104.442 60.300 109
497.928 103.753 60.214 106
497.941 103.715 60.209 88
497.938 103.732 60.211 105
497.745 104.423 60.298 99
497.747 104.423 60.298 98
497.750 104.421 60.297 125
497.752 104.422 60.297 226
497.754 104.422 60.297 252
497.756 104.424 60.297 154
497.753 104.444 60.300 85
497.741 104.494 60.306 92
497.761 104.430 60.298 109
497.764 104.428 60.298 106
497.766 104.429 60.298 110
497.769 104.427 60.297 112
497.772 104.425 60.297 106
497.777 104.414 60.296 99
497.779 104.417 60.296 104
497.780 104.421 60.296 107
497.784 104.415 60.295 107
497.788 104.410 60.295 117
497.789 104.415 60.295 124
497.790 104.418 60.296 131
497.795 104.408 60.294 132
497.796 104.414 60.295 132
497.798 104.414 60.295 145
497.800 104.416 60.295 149
497.802 104.417 60.295 153
497.805 104.416 60.295 161
497.807 104.418 60.295 180
497.810 104.414 60.295 161
497.814 104.409 60.294 147
497.822 104.387 60.291 157
497.820 104.403 60.293 143
497.821 104.406 60.293 150
497.823 104.409 60.294 153
497.826 104.408 60.293 157
497.828 104.406 60.293 159
497.831 104.405 60.293 159
497.833 104.407 60.293 142
497.835 104.405 60.293 143
497.840 104.395 60.291 146
497.846 104.384 60.290 147
497.848 104.383 60.290 147
497.852 104.378 60.289 133
497.853 104.382 60.289 142
497.856 104.379 60.289 119
497.858 104.380 60.289 119
497.861 104.378 60.289 114
497.864 104.378 60.289 110
497.867 104.373 60.288 106
497.869 104.372 60.288 103
497.870 104.379 60.289 87
497.903 104.359 60.285 97
497.905 104.359 60.285 125
497.908 104.355 60.285 139
497.908 104.364 60.286 112
497.909 104.368 60.286 106
497.910 104.375 60.287 99
497.912 104.375 60.287 103
497.913 104.379 60.287 93
497.915 104.383 60.288 90
497.915 104.389 60.288 96
497.918 104.390 60.289 102
497.918 104.396 60.289 106
497.922 104.390 60.288 111
497.923 104.398 60.289 116
497.920 104.417 60.292 113
497.915 104.448 60.295 118
497.917 104.450 60.296 120
497.918 104.453 60.296 118
497.920 104.456 60.296 123
497.922 104.458 60.296 124
497.924 104.456 60.296 123
497.927 104.455 60.296 122
497.928 104.459 60.296 126
497.930 104.461 60.296 126
497.934 104.454 60.296 126
497.935 104.461 60.296 123
497.938 104.459 60.296 125
497.939 104.462 60.296 121
497.941 104.465 60.297 122
497.942 104.469 60.297 112
496.729 109.574 60.931 107
496.890 108.916 60.849 162
496.895 108.916 60.849 204
496.899 108.917 60.849 218
496.904 108.914 60.849 229
496.908 108.915 60.849 220
496.913 108.917 60.849 227
496.917 108.916 60.848 223
496.921 108.917 60.848 225
496.926 108.918 60.848 225
496.929 108.923 60.849 182
496.931 108.937 60.850 213
496.936 108.932 60.850 213
496.941 108.930 60.849 214
496.945 108.931 60.849 186
496.949 108.935 60.850 150
496.951 108.945 60.851 150
496.958 108.936 60.850 111
497.976 104.520 60.302 103
497.979 104.519 60.302 107
497.981 104.520 60.302 94
497.983 104.524 60.302 88
497.996 104.507 60.300 86
497.996 104.514 60.301 105
498.000 104.510 60.300 102
498.001 104.516 60.301 87
498.006 104.524 60.302 101
498.010 104.517 60.301 109
498.011 104.521 60.301 112
498.014 104.520 60.301 148
498.016 104.521 60.301 156
498.018 104.521 60.301 154
498.020 104.522 60.301 117
498.023 104.521 60.301 126
498.025 104.520 60.301 123
496.148 108.936 60.871 204
496.153 108.936 60.871 209
496.157 108.938 60.871 205
496.162 108.937 60.870 206
496.167 108.936 60.870 214
496.172 108.936 60.870 203
496.176 108.938 60.870 208
496.180 108.939 60.870 204
496.185 108.938 60.870 208
496.190 108.938 60.870 208
496.195 108.937 60.869 206
496.200 108.937 60.869 205
496.204 108.938 60.869 195
496.209 108.937 60.869 188
496.214 108.937 60.869 154
497.280 105.518 60.438 127
497.284 105.515 60.437 127
497.287 105.512 60.437 128
497.290 105.512 60.437 123
497.293 105.512 60.436 125
497.296 105.512 60.436 123
497.299 105.513 60.436 123
497.301 105.514 60.436 120
497.304 105.516 60.437 118
497.307 105.514 60.436 118
497.310 105.514 60.436 118
497.313 105.514 60.436 116
497.317 105.512 60.436 120
497.320 105.512 60.435 110
497.319 105.524 60.437 88
497.321 105.525 60.437 89
496.293 108.937 60.866 111
496.297 108.939 60.866 161
496.302 108.938 60.866 190
496.306 108.940 60.866 213
496.311 108.939 60.865 207
496.316 108.939 60.865 206
496.320 108.940 60.865 209
496.326 108.939 60.865 207
496.329 108.941 60.865 208
496.335 108.937 60.864 199
496.339 108.939 60.864 197
496.343 108.940 60.864 208
496.349 108.939 60.864 197
496.352 108.941 60.864 199
496.357 108.940 60.864 193
496.363 108.938 60.864 192
496.367 108.939 60.863 201
496.371 108.941 60.864 193
496.376 108.940 60.863 176
496.379 108.945 60.864 153
496.170 109.679 60.956 134
497.712 104.407 60.295 252
497.714 104.408 60.295 253
497.716 104.408 60.295 253
497.718 104.409 60.295 253
497.721 104.409 60.295 253
497.721 104.413 60.295 253
497.719 104.429 60.297 252
497.699 104.506 60.306 144
497.704 104.498 60.305 121
497.711 104.483 60.303 112
497.720 104.459 60.300 104
497.724 104.455 60.300 101
497.725 104.459 60.300 92
497.728 104.457 60.300 85
497.737 104.434 60.297 81
497.745 104.429 60.296 94
497.750 104.421 60.295 140
497.752 104.422 60.295 253
497.754 104.422 60.295 253
497.756 104.423 60.295 220
497.786 104.407 60.292 100
497.791 104.398 60.291 137
497.793 104.398 60.291 148
497.796 104.398 60.291 151
497.798 104.399 60.291 156
497.799 104.403 60.291 151
497.800 104.409 60.292 145
497.801 104.413 60.292 144
497.803 104.414 60.293 145
497.805 104.415 60.293 144
497.807 104.418 60.293 144
497.809 104.416 60.293 141
497.813 104.413 60.292 129
497.817 104.406 60.291 113
497.819 104.406 60.291 107
497.822 104.404 60.291 108
497.826 104.399 60.290 105
497.828 104.400 60.290 107
497.830 104.402 60.290 107
497.832 104.402 60.290 105
497.836 104.396 60.289 93
497.838 104.396 60.289 98
497.842 104.391 60.289 101
497.844 104.389 60.288 104
497.848 104.384 60.288 101
497.850 104.384 60.288 103
497.855 104.377 60.287 104
497.857 104.376 60.286 93
497.861 104.371 60.286 105
497.861 104.377 60.286 108
497.866 104.370 60.285 110
497.868 104.370 60.285 112
497.871 104.367 60.285 113
497.873 104.367 60.285 116
497.904 104.354 60.282 106
497.906 104.354 60.282 139
497.908 104.354 60.282 154
497.910 104.358 60.283 126
497.910 104.364 60.283 135
497.911 104.370 60.284 127
497.914 104.369 60.284 128
497.915 104.373 60.284 122
497.916 104.377 60.285 122
497.918 104.381 60.285 119
497.919 104.383 60.285 114
497.920 104.390 60.286 106
497.921 104.394 60.287 98
497.924 104.393 60.286 83
497.920 104.436 60.292 87
497.921 104.442 60.292 96
497.921 104.452 60.293 106
497.923 104.453 60.293 110
497.924 104.457 60.294 115
497.927 104.457 60.294 119
497.928 104.459 60.294 123
497.931 104.458 60.294 126
497.932 104.462 60.294 128
497.934 104.463 60.294 124
497.936 104.464 60.294 126
497.939 104.464 60.294 122
497.942 104.461 60.294 121
497.941 104.474 60.295 111
496.730 109.569 60.926 106
496.891 108.914 60.844 155
496.895 108.916 60.845 185
496.900 108.916 60.844 200
496.904 108.916 60.844 210
496.908 108.916 60.844 218
496.913 108.917 60.844 217
496.917 108.916 60.844 218
496.922 108.916 60.844 218
496.926 108.917 60.844 227
496.930 108.920 60.844 182
496.929 108.943 60.847 217
496.934 108.941 60.846 229
496.940 108.935 60.845 203
496.945 108.935 60.845 179
496.948 108.940 60.846 155
496.952 108.940 60.846 155
496.959 108.930 60.844 112
497.977 104.518 60.300 101
497.979 104.521 60.300 106
497.980 104.526 60.300 95
497.985 104.515 60.299 89
497.997 104.503 60.297 87
497.998 104.508 60.298 105
497.999 104.514 60.299 104
498.002 104.511 60.298 90
498.007 104.519 60.299 101
498.010 104.517 60.299 109
498.012 104.517 60.298 111
498.014 104.521 60.299 149
498.016 104.522 60.299 156
498.018 104.521 60.299 152
498.020 104.523 60.299 115
498.023 104.520 60.299 120
498.026 104.518 60.298 112
496.148 108.937 60.866 212
496.153 108.936 60.866 216
496.158 108.936 60.866 207
496.162 108.936 60.866 211
496.167 108.936 60.865 205
496.172 108.937 60.865 203
496.176 108.937 60.865 203
496.181 108.937 60.865 208
496.185 108.938 60.865 214
496.190 108.936 60.865 204
496.195 108.938 60.865 199
496.199 108.938 60.865 204
496.204 108.938 60.864 204
496.209 108.937 60.864 185
496.214 108.938 60.864 150
497.068 106.201 60.520 126
497.285 105.509 60.434 125
497.288 105.511 60.434 128
497.290 105.512 60.434 124
497.294 105.511 60.433 124
497.296 105.511 60.433 121
497.299 105.513 60.433 123
497.302 105.510 60.433 118
497.305 105.514 60.433 118
497.309 105.510 60.433 118
497.311 105.512 60.433 118
497.313 105.516 60.433 117
497.318 105.509 60.432 119
497.319 105.514 60.433 110
497.319 105.524 60.434 88
497.322 105.522 60.434 93
496.292 108.941 60.862 110
496.298 108.937 60.861 158
496.302 108.938 60.861 195
496.306 108.940 60.861 210
496.311 108.939 60.861 204
496.316 108.940 60.861 212
496.320 108.941 60.861 201
496.325 108.939 60.860 208
496.330 108.940 60.860 206
496.334 108.939 60.860 200
496.339 108.939 60.860 197
496.343 108.941 60.860 211
496.348 108.940 60.860 199
496.353 108.939 60.859 193
496.357 108.940 60.859 187
496.363 108.938 60.859 189
496.366 108.941 60.859 186
496.371 108.941 60.859 176
496.376 108.941 60.859 165
496.380 108.944 60.859 152
496.376 108.972 60.862 137
497.712 104.408 60.292 247
497.714 104.408 60.292 253
497.716 104.409 60.292 253
497.718 104.410 60.292 253
497.720 104.411 60.293 253
497.721 104.414 60.293 253
497.720 104.428 60.294 252
497.701 104.500 60.303 139
497.706 104.492 60.302 113
497.714 104.471 60.300 104
497.721 104.458 60.298 88
497.725 104.449 60.297 84
497.728 104.447 60.296 81
497.747 104.423 60.293 85
497.750 104.421 60.293 111
497.753 104.417 60.292 158
497.756 104.416 60.292 170
497.758 104.415 60.292 139
497.790 104.403 60.289 120
497.793 104.399 60.289 135
497.796 104.398 60.289 135
497.798 104.398 60.289 133
497.799 104.402 60.289 123
497.800 104.407 60.289 104
497.801 104.411 60.290 101
497.805 104.407 60.289 100
497.807 104.409 60.290 99
497.810 104.405 60.289 97
497.814 104.400 60.288 95
497.818 104.393 60.287 86
497.831 104.395 60.287 87
497.837 104.383 60.286 107
497.840 104.380 60.285 113
497.842 104.381 60.285 116
497.845 104.379 60.285 117
497.847 104.380 60.285 120
497.851 104.374 60.284 122
497.853 104.373 60.284 129
497.856 104.370 60.284 128
497.858 104.373 60.284 125
497.861 104.372 60.284 129
497.863 104.371 60.283 131
497.866 104.369 60.283 127
497.868 104.368 60.283 126
497.871 104.368 60.283 130
497.873 104.366 60.282 122
497.903 104.356 60.280 84
497.906 104.354 60.280 103
497.908 104.355 60.280 108
497.911 104.354 60.280 103
497.910 104.364 60.281 105
497.911 104.371 60.282 97
497.913 104.373 60.282 105
497.914 104.375 60.282 107
497.915 104.381 60.283 111
497.917 104.383 60.283 119
497.918 104.386 60.283 126
497.920 104.388 60.284 124
497.922 104.390 60.284 122
497.923 104.396 60.285 119
497.924 104.400 60.285 117
497.926 104.402 60.285 111
497.926 104.411 60.286 106
497.928 104.413 60.286 98
497.930 104.415 60.287 90
497.930 104.452 60.291 85
497.932 104.452 60.291 98
497.932 104.463 60.292 105
497.936 104.458 60.291 110
497.937 104.462 60.292 115
497.939 104.464 60.292 116
497.941 104.465 60.292 119
497.940 104.476 60.293 105
496.729 109.575 60.921 105
496.891 108.911 60.840 148
496.895 108.916 60.840 165
496.900 108.915 60.840 181
496.904 108.915 60.840 192
496.908 108.917 60.840 196
496.913 108.916 60.840 198
496.917 108.916 60.839 209
496.921 108.917 60.839 211
496.926 108.917 60.839 217
496.929 108.923 60.840 176
496.929 108.944 60.842 217
496.933 108.945 60.842 251
496.940 108.935 60.841 190
496.944 108.937 60.841 163
496.948 108.940 60.841 154
496.952 108.942 60.842 155
496.958 108.936 60.841 110
497.978 104.512 60.297 102
497.978 104.523 60.298 107
497.981 104.521 60.298 94
497.983 104.521 60.297 92
497.994 104.516 60.297 91
497.997 104.510 60.296 105
498.000 104.507 60.295 102
498.002 104.508 60.295 93
498.007 104.520 60.297 101
498.010 104.517 60.296 108
498.012 104.517 60.296 110
498.014 104.521 60.297 147
498.016 104.519 60.296 154
498.018 104.521 60.297 153
498.020 104.521 60.297 116
498.023 104.519 60.296 118
498.025 104.524 60.297 108
498.042 104.560 60.301 94
498.044 104.563 60.301 105
496.148 108.937 60.862 210
496.153 108.937 60.862 209
496.157 108.937 60.861 206
496.161 108.939 60.861 212
496.167 108.937 60.861 199
496.172 108.937 60.861 200
496.176 108.938 60.861 200
496.181 108.938 60.861 200
496.186 108.937 60.860 208
496.190 108.938 60.860 203
496.195 108.938 60.860 206
496.199 108.938 60.860 205
496.204 108.938 60.860 206
496.209 108.938 60.860 184
496.214 108.937 60.859 152
497.068 106.200 60.517 128
497.285 105.511 60.431 125
497.288 105.510 60.431 127
497.291 105.511 60.431 124
497.293 105.511 60.431 123
497.296 105.512 60.431 120
497.299 105.514 60.431 121
497.301 105.516 60.431 120
497.305 105.513 60.430 119
497.308 105.512 60.430 117
497.311 105.511 60.430 116
497.314 105.513 60.430 118
497.318 105.510 60.430 120
497.319 105.513 60.430 113
497.322 105.514 60.430 91
497.322 105.524 60.431 92
496.291 108.945 60.858 110
496.297 108.940 60.857 160
496.302 108.939 60.857 190
496.306 108.938 60.856 208
496.311 108.939 60.856 208
496.316 108.939 60.856 211
496.321 108.939 60.856 201
496.326 108.939 60.856 208
496.330 108.940 60.856 200
496.334 108.939 60.855 202
496.339 108.939 60.855 197
496.343 108.941 60.855 196
496.348 108.940 60.855 190
496.352 108.941 60.855 182
496.357 108.941 60.855 165
496.362 108.941 60.855 158
496.366 108.942 60.855 159
496.371 108.941 60.854 152
496.376 108.941 60.854 157
496.381 108.941 60.854 146
496.382 108.951 60.855 137
497.935 103.641 60.195 108
497.920 103.700 60.202 125
497.921 103.703 60.202 125
497.925 103.697 60.202 117
497.924 103.708 60.203 127
497.721 104.415 60.291 128
497.710 104.460 60.296 122
497.702 104.499 60.301 120
497.706 104.492 60.300 107
497.714 104.473 60.298 90
497.751 104.418 60.290 92
497.754 104.413 60.289 123
497.757 104.412 60.289 130
497.760 104.410 60.289 111
497.792 104.394 60.286 84
497.793 104.398 60.286 92
497.796 104.400 60.286 90
497.799 104.396 60.286 99
497.800 104.399 60.286 101
497.804 104.392 60.285 114
497.807 104.391 60.285 118
497.809 104.393 60.285 118
497.812 104.391 60.285 121
497.814 104.389 60.285 123
497.817 104.387 60.284 124
497.820 104.387 60.284 105
497.824 104.377 60.283 104
497.836 104.379 60.283 92
497.838 104.378 60.283 123
497.841 104.376 60.282 124
497.843 104.376 60.282 126
497.845 104.378 60.282 125
497.848 104.377 60.282 123
497.850 104.375 60.282 122
497.851 104.379 60.282 112
497.857 104.368 60.281 108
497.857 104.375 60.282 106
497.860 104.375 60.282 108
497.861 104.379 60.282 106
497.864 104.377 60.282 100
497.866 104.377 60.282 91
497.870 104.369 60.281 88
497.889 104.341 60.277 115
497.888 104.354 60.278 82
497.892 104.355 60.278 83
497.891 104.370 60.280 89
497.889 104.386 60.282 105
497.916 104.398 60.283 91
497.919 104.394 60.282 97
497.921 104.396 60.282 102
497.922 104.402 60.283 107
497.924 104.399 60.283 108
497.925 104.406 60.283 109
497.926 104.411 60.284 112
497.928 104.411 60.284 115
497.930 104.415 60.284 117
497.931 104.422 60.285 115
497.932 104.424 60.285 113
497.934 104.427 60.286 110
497.935 104.430 60.286 107
497.935 104.440 60.287 100
497.936 104.447 60.288 88
497.937 104.453 60.288 80
496.892 108.908 60.835 112
496.896 108.909 60.835 127
496.900 108.914 60.835 142
496.904 108.914 60.835 148
496.909 108.915 60.835 155
496.913 108.915 60.835 163
496.918 108.915 60.835 170
496.921 108.917 60.835 182
496.926 108.917 60.835 192
496.929 108.923 60.835 158
496.931 108.937 60.837 188
496.936 108.934 60.837 177
496.941 108.929 60.836 184
496.945 108.932 60.836 173
496.949 108.933 60.836 145
496.952 108.942 60.837 140
496.960 108.925 60.835 107
497.977 104.519 60.295 102
497.980 104.517 60.295 107
497.982 104.518 60.295 96
497.984 104.518 60.295 89
497.995 104.511 60.294 85
497.997 104.510 60.293 106
497.999 104.513 60.294 102
498.002 104.510 60.293 91
498.007 104.517 60.294 104
498.009 104.520 60.294 110
498.012 104.516 60.294 111
498.014 104.519 60.294 147
498.016 104.520 60.294 155
498.018 104.521 60.294 154
498.020 104.522 60.294 115
498.023 104.522 60.294 120
498.025 104.521 60.294 111
498.039 104.555 60.298 90
498.040 104.558 60.298 110
498.042 104.560 60.298 113
498.045 104.557 60.298 105
498.045 104.568 60.299 85
496.148 108.937 60.857 209
496.153 108.936 60.857 203
496.157 108.939 60.857 199
496.161 108.939 60.857 205
496.167 108.937 60.856 200
496.171 108.939 60.856 201
496.176 108.939 60.856 204
496.181 108.937 60.856 215
496.186 108.936 60.856 207
496.190 108.938 60.856 201
496.194 108.939 60.856 202
496.199 108.938 60.855 199
496.204 108.939 60.855 197
496.209 108.937 60.855 181
496.213 108.940 60.855 151
497.068 106.201 60.514 127
497.284 105.512 60.428 124
497.288 105.511 60.428 125
497.291 105.511 60.428 126
497.294 105.510 60.428 125
497.296 105.512 60.428 120
497.299 105.513 60.428 123
497.302 105.512 60.428 123
497.306 105.510 60.427 119
497.307 105.514 60.428 117
497.311 105.510 60.427 116
497.314 105.513 60.427 119
497.316 105.514 60.427 119
497.319 105.513 60.427 111
497.322 105.515 60.427 89
497.322 105.524 60.428 91
496.290 108.947 60.853 109
496.297 108.940 60.852 160
496.302 108.939 60.852 192
496.306 108.939 60.852 202
496.311 108.940 60.852 210
496.316 108.939 60.852 196
496.321 108.938 60.851 199
496.325 108.940 60.851 201
496.330 108.939 60.851 201
496.334 108.939 60.851 210
496.339 108.939 60.851 202
496.344 108.938 60.850 195
496.348 108.940 60.851 183
496.352 108.942 60.851 148
496.355 108.950 60.851 129
496.146 109.675 60.941 115
496.361 108.960 60.852 118
496.366 108.957 60.852 107
496.373 108.949 60.851 117
496.378 108.949 60.851 119
496.382 108.952 60.851 113
496.182 109.654 60.937 107
495.967 110.408 61.031 83
497.942 103.630 60.191 86
496.195 109.661 60.938 105
496.200 109.661 60.938 106
496.200 109.678 60.940 83
497.709 104.473 60.295 90
497.754 104.416 60.287 88
497.755 104.417 60.287 94
497.758 104.417 60.287 80
497.793 104.392 60.283 115
497.795 104.394 60.284 124
497.797 104.393 60.283 123
497.799 104.393 60.283 126
497.803 104.390 60.283 126
497.805 104.389 60.283 121
497.808 104.387 60.282 120
497.810 104.388 60.282 123
497.813 104.387 60.282 118
497.815 104.386 60.282 116
497.817 104.389 60.282 110
497.821 104.380 60.281 107
497.827 104.367 60.279 158
497.828 104.372 60.280 121
497.829 104.379 60.281 99
497.829 104.386 60.282 99
497.831 104.387 60.282 89
497.833 104.389 60.282 81
497.837 104.384 60.281 100
497.840 104.379 60.280 92
497.839 104.390 60.282 95
497.843 104.385 60.281 105
497.845 104.386 60.281 103
497.849 104.382 60.281 101
497.849 104.388 60.281 102
497.852 104.386 60.281 101
497.856 104.381 60.280 100
497.855 104.395 60.282 102
497.860 104.383 60.280 102
497.861 104.387 60.281 98
497.863 104.389 60.281 96
497.868 104.377 60.279 93
497.872 104.373 60.279 85
497.873 104.378 60.279 83
497.876 104.373 60.279 88
497.881 104.361 60.277 104
497.887 104.348 60.275 123
497.884 104.369 60.278 93
497.884 104.379 60.279 85
497.885 104.382 60.279 87
497.886 104.388 60.280 102
497.888 104.391 60.280 141
497.890 104.391 60.280 115
497.922 104.427 60.284 84
497.925 104.426 60.283 89
497.929 104.418 60.282 101
497.930 104.422 60.283 105
497.932 104.426 60.283 107
497.934 104.427 60.283 111
497.936 104.428 60.283 113
497.936 104.435 60.284 115
497.937 104.440 60.285 115
497.939 104.446 60.285 117
497.941 104.446 60.285 113
497.942 104.452 60.286 111
497.942 104.460 60.287 105
497.944 104.460 60.287 109
497.941 104.481 60.289 80
497.944 104.482 60.289 90
496.914 108.891 60.828 100
496.916 108.904 60.829 108
496.919 108.911 60.830 119
496.922 108.913 60.830 132
496.927 108.914 60.830 141
496.929 108.923 60.831 138
496.932 108.932 60.832 151
496.937 108.929 60.831 154
496.941 108.929 60.831 161
496.946 108.929 60.831 158
496.950 108.932 60.831 140
496.953 108.936 60.832 127
496.961 108.921 60.830 104
497.977 104.519 60.293 104
497.978 104.523 60.293 108
497.983 104.512 60.292 98
497.984 104.517 60.292 88
497.995 104.512 60.291 88
497.998 104.506 60.291 106
497.999 104.515 60.292 101
497.999 104.522 60.292 86
498.008 104.516 60.292 102
498.008 104.524 60.292 109
498.012 104.518 60.292 110
498.014 104.521 60.292 148
498.016 104.520 60.292 160
498.018 104.521 60.292 157
498.020 104.525 60.292 116
498.023 104.519 60.292 124
498.026 104.517 60.291 113
498.039 104.545 60.294 105
498.040 104.550 60.295 110
498.041 104.557 60.296 101
498.043 104.567 60.297 80
498.046 104.564 60.296 119
496.148 108.938 60.853 206
496.153 108.936 60.852 203
496.158 108.936 60.852 203
496.162 108.937 60.852 204
496.166 108.938 60.852 205
496.171 108.937 60.852 210
496.176 108.938 60.852 205
496.181 108.936 60.851 205
496.186 108.938 60.851 202
496.189 108.939 60.851 201
496.194 108.939 60.851 203
496.200 108.937 60.851 209
496.204 108.939 60.851 196
496.209 108.939 60.851 182
496.213 108.940 60.851 151
497.068 106.201 60.511 128
497.284 105.513 60.425 120
497.288 105.511 60.425 126
497.290 105.512 60.425 127
497.293 105.512 60.425 124
497.296 105.512 60.425 123
497.299 105.514 60.425 123
497.303 105.510 60.424 122
497.305 105.513 60.425 119
497.309 105.508 60.424 118
497.310 105.513 60.425 118
497.314 105.511 60.424 121
497.318 105.510 60.424 120
497.319 105.514 60.424 110
497.322 105.513 60.424 86
497.323 105.521 60.425 96
496.291 108.944 60.848 111
496.297 108.940 60.848 164
496.302 108.939 60.847 199
496.306 108.939 60.847 204
496.311 108.939 60.847 203
496.316 108.939 60.847 203
496.320 108.940 60.847 214
496.325 108.940 60.847 210
496.330 108.940 60.847 199
496.334 108.939 60.846 204
496.338 108.941 60.846 205
496.343 108.940 60.846 195
496.348 108.941 60.846 177
496.353 108.940 60.846 160
496.357 108.941 60.846 149
496.361 108.944 60.846 130
496.364 108.948 60.846 107
497.712 104.407 60.285 84
497.711 104.417 60.287 87
497.715 104.412 60.286 90
497.721 104.409 60.285 82
497.754 104.405 60.284 82
497.756 104.406 60.284 116
497.759 104.405 60.284 124
497.761 104.407 60.284 107
497.793 104.392 60.281 109
497.794 104.396 60.281 112
497.797 104.393 60.281 111
497.799 104.394 60.281 108
497.801 104.397 60.281 105
497.800 104.406 60.282 90
497.804 104.401 60.282 87
497.807 104.400 60.282 91
497.808 104.403 60.282 88
497.812 104.398 60.281 89
497.813 104.403 60.282 84
497.818 104.394 60.281 90
497.824 104.380 60.279 107
497.821 104.400 60.281 88
497.824 104.398 60.281 84
497.826 104.399 60.281 96
497.830 104.394 60.280 89
497.831 104.395 60.280 96
497.833 104.397 60.280 96
497.837 104.390 60.280 86
497.838 104.395 60.280 93
497.841 104.393 60.280 105
497.844 104.392 60.280 105
497.845 104.395 60.280 101
497.847 104.394 60.280 98
497.851 104.390 60.279 98
497.855 104.385 60.278 96
497.857 104.384 60.278 98
497.857 104.395 60.280 95
497.861 104.386 60.278 97
497.863 104.389 60.279 98
497.868 104.376 60.277 101
497.868 104.388 60.278 99
497.871 104.386 60.278 100
497.875 104.377 60.277 99
497.875 104.385 60.278 102
497.876 104.390 60.278 100
497.878 104.392 60.278 96
497.880 104.394 60.279 95
497.882 104.394 60.279 99
497.884 104.394 60.279 103
497.887 104.392 60.278 135
497.890 104.390 60.278 136
497.891 104.395 60.279 97
497.894 104.393 60.278 99
497.895 104.396 60.279 92
497.899 104.392 60.278 88
497.902 104.388 60.277 85
497.902 104.398 60.279 82
497.903 104.404 60.279 86
497.904 104.410 60.280 84
497.904 104.418 60.281 87
497.908 104.409 60.280 88
497.910 104.410 60.280 86
497.930 104.453 60.284 87
497.932 104.453 60.284 94
497.935 104.449 60.283 99
497.938 104.449 60.283 105
497.940 104.450 60.283 108
497.941 104.455 60.284 111
497.943 104.454 60.284 113
497.944 104.460 60.284 111
497.945 104.467 60.285 118
497.947 104.469 60.285 118
497.947 104.478 60.287 117
497.949 104.480 60.287 114
497.950 104.486 60.287 115
497.950 104.495 60.288 111
497.949 104.507 60.290 106
497.946 104.533 60.293 90
496.624 110.255 60.988 84
496.940 108.915 60.825 106
496.942 108.925 60.826 114
496.947 108.926 60.826 117
496.951 108.927 60.826 113
496.954 108.934 60.827 112
497.975 104.517 60.290 81
497.979 104.511 60.289 103
497.978 104.522 60.291 107
497.982 104.518 60.290 95
497.984 104.520 60.290 89
497.995 104.511 60.289 81
497.996 104.514 60.289 105
498.000 104.509 60.289 101
498.002 104.508 60.288 85
498.007 104.521 60.290 100
498.010 104.518 60.289 108
498.012 104.518 60.289 111
498.014 104.519 60.289 146
498.016 104.519 60.289 156
498.019 104.520 60.289 155
498.019 104.527 60.290 119
498.023 104.519 60.289 126
498.026 104.518 60.289 116
498.028 104.520 60.289 80
498.034 104.547 60.292 99
498.036 104.547 60.292 113
498.038 104.547 60.292 105
498.040 104.549 60.292 80
498.047 104.559 60.293 89
496.148 108.939 60.848 208
496.152 108.938 60.848 199
496.157 108.937 60.848 211
496.162 108.938 60.848 208
496.166 108.938 60.847 210
496.171 108.939 60.847 206
496.176 108.938 60.847 210
496.181 108.937 60.847 196
496.186 108.938 60.847 206
496.190 108.938 60.847 203
496.195 108.938 60.846 201
496.199 108.938 60.846 208
496.204 108.937 60.846 205
496.209 108.936 60.846 183
496.214 108.937 60.846 153
497.069 106.198 60.507 127
497.283 105.516 60.423 122
497.288 105.510 60.422 124
497.290 105.512 60.422 126
497.293 105.513 60.422 121
497.297 105.509 60.422 121
497.298 105.515 60.422 122
497.301 105.514 60.422 123
497.304 105.515 60.422 119
497.308 105.512 60.422 117
497.310 105.514 60.422 118
497.314 105.512 60.421 120
497.317 105.512 60.421 119
497.318 105.515 60.422 112
497.321 105.517 60.422 90
497.322 105.525 60.423 96
496.291 108.945 60.844 111
496.297 108.940 60.843 162
496.302 108.939 60.843 192
496.306 108.939 60.843 209
496.311 108.938 60.842 210
496.316 108.940 60.842 210
496.320 108.939 60.842 208
496.325 108.941 60.842 208
496.330 108.939 60.842 211
496.334 108.940 60.842 201
496.339 108.939 60.842 201
496.343 108.941 60.842 191
496.348 108.940 60.841 164
496.352 108.942 60.841 156
496.357 108.942 60.841 134
497.708 104.419 60.285 105
497.709 104.423 60.285 114
497.712 104.422 60.285 118
497.715 104.419 60.284 116
497.719 104.415 60.284 118
497.720 104.419 60.284 120
497.722 104.420 60.284 111
497.757 104.402 60.281 106
497.759 104.405 60.281 109
497.762 104.402 60.281 88
497.775 104.380 60.278 104
497.778 104.380 60.278 114
497.791 104.398 60.280 82
497.801 104.405 60.280 90
497.802 104.408 60.280 96
497.805 104.406 60.280 100
497.808 104.404 60.280 104
497.810 104.406 60.280 103
497.814 104.401 60.279 95
497.817 104.398 60.279 99
497.818 104.401 60.279 98
497.819 104.405 60.280 92
497.824 104.398 60.279 97
497.825 104.400 60.279 99
497.828 104.400 60.279 98
497.831 104.399 60.278 102
497.833 104.399 60.278 99
497.835 104.397 60.278 98
497.840 104.389 60.277 102
497.839 104.401 60.278 101
497.843 104.395 60.278 101
497.847 104.389 60.277 98
497.847 104.395 60.278 92
497.851 104.390 60.277 94
497.852 104.394 60.277 93
497.856 104.389 60.277 96
497.858 104.390 60.277 99
497.861 104.388 60.276 101
497.862 104.393 60.277 98
497.867 104.383 60.276 98
497.869 104.382 60.275 102
497.870 104.387 60.276 102
497.872 104.391 60.276 101
497.874 104.389 60.276 99
497.878 104.383 60.275 97
497.876 104.399 60.277 99
497.881 104.391 60.276 97
497.881 104.400 60.277 101
497.883 104.398 60.277 104
497.887 104.393 60.276 140
497.889 104.394 60.276 147
497.891 104.397 60.276 100
497.894 104.392 60.276 102
497.898 104.388 60.275 99
497.897 104.399 60.277 99
497.900 104.395 60.276 95
497.903 104.394 60.276 94
497.903 104.403 60.277 95
497.905 104.405 60.277 94
497.907 104.405 60.277 94
497.907 104.414 60.278 98
497.910 104.411 60.277 95
497.911 104.417 60.278 93
497.912 104.420 60.278 92
497.914 104.423 60.279 92
497.914 104.432 60.280 94
497.918 104.427 60.279 92
497.919 104.432 60.280 88
497.922 104.446 60.281 87
497.922 104.456 60.282 84
497.935 104.480 60.285 81
497.939 104.472 60.284 84
497.943 104.476 60.284 101
497.944 104.482 60.285 90
497.946 104.482 60.285 100
497.947 104.486 60.285 105
497.950 104.486 60.285 110
497.951 104.491 60.286 115
497.952 104.494 60.286 115
497.954 104.495 60.286 114
497.956 104.499 60.286 117
497.957 104.505 60.287 117
497.959 104.506 60.287 116
497.959 104.515 60.288 115
497.959 104.525 60.289 109
497.961 104.528 60.290 97
497.959 104.546 60.292 94
497.969 104.532 60.290 81
497.976 104.512 60.287 89
497.979 104.510 60.287 106
497.978 104.523 60.289 105
497.981 104.523 60.288 95
497.985 104.512 60.287 92
497.995 104.512 60.287 83
497.997 104.511 60.287 105
497.999 104.512 60.287 104
498.003 104.508 60.286 86
498.007 104.517 60.287 101
498.010 104.517 60.287 109
498.012 104.515 60.287 112
498.014 104.521 60.287 147
498.016 104.520 60.287 156
498.018 104.522 60.287 154
498.020 104.523 60.287 117
498.024 104.518 60.287 125
498.025 104.522 60.287 115
498.034 104.543 60.289 104
498.037 104.541 60.289 102
498.041 104.533 60.288 84
496.148 108.939 60.844 213
496.153 108.937 60.843 204
496.158 108.936 60.843 201
496.162 108.937 60.843 206
496.166 108.938 60.843 215
496.171 108.938 60.843 199
496.177 108.936 60.842 201
496.181 108.937 60.842 200
496.186 108.938 60.842 203
496.190 108.937 60.842 200
496.194 108.939 60.842 208
496.199 108.938 60.842 203
496.204 108.937 60.841 203
496.209 108.938 60.841 184
496.213 108.940 60.841 152
497.068 106.198 60.504 125
497.284 105.513 60.420 121
497.288 105.511 60.419 126
497.291 105.511 60.419 128
497.294 105.510 60.419 123
497.296 105.512 60.419 123
497.299 105.513 60.419 122
497.301 105.514 60.419 120
497.305 105.512 60.419 120
497.308 105.512 60.419 118
497.309 105.516 60.419 119
497.314 105.512 60.419 119
497.317 105.513 60.419 119
497.318 105.516 60.419 112
497.319 105.523 60.420 87
497.322 105.524 60.420 98
496.291 108.943 60.839 111
496.297 108.940 60.839 162
496.302 108.938 60.838 194
496.306 108.939 60.838 206
496.311 108.941 60.838 208
496.316 108.939 60.838 201
496.320 108.940 60.838 205
496.326 108.939 60.837 210
496.330 108.939 60.837 202
496.334 108.940 60.837 207
496.339 108.939 60.837 199
496.343 108.941 60.837 190
496.348 108.941 60.837 164
496.352 108.942 60.837 151
496.354 108.953 60.838 121
497.707 104.415 60.282 90
497.708 104.422 60.283 116
497.709 104.425 60.283 128
497.712 104.422 60.283 133
497.714 104.424 60.283 126
497.718 104.419 60.282 122
497.719 104.420 60.282 118
497.722 104.419 60.282 108
497.749 104.417 60.281 80
497.750 104.422 60.281 88
497.752 104.423 60.281 80
497.770 104.392 60.277 81
497.776 104.379 60.276 138
497.779 104.376 60.275 158
497.778 104.395 60.277 89
497.776 104.411 60.279 86
497.779 104.410 60.279 82
497.781 104.410 60.279 82
497.786 104.417 60.280 86
497.790 104.411 60.279 87
497.797 104.410 60.278 84
497.800 104.408 60.278 99
497.802 104.408 60.278 102
497.805 104.408 60.278 103
497.806 104.411 60.278 101
497.811 104.403 60.277 101
497.811 104.409 60.278 96
497.813 104.412 60.278 98
497.819 104.396 60.276 101
497.822 104.397 60.276 98
497.822 104.405 60.277 99
497.825 104.402 60.277 98
497.827 104.402 60.277 102
497.829 104.404 60.277 100
497.834 104.395 60.276 103
497.834 104.402 60.276 102
497.838 104.397 60.276 104
497.840 104.397 60.276 130
497.843 104.396 60.275 128
497.843 104.401 60.276 100
497.848 104.391 60.275 87
497.850 104.392 60.275 84
497.854 104.388 60.274 91
497.857 104.394 60.275 85
497.860 104.392 60.275 95
497.863 104.388 60.274 99
497.865 104.389 60.274 103
497.868 104.386 60.274 112
497.871 104.383 60.273 113
497.870 104.395 60.275 106
497.871 104.401 60.275 104
497.875 104.395 60.274 106
497.876 104.402 60.275 102
497.879 104.398 60.275 98
497.882 104.396 60.274 102
497.884 104.397 60.274 104
497.887 104.392 60.274 129
497.889 104.393 60.274 148
497.890 104.399 60.274 105
497.893 104.398 60.274 105
497.896 104.395 60.274 104
497.897 104.397 60.274 99
497.900 104.395 60.274 94
497.901 104.403 60.275 92
497.904 104.400 60.274 99
497.906 104.402 60.274 96
497.905 104.414 60.276 99
497.907 104.412 60.275 98
497.908 104.419 60.276 95
497.911 104.418 60.276 94
497.911 104.424 60.277 97
497.914 104.422 60.276 96
497.914 104.434 60.278 97
497.915 104.436 60.278 91
497.917 104.439 60.278 97
497.918 104.443 60.279 96
497.920 104.446 60.279 94
497.922 104.448 60.279 102
497.923 104.452 60.280 102
497.926 104.449 60.279 98
497.926 104.461 60.280 97
497.927 104.465 60.281 100
497.928 104.471 60.282 100
497.930 104.471 60.282 94
497.930 104.480 60.283 87
497.943 104.524 60.287 86
497.950 104.505 60.285 91
497.952 104.504 60.285 90
497.953 104.511 60.285 94
497.956 104.508 60.285 104
497.958 104.508 60.285 107
497.960 104.512 60.285 112
497.960 104.519 60.286 115
497.963 104.517 60.286 115
497.964 104.522 60.286 116
497.967 104.522 60.286 119
497.968 104.527 60.287 113
497.970 104.527 60.287 99
497.975 104.514 60.285 90
497.978 104.513 60.285 105
497.979 104.520 60.286 107
497.982 104.516 60.285 96
497.984 104.518 60.285 89
497.998 104.508 60.284 103
498.001 104.504 60.283 100
498.003 104.507 60.284 83
498.010 104.507 60.284 92
498.011 104.513 60.284 106
498.013 104.513 60.284 108
498.014 104.521 60.285 140
498.016 104.520 60.285 144
498.019 104.517 60.284 137
498.022 104.516 60.284 107
498.025 104.514 60.284 112
498.029 104.504 60.283 105
498.047 104.462 60.277 81
498.048 104.469 60.278 83
498.049 104.477 60.279 87
498.049 104.485 60.280 82
496.148 108.938 60.839 205
496.152 108.938 60.839 210
496.158 108.936 60.838 209
496.162 108.937 60.838 213
496.166 108.938 60.838 199
496.172 108.937 60.838 205
496.177 108.936 60.838 205
496.181 108.937 60.838 211
496.186 108.938 60.838 203
496.190 108.938 60.837 202
496.194 108.939 60.837 214
496.199 108.939 60.837 208
496.204 108.939 60.837 201
496.209 108.937 60.837 185
496.213 108.939 60.837 151
497.280 105.517 60.417 126
497.285 105.509 60.416 124
497.287 105.514 60.417 126
497.291 105.511 60.416 129
497.294 105.510 60.416 121
497.296 105.512 60.416 123
497.300 105.511 60.416 127
497.302 105.512 60.416 121
497.305 105.513 60.416 120
497.308 105.510 60.416 120
497.311 105.512 60.416 121
497.314 105.512 60.416 121
497.316 105.516 60.416 120
497.319 105.514 60.416 112
497.320 105.522 60.417 86
497.319 105.532 60.418 97
496.292 108.941 60.834 110
496.298 108.939 60.834 162
496.302 108.939 60.834 197
496.306 108.939 60.834 207
496.311 108.939 60.833 202
496.316 108.939 60.833 204
496.320 108.939 60.833 207
496.326 108.939 60.833 200
496.329 108.941 60.833 200
496.333 108.942 60.833 209
496.339 108.938 60.832 197
496.343 108.940 60.832 189
496.348 108.941 60.832 169
496.353 108.940 60.832 149
496.144 109.663 60.920 103
497.699 104.401 60.278 121
497.700 104.408 60.279 133
497.700 104.415 60.280 89
497.703 104.413 60.279 94
497.707 104.406 60.279 80
497.704 104.427 60.281 90
497.708 104.421 60.280 105
497.707 104.430 60.281 107
497.711 104.427 60.281 108
497.713 104.428 60.281 83
497.737 104.401 60.277 106
497.741 104.395 60.276 120
497.740 104.424 60.280 81
497.740 104.432 60.280 80
497.748 104.421 60.279 99
497.749 104.424 60.279 100
497.751 104.426 60.279 84
497.763 104.416 60.278 91
497.767 104.411 60.277 106
497.767 104.417 60.278 105
497.769 104.421 60.278 90
497.771 104.421 60.278 86
497.776 104.413 60.277 92
497.776 104.420 60.278 104
497.777 104.422 60.278 104
497.782 104.414 60.277 99
497.783 104.420 60.278 99
497.788 104.408 60.276 98
497.789 104.414 60.277 97
497.792 104.414 60.277 101
497.795 104.408 60.276 99
497.796 104.415 60.277 101
497.799 104.412 60.276 97
497.804 104.401 60.275 99
497.805 104.408 60.276 102
497.807 104.409 60.276 104
497.810 104.404 60.275 109
497.815 104.397 60.274 100
497.814 104.407 60.275 96
497.816 104.409 60.275 90
497.819 104.406 60.275 91
497.821 104.407 60.275 87
497.822 104.413 60.276 90
497.827 104.404 60.275 100
497.828 104.407 60.275 95
497.834 104.395 60.273 100
497.834 104.403 60.274 93
497.836 104.402 60.274 90
497.839 104.401 60.274 108
497.842 104.398 60.273 149
497.844 104.398 60.273 135
497.850 104.395 60.273 85
497.848 104.419 60.276 80
497.852 104.414 60.275 99
497.856 104.406 60.274 104
497.860 104.402 60.273 106
497.864 104.392 60.272 115
497.865 104.398 60.273 112
497.868 104.396 60.272 110
497.869 104.400 60.273 110
497.872 104.397 60.272 108
497.874 104.401 60.273 116
497.876 104.402 60.273 131
497.879 104.397 60.272 114
497.883 104.392 60.272 112
497.886 104.388 60.271 123
497.889 104.386 60.271 157
497.891 104.387 60.271 187
497.893 104.389 60.271 139
497.893 104.396 60.272 126
497.895 104.398 60.272 115
497.896 104.405 60.273 110
497.901 104.393 60.271 105
497.902 104.397 60.272 96
497.902 104.405 60.272 92
497.903 104.411 60.273 100
497.905 104.411 60.273 95
497.907 104.413 60.273 92
497.909 104.413 60.273 94
497.910 104.419 60.274 95
497.910 104.430 60.275 94
497.913 104.426 60.275 96
497.915 104.427 60.275 96
497.917 104.430 60.275 97
497.919 104.430 60.275 96
497.919 104.439 60.276 97
497.920 104.445 60.277 96
497.922 104.448 60.277 91
497.922 104.458 60.278 96
497.924 104.456 60.278 97
497.925 104.463 60.278 98
497.928 104.459 60.278 96
497.928 104.470 60.279 97
497.930 104.469 60.279 100
497.932 104.474 60.280 97
497.933 104.477 60.280 99
497.935 104.481 60.280 103
497.934 104.492 60.281 99
497.937 104.490 60.281 100
497.939 104.490 60.281 89
497.939 104.501 60.282 95
497.941 104.502 60.282 92
497.941 104.512 60.284 88
497.944 104.508 60.283 87
497.962 104.503 60.282 85
497.962 104.510 60.283 90
497.968 104.495 60.281 92
497.969 104.501 60.282 98
497.969 104.513 60.283 105
497.971 104.512 60.283 106
497.976 104.503 60.282 95
497.979 104.501 60.281 89
497.982 104.495 60.281 99
497.984 104.499 60.281 103
497.988 104.490 60.280 89
497.989 104.494 60.280 86
497.996 104.477 60.278 81
498.006 104.483 60.279 80
498.010 104.473 60.277 80
498.020 104.472 60.277 85
498.021 104.479 60.278 88
498.022 104.485 60.278 100
498.025 104.482 60.278 96
498.029 104.472 60.277 92
498.031 104.474 60.277 80
498.035 104.466 60.276 80
498.038 104.463 60.275 81
498.042 104.452 60.274 85
498.045 104.450 60.274 91
498.046 104.455 60.274 91
498.050 104.451 60.274 91
498.052 104.450 60.274 90
496.148 108.938 60.834 212
496.153 108.937 60.834 206
496.157 108.937 60.834 205
496.162 108.937 60.834 204
496.166 108.938 60.834 203
496.172 108.937 60.833 206
496.176 108.938 60.833 206
496.181 108.937 60.833 201
496.186 108.938 60.833 203
496.190 108.937 60.833 205
496.195 108.937 60.833 206
496.200 108.937 60.832 210
496.204 108.938 60.832 205
496.209 108.939 60.832 182
496.213 108.939 60.832 152
496.855 106.885 60.581 129
497.284 105.513 60.414 124
497.287 105.513 60.414 126
497.290 105.512 60.414 126
497.293 105.514 60.414 125
497.297 105.510 60.413 126
497.300 105.510 60.413 127
497.301 105.516 60.414 121
497.305 105.512 60.413 120
497.308 105.511 60.413 122
497.310 105.514 60.413 124
497.314 105.511 60.413 122
497.315 105.517 60.413 118
497.318 105.516 60.413 112
497.322 105.515 60.413 89
497.323 105.520 60.413 96
496.291 108.944 60.830 109
496.297 108.940 60.829 158
496.302 108.939 60.829 201
496.306 108.939 60.829 202
496.311 108.940 60.829 212
496.316 108.940 60.829 207
496.320 108.939 60.829 203
496.325 108.940 60.828 200
496.329 108.942 60.829 199
496.334 108.940 60.828 203
496.339 108.940 60.828 195
496.343 108.940 60.828 195
496.349 108.939 60.828 181
496.353 108.940 60.828 157
496.357 108.942 60.828 145
496.359 108.952 60.829 139
496.362 108.958 60.829 121
496.365 108.961 60.829 104
496.167 109.653 60.913 102
496.381 108.941 60.827 124
496.382 108.952 60.828 113
496.386 108.955 60.828 112
496.390 108.957 60.828 106
496.189 109.666 60.914 87
497.736 104.405 60.275 109
497.740 104.397 60.274 116
497.733 104.429 60.278 84
497.736 104.429 60.278 85
497.737 104.434 60.278 92
497.739 104.435 60.278 96
497.743 104.428 60.278 101
497.745 104.429 60.278 99
497.748 104.429 60.278 98
497.752 104.422 60.277 97
497.754 104.422 60.277 108
497.757 104.419 60.276 114
497.758 104.424 60.277 107
497.760 104.426 60.277 104
497.764 104.422 60.276 101
497.768 104.416 60.275 94
497.769 104.419 60.276 100
497.772 104.416 60.275 91
497.775 104.415 60.275 87
497.775 104.422 60.276 90
497.777 104.423 60.276 88
497.779 104.425 60.276 90
497.783 104.420 60.275 90
497.787 104.412 60.274 96
497.788 104.417 60.275 98
497.792 104.412 60.274 98
497.795 104.408 60.274 92
497.796 104.416 60.275 95
497.798 104.415 60.274 105
497.803 104.407 60.273 125
497.804 104.409 60.274 112
497.807 104.407 60.273 120
497.810 104.406 60.273 139
497.810 104.413 60.274 86
497.813 104.413 60.274 82
497.812 104.424 60.275 84
497.841 104.403 60.272 104
497.840 104.413 60.273 88
497.852 104.405 60.272 92
497.855 104.403 60.271 114
497.858 104.398 60.271 127
497.861 104.395 60.270 128
497.864 104.392 60.270 128
497.866 104.394 60.270 135
497.869 104.390 60.270 137
497.872 104.388 60.269 135
497.874 104.389 60.269 134
497.876 104.392 60.270 138
497.878 104.391 60.269 141
497.881 104.388 60.269 138
497.885 104.384 60.268 141
497.887 104.383 60.268 164
497.890 104.383 60.268 253
497.891 104.385 60.268 253
497.893 104.386 60.268 225
497.896 104.385 60.268 143
497.897 104.388 60.268 122
497.899 104.393 60.269 109
497.900 104.395 60.269 108
497.901 104.401 60.270 105
497.900 104.413 60.271 90
497.900 104.422 60.272 83
497.904 104.425 60.272 80
497.906 104.427 60.273 92
497.913 104.429 60.273 81
497.914 104.434 60.273 85
497.914 104.441 60.274 91
497.916 104.444 60.274 88
497.918 104.444 60.274 94
497.919 104.449 60.275 95
497.919 104.457 60.276 96
497.921 104.462 60.276 99
497.924 104.457 60.275 96
497.924 104.467 60.277 93
497.927 104.462 60.276 94
497.929 104.467 60.276 97
497.929 104.473 60.277 97
497.931 104.475 60.277 93
497.932 104.482 60.278 98
497.936 104.477 60.277 97
497.935 104.490 60.279 96
497.938 104.485 60.278 98
497.939 104.494 60.279 95
497.939 104.500 60.280 104
497.941 104.501 60.280 97
497.941 104.511 60.281 97
497.945 104.506 60.281 97
497.945 104.514 60.281 100
497.946 104.521 60.282 99
497.951 104.511 60.281 92
497.954 104.506 60.280 86
497.962 104.482 60.277 91
497.965 104.481 60.277 96
497.969 104.474 60.276 94
497.970 104.479 60.277 95
497.973 104.476 60.276 90
497.975 104.475 60.276 86
497.979 104.470 60.275 87
497.979 104.479 60.276 87
497.981 104.483 60.277 85
497.987 104.466 60.275 86
497.989 104.467 60.275 86
497.991 104.467 60.275 82
497.996 104.456 60.273 83
497.999 104.454 60.273 81
498.022 104.453 60.273 81
498.023 104.455 60.273 83
498.025 104.458 60.273 84
498.027 104.462 60.273 84
498.030 104.459 60.273 86
498.033 104.452 60.272 84
498.037 104.447 60.271 83
498.041 104.449 60.272 80
498.044 104.443 60.271 86
498.045 104.450 60.272 91
498.049 104.445 60.271 87
498.052 104.440 60.270 80
498.053 104.458 60.272 84
498.039 104.531 60.281 85
498.040 104.537 60.282 85
498.041 104.547 60.283 82
498.042 104.552 60.283 98
498.043 104.556 60.284 93
498.047 104.550 60.283 88
498.047 104.562 60.284 84
496.148 108.937 60.830 214
496.153 108.937 60.829 205
496.158 108.935 60.829 201
496.162 108.937 60.829 204
496.166 108.938 60.829 206
496.171 108.938 60.829 207
496.176 108.937 60.829 205
496.181 108.937 60.828 209
496.186 108.937 60.828 214
496.190 108.938 60.828 213
496.195 108.937 60.828 206
496.199 108.938 60.828 200
496.204 108.938 60.828 208
496.209 108.937 60.827 183
496.214 108.938 60.827 150
496.643 107.570 60.661 127
497.285 105.510 60.411 124
497.289 105.507 60.410 127
497.291 105.511 60.411 128
497.293 105.512 60.411 125
497.296 105.514 60.411 124
497.297 105.518 60.411 125
497.302 105.510 60.410 122
497.305 105.511 60.410 122
497.307 105.513 60.410 121
497.310 105.514 60.410 123
497.314 105.512 60.410 120
497.317 105.511 60.410 122
497.319 105.515 60.410 117
497.321 105.517 60.410 86
497.322 105.524 60.411 97
496.292 108.940 60.825 109
496.298 108.939 60.825 159
496.302 108.938 60.824 210
496.306 108.939 60.824 207
496.311 108.940 60.824 200
496.316 108.939 60.824 205
496.320 108.941 60.824 206
496.325 108.939 60.824 202
496.330 108.940 60.824 205
496.334 108.941 60.824 205
496.339 108.940 60.823 196
496.344 108.939 60.823 199
496.349 108.940 60.823 190
496.353 108.940 60.823 170
496.357 108.941 60.823 160
496.362 108.942 60.823 155
496.367 108.941 60.823 149
496.371 108.940 60.822 151
496.376 108.940 60.822 149
496.381 108.941 60.822 152
496.385 108.941 60.822 152
496.390 108.941 60.822 150
496.394 108.942 60.822 148
496.399 108.942 60.822 146
496.404 108.942 60.821 144
496.408 108.942 60.821 139
496.413 108.941 60.821 135
496.418 108.942 60.821 120
496.422 108.942 60.821 113
496.428 108.938 60.820 100
497.721 104.457 60.279 93
497.725 104.449 60.278 89
497.728 104.447 60.278 110
497.733 104.440 60.277 102
497.737 104.433 60.276 100
497.740 104.431 60.276 99
497.741 104.435 60.276 100
497.747 104.422 60.274 99
497.748 104.428 60.275 86
497.755 104.418 60.274 99
497.757 104.421 60.274 107
497.757 104.428 60.275 97
497.760 104.427 60.275 90
497.763 104.425 60.274 81
497.778 104.439 60.275 84
497.781 104.436 60.275 108
497.785 104.428 60.274 115
497.792 104.412 60.272 90
497.797 104.420 60.273 81
497.802 104.411 60.272 102
497.803 104.415 60.272 90
497.805 104.415 60.272 94
497.809 104.411 60.271 89
497.810 104.414 60.272 82
497.811 104.428 60.273 82
497.823 104.445 60.275 81
497.825 104.445 60.275 81
497.827 104.447 60.275 87
497.828 104.452 60.275 97
497.831 104.448 60.275 89
497.832 104.453 60.275 80
497.850 104.412 60.270 103
497.856 104.396 60.268 120
497.859 104.395 60.268 138
497.862 104.393 60.268 139
497.864 104.392 60.268 138
497.867 104.390 60.267 138
497.870 104.390 60.267 135
497.872 104.390 60.267 135
497.875 104.385 60.266 136
497.877 104.389 60.267 134
497.880 104.384 60.266 134
497.883 104.383 60.266 131
497.885 104.383 60.266 133
497.887 104.384 60.266 147
497.889 104.384 60.266 216
497.891 104.386 60.266 252
497.894 104.384 60.266 158
497.896 104.386 60.266 126
497.897 104.389 60.266 112
497.899 104.391 60.266 109
497.901 104.391 60.266 108
497.902 104.396 60.267 101
497.899 104.418 60.269 88
497.900 104.425 60.270 92
497.899 104.436 60.272 92
497.901 104.437 60.272 93
497.902 104.442 60.272 90
497.920 104.466 60.274 103
497.923 104.463 60.274 95
497.924 104.466 60.274 85
497.927 104.463 60.274 83
497.928 104.469 60.274 83
497.930 104.472 60.275 94
497.931 104.475 60.275 98
497.931 104.485 60.276 96
497.933 104.486 60.276 93
497.935 104.488 60.276 95
497.936 104.492 60.277 100
497.939 104.493 60.277 96
497.942 104.490 60.276 95
497.942 104.499 60.277 95
497.942 104.507 60.278 94
497.945 104.507 60.278 94
497.946 104.510 60.279 95
497.950 104.505 60.278 91
497.956 104.487 60.276 88
497.961 104.476 60.274 90
497.965 104.472 60.274 94
497.967 104.471 60.274 90
497.970 104.469 60.273 96
497.971 104.473 60.274 93
497.974 104.469 60.273 89
497.977 104.467 60.273 84
497.980 104.466 60.273 86
497.982 104.468 60.273 85
497.986 104.458 60.272 88
497.990 104.453 60.271 86
498.013 104.391 60.263 84
498.018 104.428 60.267 80
498.025 104.439 60.269 81
498.026 104.445 60.269 91
498.028 104.443 60.269 92
498.031 104.443 60.269 93
498.033 104.445 60.269 92
498.035 104.445 60.269 92
498.038 104.441 60.268 85
498.043 104.440 60.268 88
498.048 104.425 60.266 87
498.046 104.445 60.269 82
498.053 104.445 60.268 94
498.052 104.460 60.270 98
498.041 104.522 60.278 89
498.041 104.531 60.279 91
498.040 104.548 60.280 103
498.042 104.550 60.281 131
498.044 104.553 60.281 129
498.045 104.559 60.282 111
498.046 104.564 60.282 99
496.148 108.938 60.825 200
496.153 108.937 60.825 207
496.157 108.937 60.825 204
496.162 108.936 60.824 202
496.166 108.937 60.824 209
496.172 108.937 60.824 216
496.177 108.936 60.824 205
496.180 108.938 60.824 203
496.186 108.936 60.824 215
496.190 108.938 60.824 207
496.195 108.938 60.823 207
496.199 108.939 60.823 199
496.205 108.937 60.823 202
496.209 108.938 60.823 188
496.213 108.939 60.823 151
497.068 106.200 60.491 129
497.284 105.512 60.408 129
497.287 105.514 60.408 130
497.291 105.510 60.408 128
497.293 105.513 60.408 125
497.297 105.509 60.407 126
497.299 105.513 60.408 128
497.302 105.512 60.408 122
497.305 105.512 60.407 122
497.308 105.511 60.407 121
497.310 105.513 60.407 122
497.313 105.514 60.407 121
497.317 105.512 60.407 124
497.319 105.514 60.407 115
497.320 105.519 60.408 84
497.321 105.526 60.408 93
496.292 108.942 60.821 109
496.297 108.941 60.820 159
496.302 108.939 60.820 195
496.306 108.940 60.820 213
496.311 108.940 60.820 206
496.316 108.940 60.820 205
496.321 108.939 60.819 197
496.325 108.941 60.819 211
496.330 108.939 60.819 193
496.334 108.941 60.819 206
496.338 108.941 60.819 203
496.343 108.940 60.819 199
496.348 108.941 60.819 192
496.353 108.940 60.818 186
496.358 108.940 60.818 177
496.362 108.940 60.818 166
496.366 108.941 60.818 166
496.371 108.940 60.818 175
496.376 108.941 60.818 164
496.381 108.940 60.817 168
496.385 108.942 60.818 168
496.390 108.941 60.817 165
496.395 108.940 60.817 162
496.399 108.941 60.817 160
496.404 108.941 60.817 158
496.408 108.942 60.817 155
496.413 108.940 60.816 155
496.418 108.940 60.816 151
496.421 108.943 60.817 147
496.427 108.943 60.816 142
496.430 108.945 60.816 122
497.725 104.452 60.276 95
497.728 104.449 60.276 138
497.731 104.447 60.275 111
497.733 104.448 60.275 96
497.737 104.440 60.275 90
497.740 104.439 60.274 90
497.765 104.400 60.269 92
497.771 104.388 60.268 94
497.775 104.382 60.267 87
497.779 104.425 60.272 83
497.779 104.435 60.273 104
497.781 104.437 60.273 120
497.783 104.437 60.273 120
497.785 104.437 60.273 82
497.811 104.455 60.274 95
497.810 104.465 60.275 110
497.815 104.457 60.274 95
497.816 104.461 60.274 101
497.817 104.466 60.275 104
497.817 104.473 60.276 103
497.821 104.467 60.275 123
497.824 104.465 60.275 155
497.826 104.466 60.275 106
497.829 104.464 60.274 110
497.831 104.467 60.275 110
497.834 104.464 60.274 104
497.841 104.448 60.272 107
497.851 104.418 60.269 106
497.859 104.396 60.266 108
497.863 104.389 60.265 109
497.865 104.390 60.265 107
497.868 104.386 60.264 104
497.871 104.383 60.264 102
497.875 104.377 60.263 104
497.878 104.375 60.263 100
497.881 104.372 60.263 104
497.883 104.372 60.262 104
497.887 104.367 60.262 119
497.888 104.370 60.262 115
497.890 104.373 60.262 128
497.892 104.373 60.262 113
497.893 104.378 60.263 119
497.897 104.373 60.262 124
497.898 104.376 60.263 103
497.900 104.377 60.263 99
497.903 104.375 60.262 107
497.905 104.375 60.262 116
497.907 104.376 60.262 108
497.904 104.399 60.265 82
497.912 104.375 60.262 92
497.909 104.397 60.265 83
497.912 104.395 60.264 84
497.909 104.414 60.267 84
497.912 104.414 60.266 82
497.904 104.454 60.271 89
497.901 104.477 60.274 94
497.903 104.476 60.274 97
497.904 104.481 60.274 99
497.906 104.484 60.274 92
497.908 104.487 60.275 90
497.912 104.478 60.274 80
497.919 104.486 60.274 84
497.931 104.485 60.274 86
497.932 104.493 60.275 92
497.935 104.491 60.274 94
497.935 104.497 60.275 84
497.939 104.493 60.275 87
497.940 104.499 60.275 85
497.942 104.499 60.275 81
497.944 104.499 60.275 90
497.948 104.493 60.274 88
497.952 104.486 60.273 86
497.958 104.469 60.271 91
497.962 104.462 60.270 92
497.963 104.467 60.271 91
497.968 104.458 60.270 98
497.969 104.461 60.270 101
497.971 104.462 60.270 104
497.974 104.460 60.270 104
497.977 104.460 60.270 92
497.979 104.457 60.269 81
498.010 104.383 60.260 82
498.014 104.378 60.260 105
498.017 104.375 60.259 124
498.018 104.377 60.259 119
498.021 104.375 60.259 105
498.022 104.380 60.260 106
498.025 104.378 60.259 106
498.027 104.377 60.259 104
498.026 104.391 60.261 83
498.027 104.429 60.265 82
498.029 104.430 60.265 86
498.030 104.436 60.266 88
498.032 104.438 60.266 86
498.041 104.427 60.264 86
498.044 104.425 60.264 87
498.045 104.431 60.265 81
498.043 104.460 60.268 105
498.045 104.460 60.268 116
498.047 104.461 60.268 115
498.052 104.451 60.267 106
498.054 104.453 60.267 107
498.053 104.468 60.269 108
498.045 104.516 60.274 100
498.040 104.550 60.278 104
498.042 104.553 60.279 126
498.044 104.554 60.279 133
498.046 104.554 60.279 131
498.046 104.564 60.280 106
496.148 108.937 60.820 207
496.153 108.936 60.820 212
496.158 108.936 60.820 205
496.162 108.937 60.820 208
496.166 108.938 60.820 211
496.172 108.936 60.819 205
496.176 108.937 60.819 195
496.181 108.937 60.819 200
496.186 108.937 60.819 207
496.189 108.939 60.819 204
496.195 108.937 60.819 204
496.199 108.938 60.819 212
496.204 108.938 60.819 206
496.209 108.938 60.818 185
496.214 108.937 60.818 153
496.855 106.885 60.571 128
497.284 105.513 60.405 126
497.288 105.511 60.405 133
497.291 105.509 60.405 129
497.293 105.512 60.405 128
497.297 105.510 60.405 125
497.299 105.513 60.405 127
497.301 105.514 60.405 126
497.306 105.510 60.404 120
497.307 105.514 60.405 123
497.310 105.514 60.405 121
497.313 105.513 60.404 124
497.316 105.515 60.405 124
497.319 105.513 60.404 116
497.321 105.518 60.405 85
497.324 105.516 60.404 89
496.291 108.945 60.816 109
496.297 108.940 60.816 158
496.302 108.939 60.815 194
496.306 108.940 60.815 203
496.311 108.939 60.815 196
496.316 108.939 60.815 203
496.320 108.940 60.815 202
496.325 108.942 60.815 207
496.330 108.940 60.815 205
496.334 108.941 60.815 204
496.339 108.940 60.814 202
496.343 108.941 60.814 211
496.349 108.939 60.814 210
496.352 108.941 60.814 198
496.357 108.942 60.814 193
496.361 108.942 60.814 192
496.367 108.940 60.813 189
496.371 108.942 60.813 190
496.376 108.940 60.813 190
496.381 108.941 60.813 189
496.385 108.941 60.813 191
496.390 108.940 60.813 188
496.394 108.942 60.813 186
496.399 108.941 60.812 181
496.404 108.942 60.812 179
496.408 108.942 60.812 169
496.413 108.942 60.812 171
496.417 108.943 60.812 163
496.421 108.944 60.812 154
496.426 108.944 60.812 148
496.432 108.940 60.811 136
496.436 108.943 60.812 115
497.927 103.743 60.189 89
497.728 104.449 60.273 142
497.731 104.448 60.273 115
497.731 104.454 60.274 99
497.736 104.447 60.273 98
497.739 104.444 60.273 103
497.777 104.349 60.261 91
497.779 104.350 60.261 99
497.781 104.351 60.261 99
497.785 104.346 60.260 88
497.793 104.349 60.260 94
497.793 104.357 60.261 80
497.793 104.374 60.263 104
497.796 104.373 60.263 107
497.790 104.404 60.267 82
497.792 104.405 60.267 83
497.791 104.414 60.268 92
497.793 104.417 60.268 97
497.792 104.428 60.269 89
497.796 104.421 60.268 93
497.797 104.429 60.269 91
497.797 104.436 60.270 89
497.799 104.436 60.270 87
497.798 104.450 60.271 87
497.798 104.457 60.272 86
497.801 104.455 60.272 96
497.802 104.461 60.273 89
497.803 104.467 60.273 101
497.805 104.468 60.273 103
497.806 104.473 60.274 110
497.809 104.471 60.273 127
497.811 104.470 60.273 112
497.812 104.475 60.274 110
497.815 104.473 60.274 113
497.818 104.469 60.273 112
497.822 104.464 60.272 135
497.825 104.463 60.272 176
497.828 104.461 60.272 113
497.831 104.459 60.271 130
497.833 104.460 60.272 133
497.834 104.463 60.272 126
497.838 104.458 60.271 136
497.842 104.452 60.270 127
497.855 104.411 60.265 92
497.866 104.376 60.261 99
497.867 104.381 60.262 96
497.871 104.376 60.261 98
497.876 104.363 60.259 88
497.875 104.376 60.261 97
497.878 104.374 60.261 84
497.883 104.364 60.259 102
497.882 104.378 60.261 95
497.887 104.368 60.260 110
497.889 104.367 60.259 116
497.891 104.367 60.260 127
497.893 104.371 60.260 107
497.896 104.368 60.259 113
497.898 104.366 60.259 120
497.900 104.367 60.259 99
497.901 104.374 60.260 98
497.903 104.376 60.260 108
497.906 104.372 60.260 107
497.906 104.382 60.261 94
497.910 104.376 60.260 86
497.910 104.382 60.261 97
497.912 104.385 60.261 90
497.915 104.382 60.260 102
497.915 104.392 60.262 84
497.915 104.401 60.263 92
497.906 104.446 60.268 98
497.902 104.473 60.271 106
497.902 104.479 60.272 108
497.904 104.480 60.272 110
497.906 104.485 60.272 110
497.907 104.489 60.273 108
497.909 104.491 60.273 105
497.910 104.494 60.273 104
497.912 104.500 60.274 101
497.912 104.506 60.274 107
497.916 104.501 60.274 128
497.918 104.501 60.274 105
497.918 104.509 60.275 95
497.920 104.514 60.275 85
497.923 104.511 60.275 80
497.926 104.508 60.274 82
497.929 104.504 60.274 87
497.929 104.514 60.275 84
497.930 104.521 60.276 89
497.952 104.466 60.269 85
497.954 104.466 60.269 89
497.959 104.456 60.267 88
497.960 104.459 60.268 90
497.965 104.452 60.267 94
497.964 104.462 60.268 102
497.969 104.451 60.267 105
497.971 104.452 60.267 100
497.973 104.454 60.267 83
498.006 104.381 60.258 87
498.010 104.375 60.257 99
498.012 104.375 60.257 113
498.015 104.373 60.257 139
498.018 104.371 60.256 189
498.020 104.372 60.257 184
498.021 104.374 60.257 141
498.024 104.372 60.256 122
498.024 104.380 60.257 111
498.027 104.378 60.257 105
498.027 104.389 60.258 85
498.029 104.419 60.262 88
498.029 104.432 60.263 87
498.033 104.422 60.262 88
498.037 104.415 60.261 80
498.040 104.411 60.260 89
498.040 104.422 60.262 87
498.043 104.417 60.261 81
498.042 104.452 60.265 94
498.045 104.450 60.265 119
498.047 104.451 60.265 128
498.050 104.447 60.264 126
498.053 104.445 60.264 120
498.054 104.454 60.265 116
498.052 104.474 60.267 108
498.041 104.531 60.274 97
498.040 104.551 60.276 101
498.042 104.552 60.276 125
498.044 104.551 60.276 130
498.045 104.559 60.277 126
498.047 104.562 60.277 100
496.148 108.937 60.816 201
496.153 108.937 60.816 210
496.157 108.937 60.816 206
496.162 108.936 60.815 208
496.167 108.936 60.815 210
496.171 108.939 60.815 199
496.176 108.938 60.815 207
496.181 108.938 60.815 208
496.186 108.937 60.815 206
496.189 108.939 60.815 205
496.195 108.937 60.814 202
496.199 108.938 60.814 205
496.204 108.939 60.814 202
496.209 108.938 60.814 176
496.214 108.937 60.814 154
497.069 106.197 60.485 129
497.284 105.514 60.403 129
497.288 105.510 60.402 132
497.291 105.511 60.402 133
497.293 105.512 60.402 129
497.296 105.513 60.402 126
497.299 105.514 60.402 125
497.302 105.513 60.402 124
497.305 105.513 60.402 118
497.308 105.513 60.402 122
497.310 105.514 60.402 125
497.313 105.515 60.402 125
497.315 105.517 60.402 123
497.319 105.513 60.401 116
497.320 105.521 60.402 84
497.320 105.528 60.403 87
496.292 108.941 60.811 109
496.297 108.940 60.811 163
496.302 108.939 60.811 198
496.306 108.939 60.811 203
496.311 108.939 60.811 202
496.316 108.938 60.810 203
496.320 108.940 60.810 200
496.326 108.939 60.810 203
496.329 108.940 60.810 208
496.333 108.942 60.810 210
496.339 108.940 60.810 201
496.343 108.941 60.810 206
496.348 108.940 60.809 214
496.353 108.940 60.809 211
496.357 108.940 60.809 201
496.362 108.942 60.809 211
496.367 108.939 60.809 206
496.371 108.941 60.809 202
496.375 108.942 60.809 203
496.381 108.940 60.808 208
496.385 108.940 60.808 196
496.390 108.941 60.808 197
496.395 108.940 60.808 192
496.399 108.941 60.808 189
496.404 108.940 60.808 188
496.409 108.940 60.808 186
496.412 108.942 60.808 182
496.418 108.941 60.807 174
496.422 108.943 60.807 157
496.426 108.947 60.808 145
496.429 108.950 60.808 123
497.944 103.678 60.179 89
497.728 104.440 60.270 117
497.729 104.444 60.271 143
497.732 104.442 60.270 132
497.735 104.441 60.270 130
497.739 104.436 60.269 138
497.742 104.431 60.269 123
497.769 104.354 60.259 84
497.771 104.354 60.259 108
497.772 104.357 60.260 110
497.778 104.346 60.258 99
497.781 104.345 60.258 98
497.783 104.345 60.258 96
497.785 104.347 60.258 95
497.793 104.341 60.257 99
497.794 104.345 60.258 102
497.795 104.369 60.260 99
497.799 104.362 60.259 105
497.803 104.431 60.267 86
497.806 104.430 60.267 91
497.806 104.437 60.267 101
497.807 104.443 60.268 104
497.806 104.455 60.269 111
497.807 104.458 60.270 116
497.809 104.462 60.270 125
497.810 104.467 60.271 127
497.813 104.464 60.270 133
497.815 104.465 60.270 134
497.817 104.467 60.270 135
497.821 104.459 60.269 136
497.823 104.460 60.269 142
497.826 104.460 60.269 182
497.828 104.462 60.270 131
497.830 104.459 60.269 138
497.833 104.458 60.269 133
497.836 104.456 60.269 140
497.838 104.456 60.269 135
497.842 104.453 60.268 117
497.865 104.383 60.260 98
497.868 104.380 60.259 90
497.869 104.384 60.260 84
497.875 104.369 60.258 85
497.876 104.374 60.258 93
497.886 104.362 60.257 97
497.887 104.367 60.257 125
497.889 104.369 60.258 114
497.891 104.369 60.257 134
497.892 104.375 60.258 102
497.895 104.370 60.257 108
497.898 104.369 60.257 119
497.899 104.373 60.258 89
497.903 104.365 60.257 88
497.903 104.373 60.258 109
497.905 104.376 60.258 111
497.908 104.375 60.258 104
497.908 104.383 60.258 85
497.914 104.377 60.258 87
497.915 104.382 60.258 93
497.914 104.395 60.260 83
497.916 104.395 60.260 97
497.910 104.431 60.264 86
497.902 104.471 60.268 96
497.902 104.480 60.269 104
497.903 104.486 60.270 106
497.907 104.480 60.269 108
497.907 104.488 60.270 110
497.909 104.489 60.270 111
497.910 104.494 60.271 114
497.912 104.497 60.271 113
497.914 104.499 60.271 114
497.915 104.504 60.272 122
497.918 104.500 60.271 118
497.918 104.509 60.272 115
497.920 104.511 60.272 113
497.922 104.514 60.273 115
497.923 104.519 60.273 116
497.925 104.523 60.274 116
497.927 104.523 60.274 116
497.930 104.518 60.273 118
497.934 104.513 60.272 105
497.945 104.475 60.268 92
497.953 104.451 60.265 91
497.956 104.451 60.265 92
497.958 104.451 60.265 91
497.961 104.445 60.264 96
497.963 104.451 60.265 102
497.963 104.458 60.265 102
497.967 104.451 60.265 104
497.970 104.447 60.264 94
497.974 104.441 60.263 82
498.005 104.376 60.255 98
498.007 104.379 60.255 109
498.010 104.375 60.255 115
498.012 104.376 60.255 132
498.015 104.373 60.255 150
498.017 104.372 60.254 225
498.019 104.373 60.254 226
498.021 104.373 60.254 147
498.024 104.373 60.254 122
498.024 104.381 60.255 110
498.027 104.378 60.255 104
498.029 104.379 60.255 91
498.026 104.421 60.260 84
498.032 104.407 60.258 87
498.033 104.413 60.259 87
498.036 104.410 60.258 82
498.039 104.406 60.258 81
498.040 104.443 60.262 97
498.043 104.439 60.261 110
498.045 104.440 60.261 119
498.047 104.441 60.261 124
498.049 104.441 60.261 125
498.051 104.445 60.262 116
498.050 104.461 60.263 106
498.043 104.505 60.269 101
498.039 104.535 60.272 96
498.038 104.549 60.274 93
498.040 104.550 60.274 98
498.041 104.554 60.274 119
498.043 104.558 60.275 122
498.044 104.561 60.275 117
498.046 104.563 60.275 94
496.148 108.939 60.811 209
496.153 108.937 60.811 214
496.157 108.937 60.811 199
496.162 108.937 60.811 204
496.167 108.936 60.810 207
496.171 108.938 60.811 212
496.176 108.938 60.810 212
496.181 108.937 60.810 207
496.186 108.938 60.810 210
496.189 108.939 60.810 207
496.195 108.938 60.810 212
496.200 108.938 60.810 203
496.204 108.937 60.809 200
496.209 108.938 60.809 184
496.213 108.939 60.809 153
497.068 106.199 60.482 130
497.284 105.514 60.400 131
497.287 105.511 60.399 132
497.291 105.511 60.399 131
497.292 105.516 60.400 128
497.296 105.513 60.399 126
497.299 105.514 60.399 128
497.302 105.512 60.399 123
497.305 105.512 60.399 126
497.308 105.511 60.399 125
497.310 105.515 60.399 125
497.313 105.515 60.399 124
497.316 105.516 60.399 122
497.319 105.513 60.398 114
497.321 105.517 60.399 84
497.324 105.518 60.399 87
496.291 108.945 60.807 109
496.298 108.938 60.806 160
496.302 108.939 60.806 194
496.306 108.938 60.806 201
496.311 108.940 60.806 209
496.316 108.941 60.806 198
496.320 108.942 60.806 199
496.326 108.939 60.805 206
496.329 108.941 60.806 205
496.334 108.941 60.805 202
496.339 108.940 60.805 199
496.343 108.941 60.805 211
496.348 108.941 60.805 207
496.353 108.940 60.805 205
496.357 108.941 60.805 208
496.362 108.941 60.805 213
496.367 108.940 60.804 210
496.371 108.941 60.804 209
496.375 108.942 60.804 208
496.381 108.941 60.804 201
496.385 108.940 60.804 196
496.390 108.941 60.804 185
496.394 108.941 60.803 178
496.399 108.942 60.803 176
496.404 108.941 60.803 173
496.409 108.940 60.803 175
496.412 108.943 60.803 169
496.418 108.941 60.803 158
496.421 108.944 60.803 151
496.423 108.956 60.804 117
497.724 104.439 60.268 122
497.726 104.440 60.268 141
497.728 104.440 60.268 140
497.731 104.439 60.268 141
497.733 104.439 60.268 141
497.736 104.436 60.267 138
497.739 104.435 60.267 122
497.751 104.401 60.263 103
497.764 104.362 60.258 80
497.769 104.354 60.257 104
497.773 104.348 60.256 122
497.775 104.348 60.256 113
497.778 104.344 60.256 99
497.780 104.348 60.256 96
497.784 104.341 60.255 98
497.785 104.346 60.256 104
497.789 104.339 60.255 84
497.790 104.344 60.255 105
497.793 104.341 60.255 138
497.795 104.342 60.255 146
497.797 104.343 60.255 103
497.797 104.351 60.256 111
497.799 104.354 60.256 109
497.797 104.367 60.258 106
497.812 104.450 60.266 91
497.814 104.453 60.267 94
497.815 104.455 60.267 103
497.818 104.455 60.267 107
497.819 104.457 60.267 109
497.821 104.458 60.267 114
497.823 104.462 60.267 123
497.825 104.462 60.267 141
497.827 104.464 60.267 118
497.831 104.459 60.267 109
497.832 104.463 60.267 94
497.834 104.464 60.267 106
497.836 104.464 60.267 88
497.866 104.385 60.258 99
497.866 104.394 60.259 103
497.877 104.387 60.257 81
497.880 104.386 60.257 101
497.883 104.381 60.257 105
497.885 104.383 60.257 95
497.887 104.385 60.257 103
497.887 104.392 60.258 108
497.890 104.389 60.257 116
497.894 104.384 60.257 93
497.897 104.390 60.257 88
497.900 104.388 60.257 105
497.904 104.380 60.256 106
497.905 104.384 60.256 86
497.912 104.396 60.258 103
497.907 104.489 60.268 88
497.909 104.491 60.268 92
497.910 104.496 60.269 102
497.912 104.499 60.269 107
497.914 104.500 60.269 107
497.915 104.506 60.270 111
497.917 104.504 60.269 114
497.919 104.507 60.270 116
497.921 104.509 60.270 119
497.923 104.512 60.270 121
497.923 104.518 60.271 124
497.927 104.515 60.270 128
497.928 104.517 60.271 125
497.934 104.503 60.269 110
497.944 104.473 60.265 102
497.952 104.445 60.262 92
497.955 104.444 60.262 92
497.958 104.442 60.261 97
497.963 104.429 60.260 102
497.961 104.449 60.262 103
497.965 104.441 60.261 103
497.967 104.443 60.261 96
497.971 104.433 60.260 89
497.977 104.419 60.258 84
497.979 104.419 60.258 85
497.980 104.427 60.259 81
497.983 104.420 60.258 82
497.986 104.417 60.258 83
497.991 104.408 60.257 81
498.003 104.384 60.254 94
498.007 104.375 60.253 107
498.010 104.372 60.252 112
498.012 104.375 60.253 126
498.015 104.374 60.252 145
498.017 104.373 60.252 216
498.019 104.373 60.252 252
498.021 104.375 60.252 146
498.023 104.377 60.253 121
498.025 104.379 60.253 109
498.027 104.377 60.252 101
498.028 104.384 60.253 90
498.025 104.409 60.256 84
498.028 104.406 60.256 80
498.040 104.423 60.257 95
498.039 104.435 60.259 110
498.043 104.431 60.258 119
498.045 104.432 60.258 122
498.047 104.433 60.258 121
498.048 104.440 60.259 114
498.049 104.445 60.259 105
498.041 104.493 60.265 90
498.036 104.525 60.269 82
498.036 104.533 60.270 101
498.038 104.537 60.270 103
498.039 104.544 60.271 97
498.039 104.553 60.272 95
498.041 104.556 60.272 118
498.042 104.560 60.272 126
498.043 104.566 60.273 111
498.047 104.559 60.272 92
496.148 108.937 60.807 205
496.153 108.937 60.807 203
496.158 108.936 60.806 202
496.162 108.936 60.806 205
496.167 108.937 60.806 207
496.171 108.938 60.806 208
496.176 108.937 60.806 207
496.181 108.938 60.806 204
496.185 108.938 60.806 208
496.189 108.939 60.805 211
496.195 108.938 60.805 209
496.199 108.939 60.805 210
496.204 108.938 60.805 202
496.209 108.939 60.805 187
496.213 108.939 60.805 155
497.067 106.203 60.479 131
497.285 105.511 60.397 131
497.287 105.514 60.397 137
497.290 105.512 60.396 134
497.293 105.512 60.396 132
497.296 105.514 60.396 128
497.299 105.512 60.396 127
497.301 105.514 60.396 126
497.306 105.509 60.396 127
497.307 105.514 60.396 127
497.311 105.511 60.396 125
497.313 105.516 60.396 125
497.316 105.514 60.396 126
497.320 105.512 60.395 114
497.320 105.521 60.396 85
497.325 105.515 60.396 87
496.290 108.946 60.803 108
496.298 108.939 60.802 158
496.302 108.939 60.802 188
496.306 108.939 60.802 204
496.311 108.940 60.801 209
496.316 108.939 60.801 209
496.321 108.939 60.801 205
496.325 108.940 60.801 201
496.330 108.940 60.801 205
496.334 108.941 60.801 212
496.339 108.940 60.801 202
496.344 108.940 60.800 205
496.349 108.940 60.800 205
496.353 108.940 60.800 206
496.357 108.940 60.800 206
496.362 108.941 60.800 205
496.367 108.941 60.800 199
496.371 108.940 60.800 205
496.376 108.941 60.800 200
496.381 108.941 60.799 191
496.385 108.940 60.799 177
496.390 108.940 60.799 164
496.395 108.940 60.799 155
496.399 108.940 60.799 149
496.404 108.939 60.798 149
496.408 108.941 60.798 145
496.412 108.944 60.799 140
496.416 108.947 60.799 131
496.417 108.960 60.800 115
497.723 104.440 60.266 110
497.727 104.433 60.265 114
497.730 104.433 60.265 113
497.732 104.434 60.265 109
497.734 104.436 60.265 108
497.739 104.427 60.264 108
497.750 104.394 60.260 102
497.769 104.355 60.255 82
497.773 104.348 60.254 97
497.775 104.347 60.254 85
497.788 104.328 60.251 81
497.787 104.339 60.253 106
497.789 104.338 60.252 95
497.791 104.340 60.253 118
497.793 104.340 60.253 252
497.796 104.340 60.253 254
497.796 104.349 60.253 109
497.798 104.348 60.253 120
497.800 104.351 60.254 113
497.820 104.471 60.266 83
497.826 104.459 60.265 85
497.826 104.468 60.266 84
497.837 104.470 60.266 84
497.842 104.461 60.264 105
497.844 104.460 60.264 122
497.849 104.450 60.263 122
497.852 104.447 60.263 111
497.872 104.405 60.257 81
497.876 104.401 60.257 105
497.879 104.397 60.256 99
497.874 104.436 60.261 91
497.885 104.402 60.257 118
497.889 104.395 60.256 138
497.889 104.405 60.257 82
497.894 104.401 60.256 88
497.896 104.404 60.257 106
497.898 104.406 60.257 97
497.877 104.515 60.269 104
497.884 104.496 60.267 95
497.902 104.436 60.260 84
497.919 104.518 60.269 85
497.922 104.513 60.268 94
497.926 104.505 60.267 102
497.931 104.495 60.266 104
497.938 104.477 60.264 103
497.949 104.441 60.259 95
497.953 104.435 60.259 91
497.955 104.434 60.258 96
497.959 104.429 60.258 102
497.961 104.428 60.258 97
497.963 104.428 60.257 96
497.963 104.438 60.259 96
497.966 104.436 60.258 92
497.970 104.429 60.257 94
497.974 104.422 60.257 91
497.978 104.414 60.256 85
497.980 104.417 60.256 88
497.981 104.421 60.256 84
497.983 104.421 60.256 88
497.986 104.417 60.256 87
497.990 104.411 60.255 85
497.992 104.411 60.255 88
497.996 104.404 60.254 85
497.999 104.402 60.254 91
498.007 104.377 60.251 103
498.011 104.369 60.250 107
498.012 104.375 60.250 118
498.014 104.375 60.250 136
498.017 104.373 60.250 183
498.019 104.374 60.250 252
498.021 104.376 60.250 143
498.023 104.376 60.250 120
498.025 104.377 60.250 108
498.026 104.384 60.251 100
498.028 104.386 60.251 104
498.028 104.393 60.252 106
498.029 104.400 60.253 84
498.036 104.419 60.255 89
498.037 104.426 60.255 108
498.038 104.429 60.256 117
498.041 104.427 60.255 121
498.043 104.428 60.255 121
498.046 104.428 60.255 114
498.046 104.434 60.256 105
498.043 104.460 60.259 83
498.033 104.536 60.268 81
498.036 104.535 60.268 102
498.037 104.540 60.268 102
498.038 104.545 60.269 94
498.040 104.550 60.269 92
498.041 104.555 60.270 115
498.043 104.557 60.270 124
498.044 104.562 60.270 107
498.047 104.562 60.270 93
496.148 108.938 60.802 206
496.153 108.936 60.802 209
496.157 108.937 60.802 208
496.161 108.938 60.802 206
496.166 108.938 60.802 215
496.172 108.936 60.801 212
496.176 108.938 60.801 209
496.181 108.937 60.801 202
496.186 108.937 60.801 212
496.190 108.938 60.801 203
496.195 108.938 60.801 202
496.199 108.939 60.801 210
496.204 108.939 60.800 200
496.209 108.938 60.800 186
496.213 108.939 60.800 154
496.855 106.887 60.557 131
497.285 105.511 60.394 132
497.288 105.511 60.394 134
497.290 105.513 60.394 133
497.294 105.509 60.393 129
497.297 105.510 60.393 131
497.299 105.512 60.393 126
497.302 105.512 60.393 125
497.305 105.512 60.393 126
497.307 105.515 60.393 126
497.311 105.509 60.393 125
497.314 105.512 60.393 126
497.316 105.514 60.393 122
497.320 105.511 60.393 114
497.324 105.507 60.392 89
497.323 105.519 60.393 91
496.288 108.955 60.799 109
496.297 108.941 60.798 165
496.301 108.940 60.797 191
496.306 108.938 60.797 204
496.311 108.941 60.797 202
496.316 108.939 60.797 206
496.320 108.941 60.797 200
496.325 108.941 60.797 206
496.330 108.940 60.796 204
496.334 108.939 60.796 205
496.339 108.938 60.796 205
496.343 108.940 60.796 203
496.348 108.941 60.796 205
496.353 108.940 60.796 205
496.357 108.940 60.795 205
496.362 108.941 60.795 207
496.367 108.941 60.795 202
496.371 108.940 60.795 196
496.376 108.940 60.795 190
496.381 108.940 60.795 172
496.385 108.941 60.795 159
496.389 108.944 60.795 129
496.391 108.954 60.796 107
496.194 109.647 60.877 88
497.724 104.421 60.261 105
497.727 104.418 60.261 102
497.725 104.432 60.262 86
497.731 104.422 60.261 103
497.733 104.422 60.261 108
497.735 104.424 60.261 107
497.737 104.424 60.261 100
497.744 104.410 60.259 113
497.760 104.362 60.254 134
497.763 104.360 60.253 80
497.790 104.329 60.249 108
497.788 104.342 60.251 88
497.791 104.342 60.251 105
497.793 104.342 60.251 144
497.796 104.339 60.250 143
497.796 104.348 60.251 102
497.797 104.352 60.252 105
497.799 104.354 60.252 86
497.824 104.465 60.263 87
497.830 104.451 60.261 90
497.827 104.471 60.264 80
497.838 104.465 60.263 90
497.840 104.468 60.263 113
497.844 104.461 60.262 143
497.846 104.461 60.262 152
497.849 104.462 60.262 145
497.851 104.463 60.262 101
497.859 104.487 60.264 104
497.860 104.492 60.265 137
497.872 104.451 60.260 134
497.888 104.399 60.254 138
497.866 104.496 60.265 100
498.205 103.198 60.113 90
498.208 103.191 60.113 109
498.036 103.885 60.194 104
498.206 103.214 60.115 91
497.941 104.446 60.258 89
497.946 104.433 60.256 96
497.949 104.429 60.256 96
497.954 104.418 60.254 96
497.955 104.424 60.255 93
497.960 104.415 60.254 99
497.959 104.425 60.255 101
497.964 104.418 60.254 100
497.966 104.417 60.254 102
497.969 104.414 60.254 103
497.971 104.413 60.253 106
497.974 104.414 60.253 106
497.976 104.413 60.253 105
497.977 104.420 60.254 99
497.982 104.405 60.252 97
497.985 104.405 60.252 93
497.986 104.411 60.253 92
497.990 104.403 60.252 90
497.991 104.409 60.252 87
497.994 104.404 60.252 87
497.996 104.406 60.252 87
497.999 104.400 60.251 93
498.006 104.380 60.249 98
498.009 104.379 60.249 104
498.012 104.373 60.248 112
498.014 104.375 60.248 124
498.017 104.375 60.248 157
498.019 104.375 60.248 252
498.021 104.375 60.248 151
498.023 104.379 60.248 118
498.025 104.377 60.248 111
498.027 104.379 60.248 107
498.028 104.384 60.249 111
498.028 104.392 60.250 104
498.031 104.390 60.249 80
498.032 104.418 60.252 86
498.034 104.417 60.252 106
498.036 104.418 60.252 115
498.039 104.415 60.252 121
498.041 104.418 60.252 121
498.042 104.422 60.253 115
498.043 104.429 60.253 107
498.041 104.450 60.256 84
498.031 104.537 60.265 80
498.033 104.539 60.266 86
498.036 104.534 60.265 104
498.037 104.540 60.266 103
498.040 104.540 60.266 91
498.039 104.563 60.268 90
498.042 104.560 60.268 98
498.044 104.561 60.268 91
498.047 104.561 60.268 91
496.148 108.939 60.798 207
496.153 108.937 60.797 209
496.157 108.937 60.797 202
496.162 108.936 60.797 210
496.166 108.938 60.797 202
496.172 108.937 60.797 209
496.176 108.937 60.797 212
496.181 108.938 60.796 201
496.185 108.939 60.796 200
496.190 108.938 60.796 200
496.195 108.938 60.796 202
496.200 108.937 60.796 201
496.204 108.939 60.796 207
496.209 108.939 60.796 186
496.213 108.939 60.796 152
497.068 106.201 60.472 132
497.285 105.510 60.391 136
497.288 105.511 60.391 135
497.289 105.515 60.391 135
497.293 105.512 60.391 126
497.296 105.512 60.391 131
497.299 105.512 60.390 127
497.302 105.512 60.390 125
497.306 105.510 60.390 124
497.308 105.513 60.390 127
497.311 105.512 60.390 130
497.314 105.513 60.390 129
497.317 105.512 60.390 127
497.319 105.515 60.390 117
497.322 105.513 60.390 90
497.323 105.519 60.390 90
496.290 108.947 60.794 110
496.298 108.939 60.793 160
496.302 108.939 60.793 194
496.306 108.939 60.792 201
496.311 108.939 60.792 210
496.316 108.940 60.792 204
496.320 108.941 60.792 201
496.325 108.940 60.792 206
496.330 108.940 60.792 203
496.334 108.940 60.792 203
496.339 108.940 60.791 207
496.343 108.940 60.791 207
496.348 108.940 60.791 205
496.353 108.941 60.791 214
496.357 108.941 60.791 202
496.362 108.940 60.791 203
496.367 108.941 60.791 206
496.371 108.940 60.790 199
496.376 108.940 60.790 186
496.381 108.941 60.790 166
496.384 108.945 60.791 146
497.915 103.709 60.176 95
497.712 104.415 60.259 84
497.715 104.419 60.259 90
497.721 104.416 60.259 86
497.724 104.421 60.259 104
497.729 104.414 60.258 104
497.729 104.420 60.259 90
497.732 104.419 60.259 105
497.733 104.424 60.259 106
497.735 104.425 60.259 106
497.738 104.421 60.259 104
497.741 104.419 60.258 118
497.748 104.402 60.256 108
497.789 104.332 60.247 108
497.786 104.349 60.249 81
497.794 104.336 60.248 87
497.795 104.342 60.248 96
497.794 104.354 60.250 84
497.821 104.478 60.262 80
497.827 104.463 60.260 81
497.839 104.472 60.261 103
497.843 104.464 60.260 120
497.847 104.458 60.259 139
497.848 104.463 60.260 122
497.848 104.474 60.261 87
497.852 104.503 60.264 80
497.855 104.500 60.264 109
497.858 104.497 60.263 152
497.867 104.473 60.260 144
497.888 104.400 60.252 137
497.862 104.509 60.264 84
496.605 109.489 60.843 95
496.779 108.820 60.765 105
496.780 108.831 60.766 114
496.786 108.829 60.766 120
496.790 108.830 60.766 128
496.794 108.833 60.766 133
496.798 108.834 60.766 133
496.803 108.832 60.766 130
496.810 108.821 60.765 127
496.813 108.825 60.765 117
496.814 108.841 60.767 126
496.816 108.852 60.768 141
496.820 108.852 60.768 126
496.822 108.864 60.769 137
496.827 108.862 60.769 136
496.830 108.866 60.769 115
496.833 108.873 60.770 124
496.838 108.871 60.769 116
496.843 108.867 60.769 109
496.854 108.842 60.766 95
497.940 104.429 60.254 91
497.946 104.415 60.252 92
497.947 104.420 60.252 94
497.948 104.423 60.253 96
497.951 104.421 60.252 96
497.954 104.418 60.252 103
497.956 104.420 60.252 105
497.959 104.416 60.252 110
497.963 104.408 60.251 111
497.966 104.406 60.250 113
497.968 104.408 60.251 117
497.971 104.407 60.250 121
497.973 104.407 60.250 125
497.975 104.406 60.250 123
497.977 104.406 60.250 115
497.981 104.401 60.249 110
497.984 104.398 60.249 109
497.985 104.404 60.250 97
497.989 104.396 60.249 88
497.992 104.395 60.249 81
497.995 104.402 60.249 83
497.999 104.391 60.248 90
498.002 104.390 60.248 94
498.006 104.383 60.247 99
498.007 104.387 60.247 104
498.012 104.376 60.246 109
498.013 104.379 60.246 115
498.016 104.377 60.246 138
498.019 104.375 60.246 182
498.021 104.376 60.246 141
498.023 104.378 60.246 110
498.025 104.379 60.246 108
498.026 104.384 60.246 109
498.030 104.377 60.246 86
498.031 104.392 60.247 81
498.034 104.388 60.247 93
498.032 104.405 60.249 99
498.033 104.413 60.249 113
498.035 104.415 60.250 117
498.038 104.409 60.249 118
498.039 104.414 60.250 113
498.040 104.424 60.251 104
498.034 104.459 60.255 82
498.032 104.541 60.264 99
498.036 104.537 60.263 113
498.038 104.538 60.263 103
498.038 104.545 60.264 90
498.044 104.565 60.266 83
498.049 104.549 60.264 86
496.149 108.936 60.793 206
496.153 108.937 60.793 206
496.157 108.938 60.793 211
496.162 108.938 60.793 208
496.166 108.938 60.792 203
496.171 108.938 60.792 204
496.176 108.939 60.792 210
496.180 108.938 60.792 206
496.185 108.939 60.792 208
496.190 108.938 60.792 204
496.194 108.939 60.792 207
496.199 108.939 60.791 205
496.204 108.939 60.791 200
496.209 108.937 60.791 186
496.213 108.939 60.791 154
496.856 106.884 60.549 128
497.284 105.514 60.388 133
497.288 105.509 60.388 135
497.291 105.511 60.388 133
497.294 105.511 60.388 128
497.296 105.513 60.388 129
497.299 105.512 60.388 131
497.301 105.514 60.388 127
497.305 105.512 60.387 126
497.308 105.511 60.387 124
497.311 105.512 60.387 128
497.313 105.514 60.387 126
497.317 105.511 60.387 128
497.320 105.512 60.387 120
497.322 105.513 60.387 85
497.326 105.509 60.386 85
496.291 108.945 60.789 108
496.298 108.939 60.788 159
496.302 108.939 60.788 197
496.306 108.940 60.788 202
496.311 108.940 60.788 205
496.316 108.939 60.788 207
496.320 108.942 60.788 207
496.325 108.941 60.787 200
496.330 108.940 60.787 197
496.334 108.940 60.787 198
496.339 108.941 60.787 206
496.343 108.940 60.787 204
496.348 108.941 60.787 210
496.353 108.941 60.787 212
496.357 108.941 60.786 215
496.362 108.940 60.786 210
496.367 108.940 60.786 194
496.371 108.942 60.786 200
496.376 108.939 60.786 186
496.381 108.941 60.786 162
496.385 108.942 60.786 141
497.910 103.728 60.176 83
497.719 104.430 60.258 94
497.724 104.419 60.256 115
497.727 104.421 60.257 112
497.733 104.422 60.257 103
497.733 104.430 60.257 104
497.738 104.422 60.256 98
497.740 104.425 60.257 118
497.742 104.425 60.256 93
497.787 104.337 60.246 108
497.800 104.359 60.248 104
497.842 104.462 60.258 84
497.846 104.455 60.257 116
497.848 104.454 60.257 133
497.851 104.452 60.256 88
497.855 104.500 60.261 108
497.858 104.497 60.261 148
497.862 104.491 60.260 144
497.874 104.453 60.256 111
496.613 109.494 60.839 90
496.790 108.811 60.760 106
496.792 108.822 60.761 117
496.794 108.832 60.762 128
496.798 108.832 60.762 121
496.801 108.839 60.762 128
496.804 108.844 60.763 131
496.810 108.840 60.762 135
496.812 108.850 60.763 140
496.816 108.853 60.763 147
496.819 108.856 60.764 140
496.821 108.866 60.765 154
496.826 108.866 60.765 153
496.829 108.873 60.765 138
496.831 108.882 60.766 155
496.836 108.880 60.766 148
496.840 108.882 60.766 143
496.845 108.879 60.765 134
496.852 108.871 60.764 107
497.941 104.417 60.250 91
497.941 104.424 60.251 94
497.946 104.414 60.249 94
497.949 104.411 60.249 98
497.953 104.406 60.249 99
497.954 104.408 60.249 96
497.956 104.409 60.249 98
497.960 104.406 60.248 105
497.962 104.404 60.248 104
497.965 104.400 60.248 104
497.968 104.399 60.247 105
497.970 104.398 60.247 107
497.973 104.395 60.247 112
497.974 104.400 60.247 118
497.977 104.399 60.247 116
497.980 104.395 60.247 105
497.983 104.392 60.246 106
497.986 104.390 60.246 97
497.988 104.391 60.246 83
498.003 104.386 60.245 88
498.006 104.382 60.245 105
498.009 104.379 60.244 106
498.011 104.380 60.244 106
498.014 104.378 60.244 107
498.016 104.375 60.244 109
498.019 104.374 60.243 113
498.021 104.377 60.244 109
498.024 104.372 60.243 98
498.024 104.383 60.244 86
498.026 104.384 60.244 87
498.025 104.398 60.246 96
498.027 104.400 60.246 101
498.030 104.397 60.246 99
498.032 104.394 60.245 105
498.034 104.399 60.246 107
498.035 104.403 60.246 119
498.035 104.413 60.247 113
498.034 104.428 60.249 107
498.024 104.485 60.255 88
498.021 104.518 60.259 82
496.148 108.936 60.788 200
496.152 108.939 60.788 210
496.157 108.939 60.788 204
496.161 108.939 60.788 211
496.167 108.937 60.788 208
496.171 108.938 60.788 204
496.176 108.938 60.787 205
496.180 108.938 60.787 208
496.185 108.938 60.787 204
496.190 108.937 60.787 203
496.195 108.939 60.787 210
496.199 108.939 60.787 207
496.204 108.938 60.787 204
496.209 108.938 60.786 187
496.214 108.937 60.786 153
496.643 107.568 60.626 128
497.285 105.509 60.385 127
497.287 105.513 60.385 131
497.291 105.511 60.385 134
497.293 105.513 60.385 133
497.296 105.511 60.385 129
497.299 105.513 60.385 127
497.301 105.515 60.385 130
497.305 105.514 60.385 126
497.307 105.514 60.385 126
497.310 105.514 60.385 128
497.313 105.513 60.384 131
497.317 105.511 60.384 137
497.320 105.512 60.384 124
497.321 105.518 60.385 83
497.323 105.521 60.385 84
496.289 108.950 60.785 108
496.297 108.940 60.784 160
496.301 108.941 60.784 196
496.305 108.941 60.784 209
496.311 108.940 60.783 207
496.316 108.939 60.783 204
496.320 108.940 60.783 210
496.325 108.940 60.783 207
496.329 108.941 60.783 203
496.334 108.939 60.782 208
496.338 108.941 60.782 205
496.344 108.939 60.782 205
496.348 108.940 60.782 204
496.353 108.940 60.782 203
496.357 108.941 60.782 199
496.362 108.941 60.782 213
496.366 108.942 60.782 203
496.371 108.940 60.781 200
496.376 108.941 60.781 187
496.380 108.942 60.781 168
496.385 108.942 60.781 149
496.390 108.941 60.781 109
497.708 104.437 60.257 93
497.709 104.441 60.257 95
497.719 104.437 60.256 91
497.723 104.448 60.257 83
497.727 104.442 60.257 84
497.728 104.449 60.257 118
497.732 104.444 60.257 110
497.735 104.440 60.256 88
497.736 104.445 60.257 81
497.789 104.331 60.243 109
497.798 104.364 60.246 102
497.839 104.462 60.255 82
497.843 104.458 60.255 88
497.846 104.456 60.255 126
497.848 104.453 60.254 140
497.850 104.457 60.254 97
497.854 104.504 60.260 85
497.859 104.494 60.258 110
497.861 104.495 60.258 107
497.865 104.488 60.257 81
496.810 108.820 60.756 94
496.812 108.831 60.757 107
496.813 108.846 60.758 117
496.816 108.850 60.759 139
496.819 108.858 60.759 135
496.822 108.862 60.760 150
496.826 108.864 60.760 152
496.829 108.874 60.761 139
496.831 108.880 60.762 155
496.836 108.880 60.761 152
496.840 108.880 60.761 143
496.847 108.874 60.760 127
497.937 104.412 60.247 83
497.941 104.408 60.247 91
497.944 104.403 60.246 97
497.945 104.410 60.247 102
497.949 104.403 60.246 105
497.952 104.399 60.245 108
497.955 104.398 60.245 107
497.957 104.398 60.245 108
497.960 104.395 60.245 108
497.962 104.394 60.245 104
497.964 104.395 60.245 105
497.968 104.390 60.244 105
497.970 104.389 60.244 110
497.972 104.389 60.244 111
497.975 104.387 60.244 111
497.977 104.388 60.244 110
497.980 104.385 60.243 111
497.983 104.383 60.243 106
497.986 104.382 60.243 105
497.989 104.378 60.242 101
497.990 104.383 60.243 83
498.007 104.375 60.241 87
498.011 104.370 60.241 89
498.012 104.373 60.241 94
498.015 104.373 60.241 95
498.017 104.372 60.241 104
498.019 104.375 60.241 116
498.020 104.378 60.242 117
498.022 104.379 60.242 105
498.024 104.383 60.242 97
498.023 104.395 60.243 111
498.026 104.394 60.243 123
498.027 104.398 60.243 121
498.030 104.394 60.243 111
498.032 104.396 60.243 108
498.034 104.399 60.243 110
498.029 104.429 60.247 108
498.018 104.489 60.254 104
498.016 104.510 60.256 93
498.017 104.516 60.257 85
498.021 104.518 60.257 90
496.148 108.937 60.784 202
496.152 108.938 60.784 199
496.157 108.937 60.783 201
496.162 108.938 60.783 208
496.166 108.938 60.783 210
496.171 108.939 60.783 199
496.176 108.938 60.783 205
496.181 108.938 60.783 199
496.185 108.939 60.783 199
496.190 108.937 60.782 203
496.195 108.938 60.782 202
496.199 108.939 60.782 206
496.204 108.940 60.782 202
496.209 108.938 60.782 184
496.213 108.939 60.782 153
496.432 108.250 60.701 128
497.285 105.509 60.382 126
497.288 105.511 60.382 131
497.291 105.511 60.382 131
497.294 105.511 60.382 129
497.297 105.510 60.382 132
497.299 105.512 60.382 131
497.303 105.510 60.382 129
497.305 105.513 60.382 129
497.308 105.512 60.382 126
497.311 105.512 60.381 126
497.314 105.510 60.381 133
497.318 105.510 60.381 139
497.320 105.510 60.381 126
497.321 105.518 60.382 88
497.115 106.206 60.462 87
496.291 108.945 60.780 108
496.297 108.940 60.779 159
496.301 108.940 60.779 191
496.306 108.940 60.779 204
496.311 108.939 60.779 206
496.316 108.938 60.778 210
496.320 108.940 60.778 207
496.325 108.940 60.778 204
496.329 108.942 60.778 207
496.334 108.940 60.778 200
496.339 108.939 60.778 206
496.344 108.938 60.777 198
496.349 108.939 60.777 197
496.353 108.940 60.777 202
496.358 108.940 60.777 203
496.362 108.941 60.777 208
496.367 108.941 60.777 199
496.371 108.941 60.777 198
496.376 108.941 60.777 193
496.380 108.942 60.777 171
496.385 108.942 60.777 156
496.390 108.941 60.776 145
496.394 108.941 60.776 136
496.397 108.947 60.777 127
496.402 108.946 60.776 113
496.407 108.947 60.776 107
496.411 108.946 60.776 106
496.408 108.974 60.779 93
496.220 109.643 60.857 81
496.426 108.944 60.775 86
497.728 104.448 60.255 131
497.730 104.450 60.255 121
497.788 104.336 60.241 109
497.798 104.364 60.244 90
497.842 104.452 60.252 93
497.842 104.462 60.253 93
497.846 104.455 60.252 118
497.848 104.453 60.252 126
497.848 104.464 60.253 92
497.857 104.493 60.256 87
497.860 104.490 60.255 122
497.861 104.495 60.256 123
496.819 108.858 60.755 87
496.824 108.854 60.754 110
496.826 108.863 60.755 119
496.829 108.871 60.756 117
496.833 108.876 60.757 144
496.837 108.876 60.756 140
496.674 109.563 60.835 105
497.937 104.403 60.244 89
497.940 104.402 60.244 96
497.944 104.394 60.243 104
497.946 104.393 60.243 107
497.950 104.389 60.242 108
497.950 104.397 60.243 110
497.954 104.392 60.242 110
497.958 104.384 60.241 110
497.959 104.389 60.242 112
497.962 104.387 60.242 109
497.965 104.384 60.241 113
497.967 104.385 60.241 108
497.968 104.387 60.241 107
497.971 104.385 60.241 109
497.973 104.386 60.241 109
497.976 104.383 60.241 106
497.980 104.378 60.240 106
497.981 104.380 60.240 106
497.984 104.377 60.240 99
497.987 104.376 60.240 88
498.014 104.357 60.237 83
498.013 104.371 60.239 91
498.016 104.369 60.238 97
498.018 104.366 60.238 105
498.019 104.374 60.239 113
498.021 104.377 60.239 114
498.021 104.386 60.240 130
498.023 104.388 60.240 131
498.023 104.396 60.241 133
498.027 104.388 60.240 126
498.029 104.392 60.240 120
498.031 104.390 60.240 113
498.032 104.397 60.241 108
498.030 104.416 60.243 99
498.013 104.501 60.253 102
498.013 104.513 60.254 105
498.013 104.523 60.255 94
498.014 104.527 60.256 82
498.019 104.527 60.255 90
496.148 108.938 60.779 207
496.153 108.937 60.779 206
496.157 108.937 60.779 207
496.162 108.937 60.779 206
496.167 108.937 60.778 212
496.171 108.938 60.778 203
496.176 108.937 60.778 208
496.180 108.939 60.778 207
496.186 108.938 60.778 201
496.190 108.938 60.778 204
496.195 108.938 60.778 210
496.200 108.937 60.777 205
496.204 108.938 60.777 203
496.209 108.938 60.777 189
496.213 108.939 60.777 154
496.431 108.253 60.698 131
497.284 105.513 60.380 131
497.288 105.510 60.379 130
497.289 105.515 60.380 132
497.293 105.512 60.379 131
497.295 105.515 60.379 132
497.298 105.515 60.379 129
497.303 105.510 60.379 130
497.305 105.512 60.379 128
497.309 105.509 60.378 126
497.311 105.510 60.378 124
497.314 105.512 60.379 135
497.317 105.513 60.379 140
497.320 105.510 60.378 126
497.320 105.522 60.379 90
497.323 105.519 60.379 90
496.290 108.947 60.775 108
496.298 108.939 60.774 157
496.301 108.940 60.774 190
496.306 108.939 60.774 204
496.311 108.939 60.774 204
496.315 108.941 60.774 209
496.320 108.940 60.774 214
496.325 108.939 60.774 210
496.330 108.940 60.774 213
496.334 108.941 60.773 208
496.339 108.939 60.773 208
496.343 108.940 60.773 210
496.348 108.941 60.773 200
496.352 108.941 60.773 211
496.358 108.940 60.773 206
496.362 108.941 60.773 216
496.366 108.943 60.773 208
496.372 108.939 60.772 201
496.375 108.942 60.772 194
496.381 108.940 60.772 184
496.385 108.941 60.772 175
496.390 108.942 60.772 163
496.394 108.941 60.772 157
496.399 108.940 60.771 154
496.403 108.942 60.771 152
496.408 108.941 60.771 149
496.412 108.942 60.771 149
496.417 108.945 60.771 150
496.421 108.944 60.771 150
496.427 108.941 60.771 147
496.431 108.941 60.770 143
496.436 108.942 60.770 141
496.440 108.944 60.770 136
497.929 103.745 60.172 114
497.931 103.746 60.172 107
496.456 108.938 60.769 125
496.460 108.940 60.770 120
496.460 108.955 60.771 101
497.788 104.336 60.239 109
497.843 104.456 60.250 82
497.845 104.457 60.250 93
497.848 104.456 60.250 97
497.858 104.490 60.253 92
497.860 104.491 60.253 125
497.862 104.492 60.253 126
497.865 104.491 60.253 82
497.935 104.394 60.241 85
497.939 104.388 60.240 90
497.942 104.382 60.239 92
497.942 104.391 60.240 96
497.945 104.391 60.240 103
497.947 104.390 60.240 103
497.951 104.383 60.239 101
497.953 104.386 60.240 99
497.955 104.385 60.239 100
497.960 104.377 60.238 97
497.961 104.381 60.239 97
497.963 104.381 60.239 93
497.966 104.380 60.239 95
497.971 104.377 60.238 85
497.973 104.379 60.238 82
497.976 104.373 60.238 82
497.976 104.385 60.239 80
498.018 104.368 60.236 86
498.017 104.382 60.238 107
498.020 104.381 60.237 122
498.020 104.389 60.238 126
498.023 104.384 60.238 123
498.025 104.386 60.238 125
498.028 104.385 60.238 116
498.027 104.397 60.239 106
498.026 104.412 60.241 81
498.010 104.515 60.252 104
498.013 104.513 60.252 106
498.016 104.510 60.251 95
498.015 104.525 60.253 85
498.019 104.529 60.253 87
498.020 104.533 60.254 85
498.026 104.527 60.253 84
498.046 104.566 60.257 104
496.148 108.938 60.775 207
496.152 108.938 60.775 210
496.157 108.938 60.774 214
496.161 108.938 60.774 212
496.166 108.938 60.774 207
496.171 108.939 60.774 212
496.176 108.938 60.774 201
496.181 108.937 60.774 212
496.185 108.939 60.773 208
496.189 108.939 60.773 206
496.195 108.939 60.773 212
496.200 108.938 60.773 202
496.204 108.940 60.773 209
496.209 108.939 60.773 191
496.213 108.939 60.773 151
496.643 107.569 60.614 131
497.284 105.512 60.377 132
497.287 105.513 60.377 129
497.290 105.512 60.376 133
497.293 105.512 60.376 132
497.297 105.510 60.376 129
497.300 105.510 60.376 129
497.302 105.514 60.376 126
497.305 105.512 60.376 126
497.308 105.510 60.376 126
497.310 105.514 60.376 128
497.314 105.513 60.376 134
497.317 105.513 60.376 140
497.320 105.510 60.375 126
497.321 105.518 60.376 91
497.324 105.516 60.376 90
496.290 108.947 60.771 108
496.297 108.941 60.770 162
496.301 108.941 60.770 201
496.306 108.940 60.770 212
496.311 108.940 60.770 197
496.315 108.941 60.770 208
496.320 108.940 60.769 202
496.325 108.939 60.769 204
496.330 108.940 60.769 202
496.334 108.940 60.769 205
496.339 108.940 60.769 207
496.343 108.942 60.769 215
496.349 108.940 60.768 203
496.352 108.942 60.768 209
496.358 108.940 60.768 202
496.362 108.941 60.768 210
496.367 108.940 60.768 208
496.371 108.940 60.768 200
496.376 108.941 60.768 205
496.381 108.941 60.768 190
496.385 108.940 60.767 191
496.390 108.941 60.767 184
496.394 108.941 60.767 174
496.399 108.941 60.767 168
496.404 108.941 60.767 163
496.409 108.940 60.767 162
496.412 108.942 60.767 164
496.418 108.941 60.766 165
496.422 108.943 60.766 163
496.427 108.942 60.766 164
496.431 108.942 60.766 157
496.436 108.942 60.766 155
496.440 108.945 60.766 151
497.937 103.718 60.166 108
497.934 103.732 60.168 104
496.454 108.943 60.765 140
496.460 108.941 60.765 130
496.459 108.959 60.767 102
497.788 104.327 60.236 80
497.789 104.331 60.236 109
497.843 104.458 60.248 83
497.843 104.466 60.249 104
497.847 104.459 60.248 115
497.855 104.493 60.251 80
497.856 104.497 60.252 84
497.859 104.494 60.251 106
497.862 104.491 60.251 105
497.933 104.384 60.238 81
497.940 104.392 60.238 82
497.948 104.386 60.237 80
497.960 104.377 60.236 80
498.020 104.360 60.233 95
498.018 104.381 60.235 113
498.019 104.385 60.235 115
498.020 104.392 60.236 107
498.020 104.400 60.237 107
498.022 104.402 60.237 113
498.011 104.460 60.244 104
498.006 104.491 60.247 93
498.010 104.516 60.250 102
498.013 104.515 60.250 104
498.015 104.515 60.250 97
498.016 104.519 60.250 85
498.022 104.515 60.249 89
498.022 104.525 60.250 87
498.046 104.563 60.254 92
496.148 108.937 60.770 208
496.153 108.938 60.770 207
496.158 108.937 60.770 214
496.162 108.937 60.770 203
496.167 108.937 60.769 207
496.171 108.938 60.769 212
496.177 108.936 60.769 202
496.180 108.939 60.769 202
496.185 108.939 60.769 202
496.190 108.937 60.769 202
496.195 108.938 60.769 205
496.200 108.937 60.768 206
496.204 108.938 60.768 198
496.209 108.938 60.768 189
496.213 108.939 60.768 156
496.644 107.567 60.610 132
497.285 105.512 60.374 132
497.287 105.512 60.374 128
497.290 105.514 60.374 135
497.293 105.514 60.374 129
497.296 105.512 60.373 130
497.299 105.513 60.373 130
497.303 105.508 60.373 126
497.305 105.512 60.373 127
497.307 105.514 60.373 125
497.310 105.513 60.373 125
497.314 105.511 60.373 135
497.317 105.511 60.373 142
497.319 105.515 60.373 123
497.321 105.517 60.373 89
497.321 105.525 60.374 87
496.290 108.947 60.766 108
496.297 108.940 60.765 158
496.301 108.940 60.765 199
496.306 108.941 60.765 213
496.311 108.939 60.765 205
496.316 108.941 60.765 201
496.320 108.941 60.765 212
496.325 108.940 60.765 198
496.330 108.940 60.764 208
496.334 108.939 60.764 203
496.339 108.941 60.764 210
496.343 108.941 60.764 208
496.349 108.939 60.764 212
496.353 108.940 60.764 212
496.357 108.942 60.764 209
496.362 108.940 60.763 203
496.367 108.940 60.763 203
496.371 108.940 60.763 204
496.376 108.940 60.763 210
496.381 108.942 60.763 207
496.385 108.940 60.763 192
496.390 108.941 60.763 192
496.394 108.941 60.763 191
496.399 108.942 60.763 194
496.404 108.940 60.762 185
496.408 108.941 60.762 189
496.412 108.942 60.762 191
496.418 108.941 60.762 188
496.422 108.941 60.762 186
496.427 108.941 60.762 187
496.432 108.941 60.761 186
496.436 108.940 60.761 168
496.441 108.940 60.761 165
496.445 108.943 60.761 153
496.450 108.941 60.761 148
496.456 108.938 60.760 142
496.459 108.942 60.761 130
496.460 108.955 60.762 104
497.786 104.332 60.234 82
497.789 104.332 60.234 111
497.843 104.466 60.246 97
497.844 104.470 60.247 108
497.857 104.493 60.249 95
497.857 104.501 60.250 110
497.861 104.497 60.249 109
498.020 104.358 60.230 97
498.018 104.378 60.233 88
498.000 104.490 60.245 90
498.001 104.493 60.245 104
498.000 104.509 60.247 103
498.003 104.507 60.247 93
498.010 104.515 60.247 102
498.013 104.513 60.247 102
498.014 104.520 60.248 99
498.014 104.528 60.249 95
498.019 104.526 60.248 98
498.021 104.531 60.249 100
498.026 104.517 60.247 80
498.028 104.519 60.247 81
496.148 108.938 60.765 214
496.153 108.937 60.765 205
496.157 108.938 60.765 206
496.162 108.938 60.765 205
496.167 108.937 60.765 208
496.171 108.938 60.765 201
496.176 108.938 60.765 204
496.180 108.938 60.764 207
496.186 108.938 60.764 196
496.190 108.938 60.764 203
496.195 108.938 60.764 200
496.199 108.939 60.764 205
496.204 108.939 60.764 196
496.209 108.939 60.764 185
496.214 108.938 60.763 153
496.643 107.568 60.606 131
497.284 105.512 60.371 133
497.287 105.512 60.371 128
497.290 105.513 60.371 129
497.293 105.512 60.371 129
497.296 105.512 60.371 127
497.299 105.513 60.370 132
497.302 105.511 60.370 123
497.306 105.510 60.370 123
497.308 105.510 60.370 127
497.310 105.514 60.370 131
497.313 105.515 60.370 129
497.317 105.511 60.370 133
497.319 105.513 60.370 125
497.323 105.510 60.369 84
497.322 105.522 60.371 88
496.290 108.949 60.762 107
496.297 108.942 60.761 160
496.301 108.940 60.761 198
496.306 108.940 60.761 203
496.311 108.940 60.760 198
496.315 108.942 60.760 207
496.320 108.940 60.760 210
496.325 108.942 60.760 207
496.329 108.942 60.760 214
496.334 108.940 60.760 194
496.339 108.941 60.760 206
496.343 108.941 60.759 208
496.349 108.939 60.759 208
496.352 108.942 60.759 205
496.357 108.943 60.759 212
496.362 108.941 60.759 206
496.366 108.942 60.759 210
496.371 108.941 60.759 210
496.376 108.941 60.759 207
496.381 108.940 60.758 206
496.385 108.941 60.758 209
496.390 108.942 60.758 200
496.394 108.941 60.758 201
496.399 108.942 60.758 202
496.403 108.942 60.758 198
496.409 108.940 60.757 199
496.412 108.942 60.758 205
496.417 108.942 60.757 206
496.422 108.942 60.757 200
496.427 108.942 60.757 212
496.431 108.941 60.757 194
496.436 108.942 60.757 192
496.441 108.941 60.757 183
496.446 108.940 60.756 166
496.450 108.941 60.756 154
496.456 108.938 60.756 133
497.933 103.753 60.166 86
497.784 104.341 60.233 84
497.789 104.331 60.231 109
497.799 104.369 60.235 83
497.803 104.363 60.234 93
497.803 104.371 60.235 104
497.806 104.369 60.235 86
497.806 104.385 60.237 95
497.811 104.378 60.236 101
497.856 104.505 60.248 109
497.860 104.499 60.247 105
498.023 104.349 60.227 86
497.996 104.504 60.244 86
497.998 104.505 60.244 103
498.000 104.510 60.245 103
498.003 104.507 60.244 89
498.009 104.522 60.246 97
498.012 104.518 60.245 104
498.015 104.514 60.245 95
498.017 104.516 60.245 80
498.015 104.589 60.253 102
498.014 104.603 60.254 117
496.148 108.937 60.761 206
496.152 108.939 60.761 206
496.157 108.938 60.761 206
496.162 108.937 60.760 211
496.166 108.938 60.760 203
496.171 108.939 60.760 214
496.176 108.938 60.760 204
496.180 108.938 60.760 204
496.186 108.937 60.760 202
496.189 108.939 60.760 195
496.194 108.938 60.759 207
496.200 108.937 60.759 202
496.204 108.939 60.759 199
496.209 108.938 60.759 186
496.213 108.940 60.759 154
496.643 107.568 60.602 132
497.285 105.512 60.368 134
497.288 105.511 60.368 134
497.291 105.509 60.367 133
497.293 105.514 60.368 130
497.296 105.512 60.368 130
497.300 105.511 60.367 130
497.303 105.510 60.367 126
497.306 105.511 60.367 123
497.307 105.514 60.367 130
497.310 105.513 60.367 132
497.314 105.513 60.367 129
497.317 105.511 60.367 135
497.320 105.512 60.367 130
497.322 105.513 60.367 84
497.321 105.527 60.368 89
496.290 108.947 60.757 107
496.297 108.939 60.756 156
496.301 108.940 60.756 194
496.306 108.941 60.756 206
496.311 108.939 60.756 200
496.316 108.940 60.756 199
496.321 108.939 60.755 205
496.325 108.940 60.755 202
496.330 108.939 60.755 200
496.334 108.940 60.755 199
496.339 108.940 60.755 208
496.343 108.940 60.755 198
496.349 108.940 60.755 204
496.352 108.942 60.755 216
496.357 108.941 60.755 213
496.362 108.941 60.754 206
496.366 108.942 60.754 212
496.371 108.941 60.754 213
496.376 108.941 60.754 204
496.381 108.941 60.754 207
496.385 108.941 60.754 208
496.390 108.941 60.753 197
496.394 108.941 60.753 209
496.399 108.941 60.753 204
496.404 108.942 60.753 212
496.409 108.940 60.753 200
496.413 108.940 60.753 197
496.418 108.941 60.753 207
496.422 108.941 60.753 207
496.427 108.942 60.753 215
496.431 108.941 60.752 199
496.436 108.942 60.752 200
496.441 108.941 60.752 185
496.445 108.942 60.752 170
496.450 108.940 60.752 145
497.731 104.456 60.244 111
497.733 104.455 60.244 102
497.789 104.331 60.229 106
497.797 104.370 60.233 90
497.799 104.369 60.233 118
497.801 104.370 60.233 129
497.804 104.369 60.233 145
497.806 104.368 60.233 118
497.806 104.378 60.234 105
497.807 104.383 60.234 121
497.810 104.381 60.234 137
497.810 104.389 60.235 107
498.021 104.356 60.226 81
497.998 104.499 60.241 85
497.997 104.510 60.243 105
498.000 104.509 60.242 105
498.002 104.510 60.242 93
498.011 104.511 60.242 96
498.011 104.520 60.243 103
496.956 109.372 60.784 80
496.808 110.072 60.862 80
498.014 104.593 60.251 110
498.015 104.601 60.252 134
498.022 104.579 60.249 96
496.148 108.939 60.756 204
496.152 108.939 60.756 207
496.157 108.938 60.756 210
496.161 108.939 60.756 211
496.166 108.938 60.756 208
496.172 108.937 60.755 206
496.176 108.938 60.755 207
496.181 108.937 60.755 203
496.186 108.937 60.755 198
496.190 108.938 60.755 207
496.194 108.938 60.755 207
496.200 108.938 60.755 201
496.204 108.939 60.755 204
496.209 108.938 60.754 184
496.213 108.939 60.754 153
496.856 106.884 60.521 130
497.285 105.510 60.365 136
497.287 105.512 60.365 132
497.290 105.512 60.365 137
497.294 105.511 60.365 135
497.296 105.512 60.365 133
497.299 105.513 60.365 136
497.302 105.511 60.364 135
497.306 105.510 60.364 129
497.309 105.508 60.364 128
497.310 105.513 60.364 129
497.313 105.514 60.364 131
497.317 105.511 60.364 136
497.320 105.510 60.364 126
497.325 105.504 60.363 85
497.322 105.524 60.365 89
496.290 108.947 60.753 107
496.297 108.940 60.752 157
496.302 108.939 60.752 191
496.306 108.939 60.751 207
496.311 108.940 60.751 207
496.316 108.941 60.751 206
496.320 108.939 60.751 213
496.325 108.940 60.751 212
496.330 108.940 60.751 206
496.334 108.939 60.750 202
496.339 108.940 60.750 206
496.343 108.940 60.750 207
496.348 108.940 60.750 197
496.352 108.942 60.750 212
496.357 108.941 60.750 204
496.362 108.940 60.750 205
496.367 108.940 60.750 209
496.371 108.940 60.749 199
496.375 108.942 60.750 206
496.381 108.940 60.749 206
496.385 108.941 60.749 199
496.390 108.941 60.749 203
496.394 108.942 60.749 203
496.399 108.941 60.749 205
496.404 108.939 60.748 200
496.409 108.940 60.748 203
496.413 108.940 60.748 202
496.418 108.942 60.748 212
496.422 108.942 60.748 208
496.427 108.941 60.748 204
496.432 108.941 60.748 203
496.436 108.942 60.748 195
496.441 108.942 60.748 182
496.445 108.942 60.747 157
496.253 109.633 60.825 120
497.729 104.460 60.242 111
497.730 104.467 60.243 90
497.788 104.336 60.227 108
497.795 104.378 60.232 89
497.799 104.369 60.231 115
497.802 104.368 60.230 118
497.804 104.368 60.230 134
497.805 104.372 60.231 111
497.806 104.379 60.231 115
497.807 104.381 60.232 123
497.810 104.380 60.231 139
497.811 104.386 60.232 108
497.954 104.383 60.228 81
498.021 104.357 60.224 84
497.995 104.509 60.240 86
497.997 104.511 60.240 105
497.999 104.512 60.240 105
498.002 104.509 60.240 91
498.010 104.516 60.241 102
498.012 104.517 60.241 104
496.961 109.331 60.775 86
496.962 109.349 60.777 95
496.809 110.068 60.856 88
496.806 110.104 60.860 85
498.329 103.137 60.087 82
498.015 104.592 60.248 116
498.015 104.600 60.249 142
498.020 104.588 60.248 105
498.022 104.589 60.248 93
498.023 104.595 60.249 91
496.148 108.938 60.752 210
496.152 108.939 60.752 210
496.157 108.938 60.751 206
496.162 108.938 60.751 212
496.167 108.936 60.751 206
496.172 108.937 60.751 210
496.176 108.938 60.751 203
496.181 108.936 60.750 202
496.186 108.938 60.751 201
496.190 108.938 60.750 197
496.194 108.939 60.750 214
496.199 108.938 60.750 215
496.204 108.939 60.750 207
496.209 108.938 60.750 181
496.214 108.938 60.750 154
496.856 106.882 60.517 130
497.285 105.511 60.362 135
497.287 105.513 60.362 134
497.290 105.512 60.362 138
497.294 105.511 60.362 137
497.296 105.512 60.362 135
497.300 105.510 60.362 134
497.302 105.512 60.362 135
497.305 105.512 60.362 132
497.308 105.511 60.361 133
497.310 105.515 60.362 135
497.314 105.510 60.361 136
497.317 105.512 60.361 138
497.319 105.513 60.361 125
497.322 105.514 60.361 87
497.324 105.516 60.361 82
496.292 108.942 60.748 108
496.297 108.940 60.747 155
496.301 108.941 60.747 195
496.306 108.941 60.747 211
496.311 108.939 60.747 200
496.316 108.941 60.747 212
496.320 108.940 60.746 210
496.325 108.941 60.746 206
496.329 108.941 60.746 212
496.334 108.940 60.746 202
496.339 108.939 60.746 203
496.343 108.942 60.746 213
496.348 108.941 60.746 204
496.353 108.940 60.745 210
496.357 108.940 60.745 199
496.362 108.941 60.745 204
496.367 108.940 60.745 199
496.371 108.941 60.745 199
496.376 108.939 60.745 200
496.381 108.940 60.745 202
496.385 108.943 60.745 206
496.390 108.941 60.744 204
496.395 108.939 60.744 197
496.399 108.940 60.744 193
496.404 108.940 60.744 201
496.408 108.942 60.744 202
496.413 108.942 60.744 210
496.417 108.943 60.744 198
496.422 108.942 60.744 202
496.427 108.940 60.743 199
496.432 108.940 60.743 208
496.436 108.942 60.743 188
496.441 108.940 60.743 164
496.445 108.941 60.743 153
496.252 109.638 60.821 103
497.729 104.461 60.240 105
497.733 104.455 60.239 82
497.785 104.338 60.226 87
497.787 104.340 60.226 111
497.790 104.337 60.225 81
497.803 104.372 60.229 82
497.802 104.383 60.230 88
497.805 104.380 60.229 104
497.805 104.389 60.230 89
497.808 104.388 60.230 94
497.811 104.385 60.230 87
497.951 104.375 60.225 86
497.955 104.368 60.224 102
497.956 104.372 60.224 107
497.958 104.373 60.224 101
498.021 104.355 60.221 82
497.997 104.501 60.237 86
497.999 104.505 60.237 105
497.999 104.515 60.238 104
498.000 104.518 60.239 96
498.009 104.519 60.239 100
498.012 104.518 60.238 102
496.963 109.297 60.766 85
496.969 109.294 60.766 108
496.970 109.313 60.768 114
496.969 109.336 60.770 115
496.969 109.358 60.773 116
496.968 109.383 60.775 116
496.810 110.134 60.858 136
498.016 104.595 60.246 146
496.821 110.128 60.857 124
496.984 109.397 60.776 115
496.832 110.125 60.857 103
498.029 104.579 60.244 87
496.687 110.847 60.936 92
497.001 109.406 60.777 100
497.009 109.390 60.775 107
496.867 110.080 60.851 87
497.022 109.374 60.773 103
497.024 109.386 60.774 124
496.148 108.937 60.747 200
496.153 108.937 60.747 209
496.157 108.938 60.747 204
496.162 108.938 60.747 209
496.166 108.938 60.747 207
496.172 108.937 60.746 196
496.176 108.938 60.746 206
496.181 108.938 60.746 197
496.186 108.938 60.746 207
496.189 108.940 60.746 207
496.194 108.938 60.746 204
496.199 108.940 60.746 214
496.204 108.939 60.745 205
496.209 108.937 60.745 190
496.214 108.938 60.745 154
496.644 107.566 60.591 130
497.285 105.512 60.359 135
497.287 105.513 60.359 138
497.290 105.513 60.359 140
497.293 105.512 60.359 139
497.296 105.511 60.359 138
497.299 105.511 60.359 137
497.302 105.511 60.359 136
497.305 105.513 60.359 134
497.308 105.510 60.359 134
497.311 105.512 60.359 137
497.314 105.512 60.358 137
497.317 105.513 60.358 137
497.319 105.514 60.359 125
497.319 105.524 60.360 88
497.116 106.204 60.436 85
496.291 108.943 60.743 108
496.297 108.941 60.743 159
496.301 108.942 60.743 196
496.306 108.940 60.742 207
496.311 108.939 60.742 200
496.316 108.940 60.742 202
496.320 108.941 60.742 208
496.325 108.941 60.742 199
496.330 108.940 60.742 203
496.334 108.939 60.741 209
496.339 108.940 60.741 202
496.343 108.941 60.741 209
496.348 108.940 60.741 200
496.353 108.941 60.741 208
496.357 108.940 60.741 211
496.362 108.941 60.741 204
496.367 108.941 60.741 200
496.372 108.939 60.740 210
496.376 108.940 60.740 199
496.381 108.941 60.740 200
496.385 108.941 60.740 198
496.390 108.942 60.740 191
496.394 108.942 60.740 182
496.399 108.940 60.740 174
496.404 108.941 60.739 174
496.409 108.940 60.739 174
496.413 108.941 60.739 183
496.418 108.941 60.739 184
496.423 108.939 60.739 190
496.428 108.939 60.739 184
496.432 108.940 60.739 186
496.436 108.943 60.739 169
496.441 108.940 60.738 156
496.446 108.940 60.738 143
496.249 109.646 60.817 104
497.729 104.462 60.238 111
497.733 104.457 60.237 99
497.765 104.375 60.228 86
497.769 104.369 60.227 95
497.773 104.372 60.227 98
497.777 104.367 60.227 116
497.779 104.368 60.227 140
497.780 104.372 60.227 134
497.782 104.372 60.227 124
497.809 104.401 60.229 84
497.814 104.415 60.230 91
497.816 104.417 60.231 85
497.951 104.375 60.223 107
497.953 104.374 60.222 140
497.956 104.373 60.222 184
497.958 104.373 60.222 141
497.961 104.372 60.222 82
498.022 104.350 60.218 85
497.999 104.504 60.235 94
497.998 104.516 60.236 82
498.011 104.511 60.235 101
498.013 104.514 60.236 104
496.968 109.276 60.759 87
496.970 109.289 60.761 111
496.970 109.311 60.763 117
496.970 109.333 60.765 121
496.969 109.358 60.768 118
496.968 109.382 60.771 125
496.813 110.118 60.851 141
498.018 104.588 60.243 143
496.978 109.404 60.773 141
496.986 109.387 60.771 140
496.991 109.385 60.770 132
496.993 109.399 60.772 107
496.839 110.138 60.853 95
497.003 109.397 60.771 114
497.010 109.383 60.770 113
497.017 109.373 60.768 105
497.019 109.386 60.770 138
497.024 109.383 60.769 150
496.148 108.938 60.743 205
496.153 108.937 60.742 210
496.157 108.937 60.742 205
496.162 108.938 60.742 209
496.166 108.939 60.742 205
496.172 108.937 60.742 197
496.176 108.937 60.742 203
496.180 108.938 60.742 200
496.186 108.936 60.741 207
496.190 108.938 60.741 205
496.194 108.938 60.741 200
496.199 108.938 60.741 206
496.204 108.939 60.741 212
496.209 108.939 60.741 186
496.213 108.939 60.741 153
496.856 106.884 60.510 132
497.285 105.512 60.357 135
497.287 105.511 60.356 137
497.290 105.514 60.357 137
497.293 105.514 60.357 135
497.295 105.515 60.357 138
497.300 105.509 60.356 139
497.301 105.516 60.356 138
497.305 105.511 60.356 136
497.307 105.516 60.356 136
497.311 105.513 60.356 136
497.314 105.511 60.355 138
497.317 105.511 60.355 140
497.320 105.511 60.355 133
497.322 105.515 60.356 90
497.326 105.510 60.355 87
496.290 108.948 60.739 108
496.297 108.940 60.738 156
496.301 108.941 60.738 193
496.306 108.940 60.738 212
496.311 108.941 60.738 203
496.316 108.941 60.738 207
496.320 108.940 60.737 203
496.325 108.941 60.737 208
496.330 108.939 60.737 204
496.334 108.941 60.737 215
496.339 108.940 60.737 202
496.343 108.940 60.737 201
496.348 108.941 60.737 196
496.353 108.941 60.736 196
496.357 108.942 60.736 201
496.362 108.942 60.736 204
496.367 108.940 60.736 197
496.371 108.941 60.736 196
496.376 108.941 60.736 197
496.380 108.942 60.736 188
496.385 108.940 60.735 178
496.390 108.941 60.735 165
496.394 108.941 60.735 154
496.399 108.940 60.735 136
496.406 108.932 60.734 128
496.409 108.940 60.735 151
496.413 108.940 60.735 154
496.418 108.939 60.734 154
496.423 108.939 60.734 154
496.428 108.939 60.734 150
496.432 108.940 60.734 151
496.435 108.944 60.734 144
496.441 108.941 60.734 140
496.446 108.938 60.733 121
497.730 104.459 60.235 116
497.733 104.456 60.235 109
497.736 104.455 60.234 107
497.740 104.448 60.234 105
497.745 104.440 60.233 96
497.749 104.431 60.232 93
497.760 104.402 60.228 87
497.771 104.379 60.226 104
497.776 104.371 60.225 130
497.778 104.371 60.225 142
497.780 104.373 60.225 140
497.783 104.370 60.224 140
497.784 104.374 60.225 112
497.791 104.372 60.224 100
497.793 104.374 60.225 96
497.797 104.368 60.224 105
497.818 104.428 60.229 81
497.819 104.432 60.230 92
497.821 104.433 60.230 91
497.822 104.439 60.230 85
497.822 104.446 60.231 81
497.950 104.377 60.221 101
497.953 104.374 60.220 124
497.956 104.373 60.220 155
497.958 104.373 60.220 132
498.022 104.351 60.216 86
498.013 104.511 60.233 89
496.806 110.011 60.835 86
496.969 109.295 60.757 108
496.969 109.315 60.759 117
496.969 109.336 60.761 120
496.969 109.359 60.763 119
496.968 109.381 60.766 125
496.810 110.133 60.848 138
498.172 103.878 60.163 138
496.980 109.392 60.767 142
496.987 109.381 60.765 141
496.992 109.384 60.766 141
496.995 109.388 60.766 131
496.842 110.123 60.846 97
496.853 110.096 60.843 101
497.012 109.376 60.764 103
497.015 109.384 60.765 135
497.019 109.387 60.765 155
497.024 109.384 60.765 162
496.148 108.938 60.738 208
496.153 108.937 60.738 200
496.157 108.939 60.738 211
496.162 108.938 60.738 202
496.167 108.937 60.737 204
496.171 108.938 60.737 208
496.176 108.938 60.737 202
496.180 108.939 60.737 204
496.185 108.939 60.737 209
496.190 108.938 60.737 203
496.194 108.938 60.737 204
496.199 108.940 60.737 205
496.204 108.938 60.736 208
496.209 108.939 60.736 187
496.214 108.938 60.736 152
496.644 107.566 60.583 132
497.284 105.512 60.354 133
497.287 105.512 60.354 136
497.291 105.511 60.353 136
497.292 105.515 60.354 135
497.296 105.512 60.353 138
497.299 105.513 60.353 139
497.302 105.511 60.353 138
497.305 105.513 60.353 139
497.307 105.514 60.353 135
497.310 105.513 60.353 136
497.314 105.512 60.353 138
497.317 105.511 60.353 139
497.319 105.514 60.353 131
497.323 105.512 60.353 92
497.322 105.523 60.354 84
496.290 108.947 60.734 107
496.297 108.942 60.734 157
496.301 108.940 60.733 193
496.306 108.941 60.733 207
496.311 108.939 60.733 199
496.316 108.941 60.733 205
496.321 108.939 60.733 192
496.325 108.942 60.733 198
496.330 108.940 60.733 193
496.334 108.942 60.733 197
496.338 108.941 60.732 197
496.343 108.940 60.732 192
496.348 108.941 60.732 193
496.352 108.941 60.732 190
496.357 108.940 60.732 190
496.362 108.939 60.731 190
496.366 108.942 60.732 186
496.371 108.942 60.731 183
496.376 108.939 60.731 178
496.381 108.940 60.731 164
496.385 108.940 60.731 156
496.390 108.942 60.731 140
496.192 109.637 60.808 98
497.898 103.780 60.158 86
497.899 103.784 60.159 93
496.209 109.630 60.807 85
496.214 109.629 60.806 91
496.216 109.640 60.807 87
497.726 104.465 60.233 86
497.729 104.463 60.233 91
497.739 104.452 60.232 88
497.769 104.394 60.225 84
497.774 104.386 60.224 93
497.779 104.375 60.223 104
497.781 104.377 60.223 105
497.782 104.379 60.223 90
497.831 104.450 60.229 83
497.829 104.466 60.231 88
497.831 104.468 60.231 88
497.833 104.469 60.231 83
497.833 104.477 60.232 91
497.835 104.477 60.232 89
497.837 104.478 60.232 84
497.950 104.378 60.218 82
497.955 104.368 60.217 88
497.957 104.369 60.217 100
497.958 104.374 60.218 87
498.021 104.354 60.214 83
496.809 110.042 60.833 85
496.965 109.356 60.759 99
496.965 109.376 60.761 103
496.966 109.390 60.762 111
498.172 103.867 60.160 119
498.177 103.854 60.159 128
496.982 109.386 60.761 140
496.986 109.386 60.761 139
496.990 109.391 60.762 131
496.990 109.413 60.764 109
496.859 110.070 60.835 84
497.010 109.384 60.760 125
497.015 109.384 60.760 150
497.020 109.384 60.760 157
497.024 109.384 60.760 172
496.148 108.936 60.733 204
496.152 108.938 60.733 207
496.157 108.939 60.733 210
496.162 108.938 60.733 202
496.166 108.937 60.733 211
496.171 108.938 60.733 205
496.176 108.938 60.732 213
496.180 108.939 60.732 208
496.185 108.939 60.732 211
496.190 108.937 60.732 207
496.195 108.937 60.732 213
496.199 108.938 60.732 205
496.204 108.938 60.732 210
496.208 108.939 60.732 188
496.213 108.939 60.731 155
496.643 107.569 60.579 134
497.285 105.510 60.351 134
497.288 105.510 60.351 133
497.290 105.513 60.351 136
497.293 105.514 60.351 138
497.296 105.513 60.351 135
497.299 105.514 60.351 139
497.302 105.511 60.350 140
497.304 105.514 60.350 141
497.307 105.514 60.350 139
497.310 105.515 60.350 141
497.314 105.512 60.350 138
497.317 105.513 60.350 141
497.318 105.516 60.350 129
497.322 105.514 60.350 92
497.322 105.522 60.351 86
496.289 108.952 60.730 107
496.297 108.941 60.729 156
496.302 108.940 60.729 200
496.306 108.941 60.729 203
496.311 108.940 60.729 194
496.316 108.939 60.728 193
496.320 108.940 60.728 185
496.325 108.941 60.728 180
496.329 108.941 60.728 180
496.334 108.941 60.728 175
496.339 108.940 60.728 176
496.343 108.941 60.728 170
496.348 108.940 60.727 170
496.353 108.939 60.727 169
496.357 108.941 60.727 160
496.362 108.942 60.727 163
496.367 108.940 60.727 162
496.372 108.938 60.727 156
496.376 108.939 60.727 150
496.381 108.941 60.727 141
496.386 108.936 60.726 128
496.189 109.630 60.802 82
497.837 104.496 60.231 90
497.841 104.491 60.231 91
497.842 104.497 60.231 94
497.843 104.503 60.232 96
497.845 104.503 60.232 93
497.845 104.511 60.233 90
497.846 104.517 60.233 85
498.021 104.356 60.212 83
496.817 110.124 60.837 82
496.980 109.394 60.757 102
496.984 109.394 60.757 108
496.833 110.117 60.836 99
497.006 109.381 60.756 108
497.010 109.383 60.756 140
497.015 109.384 60.756 150
497.019 109.385 60.756 155
497.024 109.385 60.756 164
496.148 108.938 60.729 207
496.152 108.939 60.729 203
496.157 108.939 60.729 209
496.162 108.938 60.728 209
496.167 108.937 60.728 212
496.172 108.937 60.728 210
496.177 108.937 60.728 198
496.181 108.938 60.728 201
496.186 108.938 60.728 202
496.190 108.937 60.727 213
496.194 108.938 60.727 213
496.200 108.938 60.727 203
496.204 108.938 60.727 204
496.208 108.939 60.727 186
496.213 108.940 60.727 157
496.643 107.568 60.575 134
497.285 105.511 60.348 139
497.287 105.513 60.348 136
497.290 105.512 60.348 137
497.293 105.512 60.348 138
497.296 105.512 60.348 137
497.299 105.512 60.347 137
497.301 105.515 60.348 139
497.306 105.510 60.347 138
497.308 105.512 60.347 140
497.310 105.513 60.347 142
497.314 105.512 60.347 137
497.316 105.514 60.347 141
497.320 105.511 60.347 130
497.320 105.522 60.348 93
497.324 105.516 60.347 86
496.291 108.943 60.725 107
496.297 108.941 60.725 155
496.301 108.940 60.724 192
496.306 108.940 60.724 198
496.311 108.940 60.724 191
496.316 108.941 60.724 179
496.321 108.939 60.724 157
496.325 108.940 60.723 146
496.330 108.939 60.723 147
496.334 108.939 60.723 147
496.339 108.939 60.723 151
496.344 108.939 60.723 141
496.348 108.941 60.723 123
496.353 108.939 60.723 120
496.358 108.937 60.722 118
496.362 108.942 60.723 119
496.367 108.941 60.722 132
496.372 108.938 60.722 111
496.378 108.932 60.721 101
497.847 104.514 60.230 92
497.848 104.520 60.231 98
497.849 104.524 60.231 102
497.851 104.527 60.232 98
497.852 104.531 60.232 100
497.855 104.530 60.232 92
497.853 104.545 60.233 85
498.020 104.359 60.210 90
497.008 109.392 60.752 101
497.014 109.389 60.752 117
497.019 109.386 60.751 134
497.024 109.386 60.751 141
